[20:53:47] [main/INFO]: ModLauncher running: args [--username, _MrSeven, --version, neoforge-21.1.248, --gameDir, C:\Users\jackc\curseforge\minecraft\Instances\Vindicterra Modded, --assetsDir, C:\Users\jackc\curseforge\minecraft\Install\assets, --assetIndex, 17, --uuid, 6543db84c1f643fab810050e48061014, --accessToken, ❄❄❄❄❄❄❄❄, --clientId, YmYwOGU5NWEtZDQ3Ni00N2U4LThiODgtYjUzNzZhZWY1Mjhi, --xuid, 2535433877595448, --userType, msa, --versionType, release, --width, 1024, --height, 768, --quickPlayPath, C:\Users\jackc\curseforge\minecraft\Install\quickPlay\java\1786503225355.json, --fml.neoForgeVersion, 21.1.248, --fml.fmlVersion, 4.0.43, --fml.mcVersion, 1.21.1, --fml.neoFormVersion, 20240808.144430, --launchTarget, forgeclient]
[20:53:47] [main/INFO]: JVM identified as Microsoft OpenJDK 64-Bit Server VM 21.0.7+6-LTS
[20:53:47] [main/INFO]: ModLauncher 11.0.5+main.901c6ea8 starting: java version 21.0.7 by Microsoft; OS Windows 10 arch amd64 version 10.0
[20:53:47] [main/INFO]: Searching for graphics cards...
[20:53:48] [main/INFO]: Found graphics adapter: AdapterInfo{vendor=NVIDIA, description='NVIDIA GeForce RTX 2070', adapterType=0x0000030B, openglIcdFilePath='C:\Windows\System32\DriverStore\FileRepository\nv_dispi.inf_amd64_b26cc1edfbb8f4d0\nvoglv64.dll', openglIcdVersion=32.0.16.1074}
[20:53:48] [main/WARN]: Sodium has applied one or more workarounds to prevent crashes or other issues on your system: [NVIDIA_THREADED_OPTIMIZATIONS_BROKEN]
[20:53:48] [main/WARN]: This is not necessarily an issue, but it may result in certain features or optimizations being disabled. You can sometimes fix these issues by upgrading your graphics driver.
[20:53:48] [main/INFO]: Modifying process environment to apply workarounds for the NVIDIA graphics driver...
[20:53:48] [main/INFO]: Loading ImmediateWindowProvider fmlearlywindow
[20:53:48] [main/INFO]: Trying GL version 4.6
[20:53:48] [main/INFO]: Requested GL version 4.6 got version 4.6
[20:53:48] [main/INFO]: SpongePowered MIXIN Subsystem Version=0.8.7 Source=union:/C:/Users/jackc/curseforge/minecraft/Install/libraries/net/fabricmc/sponge-mixin/0.15.2+mixin.0.8.7/sponge-mixin-0.15.2+mixin.0.8.7.jar%23121!/ Service=ModLauncher Env=CLIENT
[20:53:48] [pool-2-thread-1/INFO]: GL info: NVIDIA GeForce RTX 2070/PCIe/SSE2 GL version 4.6.0 NVIDIA 610.74, NVIDIA Corporation
[20:53:49] [main/INFO]: Found mod file "client-1.21.1-20240808.144430-srg.jar" [locator: production client provider +net.neoforged:neoforge:21.1.248:client]
[20:53:49] [main/INFO]: Found mod file "neoforge-21.1.248-universal.jar" [locator: PathBasedLocator[name=neoforge, paths=[C:\Users\jackc\curseforge\minecraft\Install\libraries\net\neoforged\neoforge\21.1.248\neoforge-21.1.248-universal.jar]], reader: mod manifest]
[20:53:49] [main/INFO]: Found mod file "net.caffeinemc.sodium-neoforge-0.8.12+mc1.21.1-mod.jar" [locator: net.caffeinemc.mods.sodium.service.SodiumServiceModLocator@89c65d5, reader: mod manifest]
[20:53:49] [main/INFO]: Found mod file "fabric-rendering-data-attachment-v1-0.3.48+73761d2e19.jar" [locator: net.caffeinemc.mods.sodium.service.SodiumServiceModLocator@89c65d5, reader: mod manifest]
[20:53:49] [main/INFO]: Found mod file "fabric-renderer-api-v1-3.4.1+9125b6dc19.jar" [locator: net.caffeinemc.mods.sodium.service.SodiumServiceModLocator@89c65d5, reader: mod manifest]
[20:53:49] [main/INFO]: Found mod file "fabric-block-view-api-v2-1.0.10+9afaaf8c19.jar" [locator: net.caffeinemc.mods.sodium.service.SodiumServiceModLocator@89c65d5, reader: mod manifest]
[20:53:49] [main/INFO]: Found mod file "fabric-api-base-0.4.42+d1308ded19.jar" [locator: net.caffeinemc.mods.sodium.service.SodiumServiceModLocator@89c65d5, reader: mod manifest]
[20:53:49] [main/INFO]: Found mod file "almostunified-neoforge-1.21.1-1.4.2.jar" [locator: {mods folder locator at C:\Users\jackc\curseforge\minecraft\Instances\Vindicterra Modded\mods}, reader: mod manifest]
[20:53:49] [main/INFO]: Found mod file "appleskin-neoforge-mc1.21-3.0.9.jar" [locator: {mods folder locator at C:\Users\jackc\curseforge\minecraft\Instances\Vindicterra Modded\mods}, reader: mod manifest]
[20:53:49] [main/INFO]: Found mod file "atlas_api-1.21.1-1.2.0.jar" [locator: {mods folder locator at C:\Users\jackc\curseforge\minecraft\Instances\Vindicterra Modded\mods}, reader: mod manifest]
[20:53:49] [main/INFO]: Found mod file "balm-neoforge-1.21.1-21.0.64.jar" [locator: {mods folder locator at C:\Users\jackc\curseforge\minecraft\Instances\Vindicterra Modded\mods}, reader: mod manifest]
[20:53:49] [main/INFO]: Found mod file "bellsandwhistles-0.4.7-1.21.1.jar" [locator: {mods folder locator at C:\Users\jackc\curseforge\minecraft\Instances\Vindicterra Modded\mods}, reader: mod manifest]
[20:53:49] [main/INFO]: Found mod file "Clumps-neoforge-1.21.1-19.0.0.1.jar" [locator: {mods folder locator at C:\Users\jackc\curseforge\minecraft\Instances\Vindicterra Modded\mods}, reader: mod manifest]
[20:53:49] [main/INFO]: Found mod file "Controlling-neoforge-1.21.1-19.0.5.jar" [locator: {mods folder locator at C:\Users\jackc\curseforge\minecraft\Instances\Vindicterra Modded\mods}, reader: mod manifest]
[20:53:49] [main/INFO]: Found mod file "cookingforblockheads-neoforge-1.21.1-21.1.24.jar" [locator: {mods folder locator at C:\Users\jackc\curseforge\minecraft\Instances\Vindicterra Modded\mods}, reader: mod manifest]
[20:53:49] [main/INFO]: Found mod file "copycats-3.0.4+mc.1.21.1-neoforge.jar" [locator: {mods folder locator at C:\Users\jackc\curseforge\minecraft\Instances\Vindicterra Modded\mods}, reader: mod manifest]
[20:53:49] [main/INFO]: Found mod file "create-1.21.1-6.0.10.jar" [locator: {mods folder locator at C:\Users\jackc\curseforge\minecraft\Instances\Vindicterra Modded\mods}, reader: mod manifest]
[20:53:49] [main/INFO]: Found mod file "create-aeronautics-bundled-1.21.1-1.3.0.jar" [locator: {mods folder locator at C:\Users\jackc\curseforge\minecraft\Instances\Vindicterra Modded\mods}, reader: mod manifest]
[20:53:49] [main/INFO]: Found mod file "create-enchantment-industry-2.4.2.jar" [locator: {mods folder locator at C:\Users\jackc\curseforge\minecraft\Instances\Vindicterra Modded\mods}, reader: mod manifest]
[20:53:49] [main/INFO]: Found mod file "create-gunsmithing-1.21.1-1.4.9.jar" [locator: {mods folder locator at C:\Users\jackc\curseforge\minecraft\Instances\Vindicterra Modded\mods}, reader: mod manifest]
[20:53:49] [main/INFO]: Found mod file "create_bic_bit-1.0.2C.jar" [locator: {mods folder locator at C:\Users\jackc\curseforge\minecraft\Instances\Vindicterra Modded\mods}, reader: mod manifest]
[20:53:49] [main/INFO]: Found mod file "create_connected-1.3.2-mc1.21.1.jar" [locator: {mods folder locator at C:\Users\jackc\curseforge\minecraft\Instances\Vindicterra Modded\mods}, reader: mod manifest]
[20:53:49] [main/INFO]: Found mod file "create_factory-0.7a-1.21.1.jar" [locator: {mods folder locator at C:\Users\jackc\curseforge\minecraft\Instances\Vindicterra Modded\mods}, reader: mod manifest]
[20:53:49] [main/INFO]: Found mod file "create_oxidized-0.1.3.jar" [locator: {mods folder locator at C:\Users\jackc\curseforge\minecraft\Instances\Vindicterra Modded\mods}, reader: mod manifest]
[20:53:49] [main/INFO]: Found mod file "create_stats-1.1.31SJ.jar" [locator: {mods folder locator at C:\Users\jackc\curseforge\minecraft\Instances\Vindicterra Modded\mods}, reader: mod manifest]
[20:53:49] [main/INFO]: Found mod file "create_ultimate_factory-2.2.4-neoforge-1.21.1.jar" [locator: {mods folder locator at C:\Users\jackc\curseforge\minecraft\Instances\Vindicterra Modded\mods}, reader: mod manifest]
[20:53:49] [main/INFO]: Found mod file "create_winery-2.0.2-neoforge-1.21.1.jar" [locator: {mods folder locator at C:\Users\jackc\curseforge\minecraft\Instances\Vindicterra Modded\mods}, reader: mod manifest]
[20:53:49] [main/INFO]: Found mod file "createbetterfps-1.21.1-1.1.4.jar" [locator: {mods folder locator at C:\Users\jackc\curseforge\minecraft\Instances\Vindicterra Modded\mods}, reader: mod manifest]
[20:53:49] [main/INFO]: Found mod file "createbigcannons-5.11.7+mc.1.21.1.jar" [locator: {mods folder locator at C:\Users\jackc\curseforge\minecraft\Instances\Vindicterra Modded\mods}, reader: mod manifest]
[20:53:49] [main/INFO]: Found mod file "createclothes-1.0-1.21.1.jar" [locator: {mods folder locator at C:\Users\jackc\curseforge\minecraft\Instances\Vindicterra Modded\mods}, reader: mod manifest]
[20:53:49] [main/INFO]: Found mod file "createdeco-2.1.3.jar" [locator: {mods folder locator at C:\Users\jackc\curseforge\minecraft\Instances\Vindicterra Modded\mods}, reader: mod manifest]
[20:53:49] [main/INFO]: Found mod file "CreateDragonsPlus-1.11.7.jar" [locator: {mods folder locator at C:\Users\jackc\curseforge\minecraft\Instances\Vindicterra Modded\mods}, reader: mod manifest]
[20:53:49] [main/INFO]: Found mod file "createimmersivearmorerintegration-1.1-1.21.1-neoforge.jar" [locator: {mods folder locator at C:\Users\jackc\curseforge\minecraft\Instances\Vindicterra Modded\mods}, reader: mod manifest]
[20:53:49] [main/INFO]: Found mod file "createimmersivetacz-1.6-neoforge.jar" [locator: {mods folder locator at C:\Users\jackc\curseforge\minecraft\Instances\Vindicterra Modded\mods}, reader: mod manifest]
[20:53:49] [main/INFO]: Found mod file "createmetalwork-2.0.0.jar" [locator: {mods folder locator at C:\Users\jackc\curseforge\minecraft\Instances\Vindicterra Modded\mods}, reader: mod manifest]
[20:53:49] [main/INFO]: Found mod file "CreateNumismatics-1.0.20+neoforge-mc1.21.1.jar" [locator: {mods folder locator at C:\Users\jackc\curseforge\minecraft\Instances\Vindicterra Modded\mods}, reader: mod manifest]
[20:53:49] [main/INFO]: Found mod file "createtea1.21.1-neo_forge-1.0.jar" [locator: {mods folder locator at C:\Users\jackc\curseforge\minecraft\Instances\Vindicterra Modded\mods}, reader: mod manifest]
[20:53:49] [main/INFO]: Found mod file "createthreadedtrains-neoforge-1.21.1-1.0.0.jar" [locator: {mods folder locator at C:\Users\jackc\curseforge\minecraft\Instances\Vindicterra Modded\mods}, reader: mod manifest]
[20:53:49] [main/INFO]: Found mod file "createtransmission-1.2.1+neoforge-create6-1.21.1.jar" [locator: {mods folder locator at C:\Users\jackc\curseforge\minecraft\Instances\Vindicterra Modded\mods}, reader: mod manifest]
[20:53:49] [main/INFO]: Found mod file "createunlimitedlogistics-1.2.1.jar" [locator: {mods folder locator at C:\Users\jackc\curseforge\minecraft\Instances\Vindicterra Modded\mods}, reader: mod manifest]
[20:53:49] [main/INFO]: Found mod file "curios-neoforge-9.5.1+1.21.1.jar" [locator: {mods folder locator at C:\Users\jackc\curseforge\minecraft\Instances\Vindicterra Modded\mods}, reader: mod manifest]
[20:53:49] [main/INFO]: Found mod file "DnDesires-1.21.1-2.3a-BETA.jar" [locator: {mods folder locator at C:\Users\jackc\curseforge\minecraft\Instances\Vindicterra Modded\mods}, reader: mod manifest]
[20:53:49] [main/INFO]: Found mod file "geckolib-neoforge-1.21.1-4.9.2.jar" [locator: {mods folder locator at C:\Users\jackc\curseforge\minecraft\Instances\Vindicterra Modded\mods}, reader: mod manifest]
[20:53:49] [main/INFO]: Found mod file "ImmersiveEngineering-1.21.1-12.4.2-194.jar" [locator: {mods folder locator at C:\Users\jackc\curseforge\minecraft\Instances\Vindicterra Modded\mods}, reader: mod manifest]
[20:53:49] [main/INFO]: Found mod file "irons_jewelry-1.21.1-2.0.2.jar" [locator: {mods folder locator at C:\Users\jackc\curseforge\minecraft\Instances\Vindicterra Modded\mods}, reader: mod manifest]
[20:53:49] [main/INFO]: Found mod file "irons_lib-1.21.1-2.1.0.jar" [locator: {mods folder locator at C:\Users\jackc\curseforge\minecraft\Instances\Vindicterra Modded\mods}, reader: mod manifest]
[20:53:49] [main/INFO]: Found mod file "irons_spellbooks-1.21.1-3.16.2.jar" [locator: {mods folder locator at C:\Users\jackc\curseforge\minecraft\Instances\Vindicterra Modded\mods}, reader: mod manifest]
[20:53:49] [main/INFO]: Found mod file "Jade-1.21.1-NeoForge-15.10.6.jar" [locator: {mods folder locator at C:\Users\jackc\curseforge\minecraft\Instances\Vindicterra Modded\mods}, reader: mod manifest]
[20:53:49] [main/INFO]: Found mod file "jei-1.21.1-neoforge-19.27.0.336.jar" [locator: {mods folder locator at C:\Users\jackc\curseforge\minecraft\Instances\Vindicterra Modded\mods}, reader: mod manifest]
[20:53:49] [main/INFO]: Found mod file "journeymap-neoforge-1.21.1-6.0.4.jar" [locator: {mods folder locator at C:\Users\jackc\curseforge\minecraft\Instances\Vindicterra Modded\mods}, reader: mod manifest]
[20:53:49] [main/INFO]: Found mod file "justzoom_neoforge_2.1.0_MC_1.21.1.jar" [locator: {mods folder locator at C:\Users\jackc\curseforge\minecraft\Instances\Vindicterra Modded\mods}, reader: mod manifest]
[20:53:49] [main/INFO]: Found mod file "konkrete_neoforge_1.9.9_MC_1.21.jar" [locator: {mods folder locator at C:\Users\jackc\curseforge\minecraft\Instances\Vindicterra Modded\mods}, reader: mod manifest]
[20:53:49] [main/INFO]: Found mod file "moreoverlays-1.24.2-mc1.21.1-neoforge.jar" [locator: {mods folder locator at C:\Users\jackc\curseforge\minecraft\Instances\Vindicterra Modded\mods}, reader: mod manifest]
[20:53:49] [main/INFO]: Found mod file "MouseTweaks-neoforge-mc1.21-2.26.1.jar" [locator: {mods folder locator at C:\Users\jackc\curseforge\minecraft\Instances\Vindicterra Modded\mods}, reader: mod manifest]
[20:53:49] [main/INFO]: Found mod file "NoChatReports-NEOFORGE-1.21.1-v2.9.1.jar" [locator: {mods folder locator at C:\Users\jackc\curseforge\minecraft\Instances\Vindicterra Modded\mods}, reader: mod manifest]
[20:53:49] [main/INFO]: Found mod file "ntgl-1.21.1-3.2.0.jar" [locator: {mods folder locator at C:\Users\jackc\curseforge\minecraft\Instances\Vindicterra Modded\mods}, reader: mod manifest]
[20:53:49] [main/INFO]: Found mod file "numismaticsutils-2.2-1.21.1.jar" [locator: {mods folder locator at C:\Users\jackc\curseforge\minecraft\Instances\Vindicterra Modded\mods}, reader: mod manifest]
[20:53:49] [main/INFO]: Found mod file "pamhc2crops-NEOFORGE-1.21.1-1.0.9.jar" [locator: {mods folder locator at C:\Users\jackc\curseforge\minecraft\Instances\Vindicterra Modded\mods}, reader: mod manifest]
[20:53:49] [main/INFO]: Found mod file "pamhc2foodcore-NEOFORGE-1.21.1-1.0.4.jar" [locator: {mods folder locator at C:\Users\jackc\curseforge\minecraft\Instances\Vindicterra Modded\mods}, reader: mod manifest]
[20:53:49] [main/INFO]: Found mod file "Patchouli-1.21.1-93-NEOFORGE.jar" [locator: {mods folder locator at C:\Users\jackc\curseforge\minecraft\Instances\Vindicterra Modded\mods}, reader: mod manifest]
[20:53:49] [main/INFO]: Found mod file "Placebo-1.21.1-9.9.2.jar" [locator: {mods folder locator at C:\Users\jackc\curseforge\minecraft\Instances\Vindicterra Modded\mods}, reader: mod manifest]
[20:53:49] [main/INFO]: Found mod file "player-animation-lib-forge-2.0.4+1.21.1.jar" [locator: {mods folder locator at C:\Users\jackc\curseforge\minecraft\Instances\Vindicterra Modded\mods}, reader: mod manifest]
[20:53:49] [main/INFO]: Found mod file "polymorph-neoforge-1.1.0+1.21.1.jar" [locator: {mods folder locator at C:\Users\jackc\curseforge\minecraft\Instances\Vindicterra Modded\mods}, reader: mod manifest]
[20:53:49] [main/INFO]: Found mod file "Psi-1.21.1-108.jar" [locator: {mods folder locator at C:\Users\jackc\curseforge\minecraft\Instances\Vindicterra Modded\mods}, reader: mod manifest]
[20:53:49] [main/INFO]: Found mod file "ritchiesprojectilelib-2.1.2-mc.1.21.1-neoforge.jar" [locator: {mods folder locator at C:\Users\jackc\curseforge\minecraft\Instances\Vindicterra Modded\mods}, reader: mod manifest]
[20:53:49] [main/INFO]: Found mod file "sable-neoforge-1.21.1-2.0.3.jar" [locator: {mods folder locator at C:\Users\jackc\curseforge\minecraft\Instances\Vindicterra Modded\mods}, reader: mod manifest]
[20:53:49] [main/INFO]: Found mod file "Searchables-neoforge-1.21.1-1.0.2.jar" [locator: {mods folder locator at C:\Users\jackc\curseforge\minecraft\Instances\Vindicterra Modded\mods}, reader: mod manifest]
[20:53:49] [main/INFO]: Found mod file "Slag-n-Embers-1.21.1-1.1a.jar" [locator: {mods folder locator at C:\Users\jackc\curseforge\minecraft\Instances\Vindicterra Modded\mods}, reader: mod manifest]
[20:53:49] [main/INFO]: Found mod file "Slag-n-Embers-Create-Compat-1.21.1-1.0a.jar" [locator: {mods folder locator at C:\Users\jackc\curseforge\minecraft\Instances\Vindicterra Modded\mods}, reader: mod manifest]
[20:53:49] [main/INFO]: Found mod file "spark-1.10.124-neoforge.jar" [locator: {mods folder locator at C:\Users\jackc\curseforge\minecraft\Instances\Vindicterra Modded\mods}, reader: mod manifest]
[20:53:49] [main/INFO]: Found mod file "tacz-neoforge-1.21.1-1.1.8-hotfix-r6.jar" [locator: {mods folder locator at C:\Users\jackc\curseforge\minecraft\Instances\Vindicterra Modded\mods}, reader: mod manifest]
[20:53:49] [main/INFO]: Found mod file "tfmg-1.2.0.jar" [locator: {mods folder locator at C:\Users\jackc\curseforge\minecraft\Instances\Vindicterra Modded\mods}, reader: mod manifest]
[20:53:49] [main/INFO]: Found mod file "ToastControl-1.21.1-9.0.1.jar" [locator: {mods folder locator at C:\Users\jackc\curseforge\minecraft\Instances\Vindicterra Modded\mods}, reader: mod manifest]
[20:53:49] [main/INFO]: Found mod file "voicechat-neoforge-1.21.1-2.6.22.jar" [locator: {mods folder locator at C:\Users\jackc\curseforge\minecraft\Instances\Vindicterra Modded\mods}, reader: mod manifest]
[20:53:50] [main/INFO]: Found 26 dependencies adding them to mods collection
[20:53:50] [main/INFO]: Found gamelibrary file "mixinextras-neoforge-0.5.3.jar" [parent: neoforge-21.1.248-universal.jar, locator: jarinjar, reader: mod manifest]
[20:53:50] [main/INFO]: Found mod file "kuma-api-neoforge-21.0.8+1.21.jar" [parent: balm-neoforge-1.21.1-21.0.64.jar, locator: jarinjar, reader: mod manifest]
[20:53:50] [main/INFO]: Found library file "luaj-core-3.0.8-figura.jar" [parent: tacz-neoforge-1.21.1-1.1.8-hotfix-r6.jar, locator: jarinjar]
[20:53:50] [main/INFO]: Found library file "BlockModelSplitter-2.0.1.jar" [parent: ImmersiveEngineering-1.21.1-12.4.2-194.jar, locator: jarinjar, reader: mod manifest]
[20:53:50] [main/INFO]: Found gamelibrary file "dev.ryanhcode.sable.sable-sable_rapier-1.21.1-2.0.3.jar" [parent: sable-neoforge-1.21.1-2.0.3.jar, locator: jarinjar, reader: mod manifest]
[20:53:50] [main/INFO]: Found library file "glsl-processor-0.2.3.jar" [parent: veil-neoforge-1.21.1-4.1.4.jar, locator: jarinjar]
[20:53:50] [main/INFO]: Found mod file "ponder-neoforge-1.0.82+mc1.21.1.jar" [parent: create-1.21.1-6.0.10.jar, locator: jarinjar, reader: mod manifest]
[20:53:50] [main/INFO]: Found library file "net.neoforged.neoforge-coremods-21.1.248.jar" [parent: neoforge-21.1.248-universal.jar, locator: jarinjar, reader: mod manifest]
[20:53:50] [main/INFO]: Found library file "pngj-2.1.0.jar" [parent: journeymap-neoforge-1.21.1-6.0.4.jar, locator: jarinjar]
[20:53:50] [main/INFO]: Found library file "mae-1.1.2.jar" [parent: simplebedrockmodel-2.2.1-neoforge+mc1.21.1.jar, locator: jarinjar]
[20:53:50] [main/INFO]: Found library file "bcel-6.6.1.jar" [parent: tacz-neoforge-1.21.1-1.1.8-hotfix-r6.jar, locator: jarinjar]
[20:53:50] [main/INFO]: Found mod file "dev.eriksonn.aeronautics.aeronautics-neoforge-1.21.1-1.3.0.jar" [parent: create-aeronautics-bundled-1.21.1-1.3.0.jar, locator: jarinjar, reader: mod manifest]
[20:53:50] [main/INFO]: Found library file "luaj-jse-3.0.8-figura.jar" [parent: tacz-neoforge-1.21.1-1.1.8-hotfix-r6.jar, locator: jarinjar]
[20:53:50] [main/INFO]: Found mod file "common-networking-neoforge-1.0.21-1.21.1.jar" [parent: journeymap-neoforge-1.21.1-6.0.4.jar, locator: jarinjar, reader: mod manifest]
[20:53:50] [main/INFO]: Found mod file "flywheel-neoforge-1.21.1-1.0.6.jar" [parent: Slag-n-Embers-1.21.1-1.1a.jar, locator: jarinjar, reader: mod manifest]
[20:53:50] [main/INFO]: Found mod file "sable-companion-common-1.21.1-1.6.0.jar" [parent: create_stats-1.1.31SJ.jar, locator: jarinjar, reader: mod manifest]
[20:53:50] [main/INFO]: Found mod file "simplebedrockmodel-2.2.1-neoforge+mc1.21.1.jar" [parent: tacz-neoforge-1.21.1-1.1.8-hotfix-r6.jar, locator: jarinjar, reader: mod manifest]
[20:53:50] [main/INFO]: Found library file "commons-math3-3.6.1.jar" [parent: tacz-neoforge-1.21.1-1.1.8-hotfix-r6.jar, locator: jarinjar]
[20:53:50] [main/INFO]: Found mod file "veil-neoforge-1.21.1-4.1.4.jar" [parent: sable-neoforge-1.21.1-2.0.3.jar, locator: jarinjar, reader: mod manifest]
[20:53:50] [main/INFO]: Found mod file "dev.simulated_team.simulated.simulated-neoforge-1.21.1-1.3.0.jar" [parent: create-aeronautics-bundled-1.21.1-1.3.0.jar, locator: jarinjar, reader: mod manifest]
[20:53:50] [main/INFO]: Found mod file "conditional-mixin-neoforge-0.6.4.jar" [parent: CreateDragonsPlus-1.11.7.jar, locator: jarinjar, reader: mod manifest]
[20:53:50] [main/INFO]: Found library file "molang-compiler-3.1.1.19.jar" [parent: veil-neoforge-1.21.1-4.1.4.jar, locator: jarinjar]
[20:53:50] [main/INFO]: Found gamelibrary file "DualCodecs-0.1.2.jar" [parent: ImmersiveEngineering-1.21.1-12.4.2-194.jar, locator: jarinjar, reader: mod manifest]
[20:53:50] [main/INFO]: Found gamelibrary file "Registrate-MC1.21-1.3.0+67.jar" [parent: create-1.21.1-6.0.10.jar, locator: jarinjar, reader: mod manifest]
[20:53:50] [main/INFO]: Found mod file "journeymap-api-neoforge-2.0.0-1.21.1.jar" [parent: journeymap-neoforge-1.21.1-6.0.4.jar, locator: jarinjar, reader: mod manifest]
[20:53:50] [main/INFO]: Found mod file "dev.ryanhcode.offroad.offroad-neoforge-1.21.1-1.3.0.jar" [parent: create-aeronautics-bundled-1.21.1-1.3.0.jar, locator: jarinjar, reader: mod manifest]
[20:53:50] [main/INFO]: 
     Mod List:
		Name Version (Mod Id)

		AlmostUnified 1.21.1-1.4.2 (almostunified)
		AppleSkin 3.0.9+mc1.21 (appleskin)
		Atlas API 1.21.1-1.2.0 (atlas_api)
		Balm 21.0.64 (balm)
		Clumps 19.0.0.1 (clumps)
		Common Networking 1.0.21-1.21.1 (commonnetworking)
		conditional mixin 0.6.4 (conditional_mixin)
		Controlling 19.0.5 (controlling)
		Cooking for Blockheads 21.1.24 (cookingforblockheads)
		Create 6.0.10 (create)
		Create Aeronautics 1.3.0 (aeronautics_bundled)
		Create Aeronautics 1.3.0 (aeronautics)
		Create Big Cannons 5.11.7 (createbigcannons)
		Create Clothes 1.0-1.21.1 (createclothes)
		Create Deco 2.1.3 (createdeco)
		Create delicious teas 1.0 (createtea)
		Create Immersive Armorer Integration 1.1-1.21.1-neoforge (createimmersivearmorerintegration)
		Create Immersive TaCZ 1.6-neoforge (createimmersivetacz)
		Create Offroad 1.3.0 (offroad)
		Create Simulated 1.3.0 (simulated)
		Create Stats and Numbers 1.1.31SJ (create_stats)
		Create: Bells & Whistles 0.4.7-1.21.1 (bellsandwhistles)
		Create: Bitterballen 1.0.2C (create_bic_bit)
		Create: Connected 1.3.2-mc1.21.1 (create_connected)
		Create: Copycats+ 3.0.4+mc.1.21.1-neoforge (copycats)
		Create: Dragons Plus 1.11.7 (create_dragons_plus)
		Create: Dreams n' Desires 2.3a-BETA (dndesires)
		Create: Enchantment Industry 2.4.2 (create_enchantment_industry)
		Create: Factory 0.7a-1.21.1 (create_factory)
		Create: Gunsmithing 1.4.9 (cgs)
		Create: Metalwork 2.0.0 (createmetalwork)
		Create: Numismatics 1.0.20+neoforge-mc1.21.1 (numismatics)
		Create: Numismatics Utils 2.2-1.21.1 (numismaticsutils)
		Create: Oxidized 0.1.3 (create_oxidized)
		Create: The Factory Must Grow 1.2.0 (tfmg)
		Create: Threaded Trains 1.0.0 (createthreadedtrains)
		Create: Transmission 1.2.1+neoforge-create6-1.21.1 (createtransmission)
		Create: Ultimate Factory 2.2.4 (create_ultimate_factory)
		Create: Unlimited Logistics 1.2.1 (createunlimitedlogistics)
		Create: Winery 2.0.2 (create_winery)
		CreateBetterFps 1.1.4 (createbetterfps)
		Curios API 9.5.1+1.21.1 (curios)
		Flywheel 1.0.6 (flywheel)
		Forgified Fabric API Base 0.4.42+d1308ded19 (fabric_api_base)
		Forgified Fabric BlockView API (v2) 1.0.10+9afaaf8c19 (fabric_block_view_api_v2)
		Forgified Fabric Renderer API (v1) 3.4.1+9125b6dc19 (fabric_renderer_api_v1)
		Forgified Fabric Rendering Data Attachment (v1) 0.3.48+73761d2e19 (fabric_rendering_data_attachment_v1)
		GeckoLib 4 4.9.2 (geckolib)
		Immersive Engineering 12.4.2-194 (immersiveengineering)
		Iron's Gems 'n Jewelry 1.21.1-2.0.2 (irons_jewelry)
		Iron's Lib 1.21.1-2.1.0 (irons_lib)
		Iron's Spells 'n Spellbooks 1.21.1-3.16.2 (irons_spellbooks)
		Jade 15.10.6+neoforge (jade)
		Journeymap 1.21.1-6.0.4 (journeymap)
		JourneyMap API 2.0.0-1.21.1 (journeymap_api)
		Just Enough Items 19.27.0.336 (jei)
		Just Zoom 2.1.0 (justzoom)
		Konkrete 1.9.9 (konkrete)
		KumaAPI 21.0.8 (kuma_api)
		Minecraft 1.21.1 (minecraft)
		More Overlays Updated 1.24.2 (moreoverlays)
		Mouse Tweaks 2.26.1 (mousetweaks)
		NeoForge 21.1.248 (neoforge)
		No Chat Reports 1.21.1-v2.9.1 (nochatreports)
		NukaTeam's Gun Lib 3.2.0 (ntgl)
		Pam's HarvestCraft - Crops 1.0.9 (pamhc2crops)
		Pam's HarvestCraft - Food Core 1.0.4 (pamhc2foodcore)
		Patchouli 1.21.1-93-NEOFORGE (patchouli)
		Placebo 9.9.2 (placebo)
		Player Animator 2.0.4+1.21.1 (playeranimator)
		Polymorph 1.1.0+1.21.1 (polymorph)
		Ponder 1.0.82+mc1.21.1 (ponder)
		Psi 1.21.1-108 (psi)
		Ritchie's Projectile Library 2.1.2 (ritchiesprojectilelib)
		Sable 2.0.3 (sable)
		Sable Companion 1.6.0 (sablecompanion)
		Searchables 1.0.2 (searchables)
		Simple Voice Chat 1.21.1-2.6.22 (voicechat)
		SimpleBedrockModel 2.2.1-neoforge+mc1.21.1 (simplebedrockmodel)
		Slag n' Embers 1.1a (slag)
		Slag n' Embers Create Compat 1.0a (slag_create)
		Sodium 0.8.12+mc1.21.1 (sodium)
		spark 1.10.124 (spark)
		Timeless & Classics Guns: Zero 1.1.8-hotfix-r6 (tacz)
		Toast Control 9.0.1 (toastcontrol)
		Veil 4.1.4 (veil)
[20:53:51] [main/INFO]: Compatibility level set to JAVA_17
[20:53:51] [main/INFO]: Compatibility level set to JAVA_21
[20:53:52] [main/INFO]: Launching target 'forgeclient' with arguments [--version, neoforge-21.1.248, --gameDir, C:\Users\jackc\curseforge\minecraft\Instances\Vindicterra Modded, --assetsDir, C:\Users\jackc\curseforge\minecraft\Install\assets, --uuid, 6543db84c1f643fab810050e48061014, --username, _MrSeven, --assetIndex, 17, --accessToken, ❄❄❄❄❄❄❄❄, --clientId, YmYwOGU5NWEtZDQ3Ni00N2U4LThiODgtYjUzNzZhZWY1Mjhi, --xuid, 2535433877595448, --userType, msa, --versionType, release, --width, 1024, --height, 768, --quickPlayPath, C:\Users\jackc\curseforge\minecraft\Install\quickPlay\java\1786503225355.json]
[20:53:52] [main/WARN]: Reference map 'kuma_api.refmap.json' for kuma_api.mixins.json could not be read. If this is a development environment you can ignore this message
[20:53:52] [main/WARN]: Reference map 'geckolib.refmap.json' for geckolib.mixins.json could not be read. If this is a development environment you can ignore this message
[20:53:52] [main/WARN]: Reference map 'irons_lib.refmap.json' for irons_lib.mixins.json could not be read. If this is a development environment you can ignore this message
[20:53:52] [main/WARN]: Reference map 'aeronautics.refmap.json' for aeronautics.mixins.json could not be read. If this is a development environment you can ignore this message
[20:53:52] [main/WARN]: Reference map 'tacz.refmap.json' for tacz.mixins.json could not be read. If this is a development environment you can ignore this message
[20:53:52] [main/WARN]: Reference map 'tacz.refmap.json' for tacz.compat.acceleratedrendering.mixins.json could not be read. If this is a development environment you can ignore this message
[20:53:52] [main/WARN]: Reference map 'ntgl.mixin-refmap.json' for ntgl.mixin.json could not be read. If this is a development environment you can ignore this message
[20:53:52] [main/WARN]: Reference map 'clumps.refmap.json' for clumps.mixins.json could not be read. If this is a development environment you can ignore this message
[20:53:52] [main/WARN]: Reference map 'cookingforblockheads.refmap.json' for cookingforblockheads.mixins.json could not be read. If this is a development environment you can ignore this message
[20:53:52] [main/WARN]: Reference map 'controlling.refmap.json' for controlling.mixins.json could not be read. If this is a development environment you can ignore this message
[20:53:52] [main/WARN]: Reference map 'controlling.refmap.json' for controlling.neoforge.mixins.json could not be read. If this is a development environment you can ignore this message
[20:53:52] [main/WARN]: Reference map 'placebo.refmap.json' for placebo.mixins.json could not be read. If this is a development environment you can ignore this message
[20:53:52] [main/WARN]: Reference map 'createbitterballen.refmap.json' for create_bic_bit.mixins.json could not be read. If this is a development environment you can ignore this message
[20:53:52] [main/WARN]: Reference map 'simulated.refmap.json' for simulated.mixins.json could not be read. If this is a development environment you can ignore this message
[20:53:52] [main/WARN]: Reference map 'balm.refmap.json' for balm.mixins.json could not be read. If this is a development environment you can ignore this message
[20:53:52] [main/INFO]: Loaded configuration file for Sodium: 45 options available, 0 override(s) found
[20:53:52] [main/WARN]: Reference map 'createbetterfps.refmap.json' for createbetterfps.mixins.json could not be read. If this is a development environment you can ignore this message
[20:53:52] [main/WARN]: Reference map 'tfmg.refmap.json' for tfmg.mixins.json could not be read. If this is a development environment you can ignore this message
[20:53:52] [main/WARN]: Reference map 'konkrete.refmap.json' for konkrete.mixins.json could not be read. If this is a development environment you can ignore this message
[20:53:52] [main/WARN]: Reference map 'konkrete.refmap.json' for konkrete.neoforge.mixins.json could not be read. If this is a development environment you can ignore this message
[20:53:52] [main/WARN]: Reference map 'offroad.refmap.json' for offroad.mixins.json could not be read. If this is a development environment you can ignore this message
[20:53:52] [main/WARN]: Reference map 'create_connected.refmap.json' for create_connected.mixins.json could not be read. If this is a development environment you can ignore this message
[20:53:52] [main/WARN]: Reference map 'nochatreports.refmap.json' for mixins/common/nochatreports.mixins.json could not be read. If this is a development environment you can ignore this message
[20:53:52] [main/WARN]: Reference map 'ponder.refmap.json' for ponder-common.mixins.json could not be read. If this is a development environment you can ignore this message
[20:53:52] [main/WARN]: Reference map 'cgs.mixin-refmap.json' for cgs.mixin.json could not be read. If this is a development environment you can ignore this message
[20:53:52] [main/WARN]: Reference map 'dndesires.refmap.json' for dndesires.mixins.json could not be read. If this is a development environment you can ignore this message
[20:53:52] [main/INFO]: Using Sodium renderer mixins
[20:53:52] [main/INFO]: Using Sodium renderer mixins
[20:53:52] [main/WARN]: Reference map 'curios.refmap.json' for curios.neoforge.mixins.json could not be read. If this is a development environment you can ignore this message
[20:53:52] [main/WARN]: Reference map 'curios.refmap.json' for curios.mixins.json could not be read. If this is a development environment you can ignore this message
[20:53:52] [main/WARN]: Reference map 'patchouli.refmap.json' for patchouli_xplat.mixins.json could not be read. If this is a development environment you can ignore this message
[20:53:52] [main/WARN]: Reference map 'simplebedrockmodel.refmap.json' for simplebedrockmodel.mixins.json could not be read. If this is a development environment you can ignore this message
[20:53:52] [main/WARN]: Reference map 'polymorph.refmap.json' for polymorph.mixins.json could not be read. If this is a development environment you can ignore this message
[20:53:52] [main/WARN]: Reference map 'polymorph.refmap.json' for polymorph-compatibility.mixins.json could not be read. If this is a development environment you can ignore this message
[20:53:52] [main/WARN]: Reference map 'searchables.refmap.json' for searchables.mixins.json could not be read. If this is a development environment you can ignore this message
[20:53:52] [main/WARN]: Reference map 'searchables.refmap.json' for searchables.neoforge.mixins.json could not be read. If this is a development environment you can ignore this message
[20:53:52] [main/WARN]: Reference map 'irons_spellbooks.refmap.json' for irons_spellbooks.mixins.json could not be read. If this is a development environment you can ignore this message
[20:53:52] [main/WARN]: Reference map 'justzoom.refmap.json' for justzoom.mixins.json could not be read. If this is a development environment you can ignore this message
[20:53:52] [main/WARN]: Reference map 'justzoom.refmap.json' for justzoom.neoforge.mixins.json could not be read. If this is a development environment you can ignore this message
[20:53:52] [main/WARN]: Reference map 'irons_spellbooks.refmap.json' for irons_jewelry.mixins.json could not be read. If this is a development environment you can ignore this message
[20:53:52] [main/WARN]: Error loading class: xfacthd/framedblocks/common/blockentity/doubled/slab/FramedAdjustableDoubleBlockEntity (java.lang.ClassNotFoundException: xfacthd.framedblocks.common.blockentity.doubled.slab.FramedAdjustableDoubleBlockEntity)
[20:53:52] [main/WARN]: @Mixin target xfacthd.framedblocks.common.blockentity.doubled.slab.FramedAdjustableDoubleBlockEntity was not found createbigcannons.mixins.json:compat.framedblocks.FramedAdjustableDoubleBlockEntityAccessor from mod createbigcannons
[20:53:52] [main/WARN]: Error loading class: com/mrcrayfish/controllable/client/binding/context/BindingContext (java.lang.ClassNotFoundException: com.mrcrayfish.controllable.client.binding.context.BindingContext)
[20:53:53] [main/WARN]: Error loading class: net/irisshaders/iris/pipeline/PipelineManager (java.lang.ClassNotFoundException: net.irisshaders.iris.pipeline.PipelineManager)
[20:53:53] [main/WARN]: @Mixin target net.irisshaders.iris.pipeline.PipelineManager was not found veil.neoforge.mixins.json:client.perspective.iris.PipelineManagerMixin from mod veil
[20:53:53] [main/WARN]: Error loading class: me/jellysquid/mods/lithium/common/ai/pathing/PathNodeDefaults (java.lang.ClassNotFoundException: me.jellysquid.mods.lithium.common.ai.pathing.PathNodeDefaults)
[20:53:54] [main/WARN]: Error loading class: org/jetbrains/annotations/ApiStatus$ScheduledForRemoval (java.lang.ClassNotFoundException: org.jetbrains.annotations.ApiStatus$ScheduledForRemoval)
[20:53:54] [main/INFO]: Initializing MixinExtras via com.llamalad7.mixinextras.service.MixinExtrasServiceImpl(version=0.5.3).
[11Aug2026 20:53:56.703] [Datafixer Bootstrap/INFO] [com.mojang.datafixers.DataFixerBuilder/]: 229 Datafixer optimizations took 489 milliseconds
[11Aug2026 20:54:02.113] [Render thread/WARN] [net.minecraft.server.packs.VanillaPackResourcesBuilder/]: Assets URL 'union:/C:/Users/jackc/curseforge/minecraft/Install/libraries/net/minecraft/client/1.21.1-20240808.144430/client-1.21.1-20240808.144430-srg.jar%23257!/assets/.mcassetsroot' uses unexpected schema
[11Aug2026 20:54:02.113] [Render thread/WARN] [net.minecraft.server.packs.VanillaPackResourcesBuilder/]: Assets URL 'union:/C:/Users/jackc/curseforge/minecraft/Install/libraries/net/minecraft/client/1.21.1-20240808.144430/client-1.21.1-20240808.144430-srg.jar%23257!/data/.mcassetsroot' uses unexpected schema
[11Aug2026 20:54:02.138] [Render thread/INFO] [com.mojang.authlib.yggdrasil.YggdrasilAuthenticationService/]: Environment: Environment[sessionHost=https://sessionserver.mojang.com, servicesHost=https://api.minecraftservices.com, name=PROD]
[11Aug2026 20:54:02.148] [Render thread/INFO] [net.minecraft.client.Minecraft/]: Setting user: _MrSeven
[11Aug2026 20:54:02.196] [Render thread/INFO] [mixin/]: BeforeConstant is searching for constants in method with descriptor (Lnet/minecraft/client/GuiMessage;)V
[11Aug2026 20:54:02.196] [Render thread/INFO] [mixin/]:   BeforeConstant found STRING constant: value = , stringValue = null
[11Aug2026 20:54:02.196] [Render thread/INFO] [mixin/]:     BeforeConstant found a matching constant TYPE at ordinal 0
[11Aug2026 20:54:02.196] [Render thread/INFO] [mixin/]:       BeforeConstant found LdcInsn 
[11Aug2026 20:54:02.196] [Render thread/INFO] [mixin/]:   BeforeConstant found STRING constant: value = \\r, stringValue = null
[11Aug2026 20:54:02.197] [Render thread/INFO] [mixin/]:     BeforeConstant found a matching constant TYPE at ordinal 1
[11Aug2026 20:54:02.197] [Render thread/INFO] [mixin/]:       BeforeConstant found LdcInsn \\r
[11Aug2026 20:54:02.197] [Render thread/INFO] [mixin/]:   BeforeConstant found STRING constant: value = 
, stringValue = null
[11Aug2026 20:54:02.197] [Render thread/INFO] [mixin/]:     BeforeConstant found a matching constant TYPE at ordinal 2
[11Aug2026 20:54:02.197] [Render thread/INFO] [mixin/]:       BeforeConstant found LdcInsn 

[11Aug2026 20:54:02.197] [Render thread/INFO] [mixin/]:   BeforeConstant found STRING constant: value = \\n, stringValue = null
[11Aug2026 20:54:02.197] [Render thread/INFO] [mixin/]:     BeforeConstant found a matching constant TYPE at ordinal 3
[11Aug2026 20:54:02.197] [Render thread/INFO] [mixin/]:       BeforeConstant found LdcInsn \\n
[11Aug2026 20:54:02.197] [Render thread/INFO] [mixin/]:   BeforeConstant found CLASS constant: value = Ljava/lang/String;, typeValue = null
[11Aug2026 20:54:02.197] [Render thread/INFO] [mixin/]:   BeforeConstant found STRING constant: value = [{}] [CHAT] {}, stringValue = null
[11Aug2026 20:54:02.197] [Render thread/INFO] [mixin/]:     BeforeConstant found a matching constant TYPE at ordinal 4
[11Aug2026 20:54:02.197] [Render thread/INFO] [mixin/]:       BeforeConstant found LdcInsn [{}] [CHAT] {}
[11Aug2026 20:54:02.197] [Render thread/INFO] [mixin/]:   BeforeConstant found STRING constant: value = [CHAT] {}, stringValue = null
[11Aug2026 20:54:02.198] [Render thread/INFO] [mixin/]:     BeforeConstant found a matching constant TYPE at ordinal 5
[11Aug2026 20:54:02.198] [Render thread/INFO] [mixin/]:       BeforeConstant found LdcInsn [CHAT] {}
[11Aug2026 20:54:02.269] [Render thread/INFO] [net.minecraft.client.Minecraft/]: Backend library: LWJGL version 3.3.3+5
[11Aug2026 20:54:02.321] [Render thread/INFO] [com.mojang.blaze3d.platform.Window/]: OpenGL Vendor: NVIDIA Corporation
[11Aug2026 20:54:02.321] [Render thread/INFO] [com.mojang.blaze3d.platform.Window/]: OpenGL Renderer: NVIDIA GeForce RTX 2070/PCIe/SSE2
[11Aug2026 20:54:02.321] [Render thread/INFO] [com.mojang.blaze3d.platform.Window/]: OpenGL Version: 4.6.0 NVIDIA 610.74
[11Aug2026 20:54:02.323] [Render thread/INFO] [Sodium-NvidiaWorkarounds/]: Modifying OpenGL context to apply workarounds for the NVIDIA graphics driver...
[11Aug2026 20:54:02.323] [Render thread/INFO] [Sodium-NvidiaWorkarounds/]: Enabling GL_DEBUG_OUTPUT_SYNCHRONOUS to force the NVIDIA driver to disable threaded command submission
[11Aug2026 20:54:02.868] [modloading-worker-0/INFO] [Create: Transmission/]: Loading creative tabs for Create: Transmission
[11Aug2026 20:54:02.869] [modloading-worker-0/INFO] [Create Deco/]: Registering items for Create Deco
[11Aug2026 20:54:02.886] [modloading-worker-0/WARN] [mixin/]: Discarding @Unique public method rotate in copycats-neoforge.mixins.json:foundation.copycat.multistate.MultiStateCopycatBlockMixin from mod copycats because it already exists in com.copycatsplus.copycats.foundation.copycat.multistate.MultiStateCopycatBlock
[11Aug2026 20:54:02.886] [modloading-worker-0/WARN] [mixin/]: Discarding @Unique public method mirror in copycats-neoforge.mixins.json:foundation.copycat.multistate.MultiStateCopycatBlockMixin from mod copycats because it already exists in com.copycatsplus.copycats.foundation.copycat.multistate.MultiStateCopycatBlock
[11Aug2026 20:54:02.886] [modloading-worker-0/WARN] [mixin/]: Discarding @Unique public method useItemOn in copycats-neoforge.mixins.json:foundation.copycat.multistate.MultiStateCopycatBlockMixin from mod copycats because it already exists in com.copycatsplus.copycats.foundation.copycat.multistate.MultiStateCopycatBlock
[11Aug2026 20:54:02.886] [modloading-worker-0/WARN] [mixin/]: Discarding @Unique public method useWithoutItem in copycats-neoforge.mixins.json:foundation.copycat.multistate.MultiStateCopycatBlockMixin from mod copycats because it already exists in com.copycatsplus.copycats.foundation.copycat.multistate.MultiStateCopycatBlock
[11Aug2026 20:54:02.912] [modloading-worker-0/WARN] [mixin/]: Discarding @Unique public method rotate in copycats-neoforge.mixins.json:foundation.copycat.CopycatBlockMixin from mod copycats because it already exists in com.copycatsplus.copycats.content.copycat.fluid_pipe.CopycatGlassFluidPipeBlock
[11Aug2026 20:54:02.913] [modloading-worker-0/WARN] [mixin/]: Discarding @Unique public method mirror in copycats-neoforge.mixins.json:foundation.copycat.CopycatBlockMixin from mod copycats because it already exists in com.copycatsplus.copycats.content.copycat.fluid_pipe.CopycatGlassFluidPipeBlock
[11Aug2026 20:54:02.913] [modloading-worker-0/WARN] [mixin/]: Discarding @Unique public method useItemOn in copycats-neoforge.mixins.json:foundation.copycat.CopycatBlockMixin from mod copycats because it already exists in com.copycatsplus.copycats.content.copycat.fluid_pipe.CopycatGlassFluidPipeBlock
[11Aug2026 20:54:02.913] [modloading-worker-0/WARN] [mixin/]: Discarding @Unique public method useWithoutItem in copycats-neoforge.mixins.json:foundation.copycat.CopycatBlockMixin from mod copycats because it already exists in com.copycatsplus.copycats.content.copycat.fluid_pipe.CopycatGlassFluidPipeBlock
[11Aug2026 20:54:02.922] [modloading-worker-0/WARN] [mixin/]: Discarding @Unique public method rotate in copycats-neoforge.mixins.json:foundation.copycat.CopycatBlockMixin from mod copycats because it already exists in com.copycatsplus.copycats.content.copycat.door.CopycatDoorBlock
[11Aug2026 20:54:02.922] [modloading-worker-0/WARN] [mixin/]: Discarding @Unique public method mirror in copycats-neoforge.mixins.json:foundation.copycat.CopycatBlockMixin from mod copycats because it already exists in com.copycatsplus.copycats.content.copycat.door.CopycatDoorBlock
[11Aug2026 20:54:02.922] [modloading-worker-0/WARN] [mixin/]: Discarding @Unique public method useItemOn in copycats-neoforge.mixins.json:foundation.copycat.CopycatBlockMixin from mod copycats because it already exists in com.copycatsplus.copycats.content.copycat.door.CopycatDoorBlock
[11Aug2026 20:54:02.922] [modloading-worker-0/WARN] [mixin/]: Discarding @Unique public method useWithoutItem in copycats-neoforge.mixins.json:foundation.copycat.CopycatBlockMixin from mod copycats because it already exists in com.copycatsplus.copycats.content.copycat.door.CopycatDoorBlock
[11Aug2026 20:54:02.927] [modloading-worker-0/WARN] [mixin/]: Discarding @Unique public method rotate in copycats-neoforge.mixins.json:foundation.copycat.CopycatBlockMixin from mod copycats because it already exists in com.copycatsplus.copycats.content.copycat.sliding_door.CopycatSlidingDoorBlock
[11Aug2026 20:54:02.927] [modloading-worker-0/WARN] [mixin/]: Discarding @Unique public method mirror in copycats-neoforge.mixins.json:foundation.copycat.CopycatBlockMixin from mod copycats because it already exists in com.copycatsplus.copycats.content.copycat.sliding_door.CopycatSlidingDoorBlock
[11Aug2026 20:54:02.927] [modloading-worker-0/WARN] [mixin/]: Discarding @Unique public method useItemOn in copycats-neoforge.mixins.json:foundation.copycat.CopycatBlockMixin from mod copycats because it already exists in com.copycatsplus.copycats.content.copycat.sliding_door.CopycatSlidingDoorBlock
[11Aug2026 20:54:02.927] [modloading-worker-0/WARN] [mixin/]: Discarding @Unique public method useWithoutItem in copycats-neoforge.mixins.json:foundation.copycat.CopycatBlockMixin from mod copycats because it already exists in com.copycatsplus.copycats.content.copycat.sliding_door.CopycatSlidingDoorBlock
[11Aug2026 20:54:03.066] [modloading-worker-0/INFO] [Create: Transmission/]: Registering blocks for Create: Transmission
[11Aug2026 20:54:03.148] [modloading-worker-0/INFO] [net.neoforged.neoforge.common.NeoForgeMod/NEOFORGE-MOD]: NeoForge mod loading, version 21.1.248, for MC 1.21.1
[11Aug2026 20:54:03.150] [modloading-worker-0/INFO] [Create: Transmission/]: Registering blocks entities for Create: Transmission
[11Aug2026 20:54:03.193] [modloading-worker-0/INFO] [Create: Transmission/]: Loading partial models for Create: Transmission
[11Aug2026 20:54:03.217] [modloading-worker-0/WARN] [patchouli/]: Could not locate JEI keybindings, lookups in books may not work
[11Aug2026 20:54:03.437] [modloading-worker-0/WARN] [mixin/]: Discarding @Unique public method rotate in copycats-neoforge.mixins.json:foundation.copycat.CopycatBlockMixin from mod copycats because it already exists in com.copycatsplus.copycats.foundation.copycat.CCCopycatBlock
[11Aug2026 20:54:03.438] [modloading-worker-0/WARN] [mixin/]: Discarding @Unique public method mirror in copycats-neoforge.mixins.json:foundation.copycat.CopycatBlockMixin from mod copycats because it already exists in com.copycatsplus.copycats.foundation.copycat.CCCopycatBlock
[11Aug2026 20:54:03.438] [modloading-worker-0/WARN] [mixin/]: Discarding @Unique public method useItemOn in copycats-neoforge.mixins.json:foundation.copycat.CopycatBlockMixin from mod copycats because it already exists in com.copycatsplus.copycats.foundation.copycat.CCCopycatBlock
[11Aug2026 20:54:03.438] [modloading-worker-0/WARN] [mixin/]: Discarding @Unique public method useWithoutItem in copycats-neoforge.mixins.json:foundation.copycat.CopycatBlockMixin from mod copycats because it already exists in com.copycatsplus.copycats.foundation.copycat.CCCopycatBlock
[11Aug2026 20:54:03.440] [modloading-worker-0/INFO] [Create Deco/]: Registering blocks for Create Deco
[11Aug2026 20:54:03.450] [modloading-worker-0/INFO] [Veil/]: Veil is initializing.
[11Aug2026 20:54:03.493] [modloading-worker-0/INFO] [Create Deco/]: Populating connected texture maps...
[11Aug2026 20:54:03.527] [modloading-worker-0/WARN] [mixin/]: Discarding @Unique public method rotate in copycats-neoforge.mixins.json:foundation.copycat.CopycatBlockMixin from mod copycats because it already exists in com.copycatsplus.copycats.content.copycat.button.CopycatButtonBlock
[11Aug2026 20:54:03.528] [modloading-worker-0/WARN] [mixin/]: Discarding @Unique public method mirror in copycats-neoforge.mixins.json:foundation.copycat.CopycatBlockMixin from mod copycats because it already exists in com.copycatsplus.copycats.content.copycat.button.CopycatButtonBlock
[11Aug2026 20:54:03.528] [modloading-worker-0/WARN] [mixin/]: Discarding @Unique public method useItemOn in copycats-neoforge.mixins.json:foundation.copycat.CopycatBlockMixin from mod copycats because it already exists in com.copycatsplus.copycats.content.copycat.button.CopycatButtonBlock
[11Aug2026 20:54:03.528] [modloading-worker-0/WARN] [mixin/]: Discarding @Unique public method useWithoutItem in copycats-neoforge.mixins.json:foundation.copycat.CopycatBlockMixin from mod copycats because it already exists in com.copycatsplus.copycats.content.copycat.button.CopycatButtonBlock
[11Aug2026 20:54:03.614] [modloading-worker-0/WARN] [mixin/]: Discarding @Unique public method rotate in copycats-neoforge.mixins.json:foundation.copycat.CopycatBlockMixin from mod copycats because it already exists in com.copycatsplus.copycats.content.copycat.fence.CopycatFenceBlock
[11Aug2026 20:54:03.614] [modloading-worker-0/WARN] [mixin/]: Discarding @Unique public method mirror in copycats-neoforge.mixins.json:foundation.copycat.CopycatBlockMixin from mod copycats because it already exists in com.copycatsplus.copycats.content.copycat.fence.CopycatFenceBlock
[11Aug2026 20:54:03.614] [modloading-worker-0/WARN] [mixin/]: Discarding @Unique public method useItemOn in copycats-neoforge.mixins.json:foundation.copycat.CopycatBlockMixin from mod copycats because it already exists in com.copycatsplus.copycats.content.copycat.fence.CopycatFenceBlock
[11Aug2026 20:54:03.614] [modloading-worker-0/WARN] [mixin/]: Discarding @Unique public method useWithoutItem in copycats-neoforge.mixins.json:foundation.copycat.CopycatBlockMixin from mod copycats because it already exists in com.copycatsplus.copycats.content.copycat.fence.CopycatFenceBlock
[11Aug2026 20:54:03.622] [modloading-worker-0/INFO] [mezz.jei.library.load.PluginCaller/]: Sending ConfigManager...
[11Aug2026 20:54:03.625] [modloading-worker-0/INFO] [net.blay09.mods.balm.neoforge.config.NeoForgeBalmConfig/]: Registering config for cookingforblockheads:common (COMMON) with 12 properties.
[11Aug2026 20:54:03.695] [modloading-worker-0/WARN] [mixin/]: Discarding @Unique public method rotate in copycats-neoforge.mixins.json:foundation.copycat.CopycatBlockMixin from mod copycats because it already exists in com.copycatsplus.copycats.content.copycat.fence_gate.CopycatFenceGateBlock
[11Aug2026 20:54:03.696] [modloading-worker-0/WARN] [mixin/]: Discarding @Unique public method mirror in copycats-neoforge.mixins.json:foundation.copycat.CopycatBlockMixin from mod copycats because it already exists in com.copycatsplus.copycats.content.copycat.fence_gate.CopycatFenceGateBlock
[11Aug2026 20:54:03.696] [modloading-worker-0/WARN] [mixin/]: Discarding @Unique public method useItemOn in copycats-neoforge.mixins.json:foundation.copycat.CopycatBlockMixin from mod copycats because it already exists in com.copycatsplus.copycats.content.copycat.fence_gate.CopycatFenceGateBlock
[11Aug2026 20:54:03.696] [modloading-worker-0/WARN] [mixin/]: Discarding @Unique public method useWithoutItem in copycats-neoforge.mixins.json:foundation.copycat.CopycatBlockMixin from mod copycats because it already exists in com.copycatsplus.copycats.content.copycat.fence_gate.CopycatFenceGateBlock
[11Aug2026 20:54:03.719] [modloading-worker-0/INFO] [mezz.jei.library.load.PluginCaller/]: Sending ConfigManager took 96.22 milliseconds
[11Aug2026 20:54:03.807] [modloading-worker-0/INFO] [Create: Numismatics/]: Create: Numismatics 1.0.20+neoforge-mc1.21.1 initializing! Create version: 6.0.10 on platform: NEOFORGE
[11Aug2026 20:54:03.809] [modloading-worker-0/INFO] [Create: Numismatics/]: Registering creative tabs for Create: Numismatics
[11Aug2026 20:54:03.824] [modloading-worker-0/WARN] [mixin/]: Discarding @Unique public method rotate in copycats-neoforge.mixins.json:foundation.copycat.CopycatBlockMixin from mod copycats because it already exists in com.copycatsplus.copycats.content.copycat.ladder.CopycatLadderBlock
[11Aug2026 20:54:03.824] [modloading-worker-0/WARN] [mixin/]: Discarding @Unique public method mirror in copycats-neoforge.mixins.json:foundation.copycat.CopycatBlockMixin from mod copycats because it already exists in com.copycatsplus.copycats.content.copycat.ladder.CopycatLadderBlock
[11Aug2026 20:54:03.824] [modloading-worker-0/WARN] [mixin/]: Discarding @Unique public method useItemOn in copycats-neoforge.mixins.json:foundation.copycat.CopycatBlockMixin from mod copycats because it already exists in com.copycatsplus.copycats.content.copycat.ladder.CopycatLadderBlock
[11Aug2026 20:54:03.824] [modloading-worker-0/WARN] [mixin/]: Discarding @Unique public method useWithoutItem in copycats-neoforge.mixins.json:foundation.copycat.CopycatBlockMixin from mod copycats because it already exists in com.copycatsplus.copycats.content.copycat.ladder.CopycatLadderBlock
[11Aug2026 20:54:03.844] [modloading-worker-0/WARN] [mixin/]: Discarding @Unique public method rotate in copycats-neoforge.mixins.json:foundation.copycat.CopycatBlockMixin from mod copycats because it already exists in com.copycatsplus.copycats.content.copycat.pressure_plate.CopycatPressurePlateBlock
[11Aug2026 20:54:03.844] [modloading-worker-0/WARN] [mixin/]: Discarding @Unique public method mirror in copycats-neoforge.mixins.json:foundation.copycat.CopycatBlockMixin from mod copycats because it already exists in com.copycatsplus.copycats.content.copycat.pressure_plate.CopycatPressurePlateBlock
[11Aug2026 20:54:03.844] [modloading-worker-0/WARN] [mixin/]: Discarding @Unique public method useItemOn in copycats-neoforge.mixins.json:foundation.copycat.CopycatBlockMixin from mod copycats because it already exists in com.copycatsplus.copycats.content.copycat.pressure_plate.CopycatPressurePlateBlock
[11Aug2026 20:54:03.844] [modloading-worker-0/WARN] [mixin/]: Discarding @Unique public method useWithoutItem in copycats-neoforge.mixins.json:foundation.copycat.CopycatBlockMixin from mod copycats because it already exists in com.copycatsplus.copycats.content.copycat.pressure_plate.CopycatPressurePlateBlock
[11Aug2026 20:54:03.869] [modloading-worker-0/WARN] [mixin/]: Discarding @Unique public method rotate in copycats-neoforge.mixins.json:foundation.copycat.CopycatBlockMixin from mod copycats because it already exists in com.copycatsplus.copycats.content.copycat.pressure_plate.CopycatWeightedPressurePlate
[11Aug2026 20:54:03.869] [modloading-worker-0/WARN] [mixin/]: Discarding @Unique public method mirror in copycats-neoforge.mixins.json:foundation.copycat.CopycatBlockMixin from mod copycats because it already exists in com.copycatsplus.copycats.content.copycat.pressure_plate.CopycatWeightedPressurePlate
[11Aug2026 20:54:03.869] [modloading-worker-0/WARN] [mixin/]: Discarding @Unique public method useItemOn in copycats-neoforge.mixins.json:foundation.copycat.CopycatBlockMixin from mod copycats because it already exists in com.copycatsplus.copycats.content.copycat.pressure_plate.CopycatWeightedPressurePlate
[11Aug2026 20:54:03.869] [modloading-worker-0/WARN] [mixin/]: Discarding @Unique public method useWithoutItem in copycats-neoforge.mixins.json:foundation.copycat.CopycatBlockMixin from mod copycats because it already exists in com.copycatsplus.copycats.content.copycat.pressure_plate.CopycatWeightedPressurePlate
[11Aug2026 20:54:03.869] [modloading-worker-0/INFO] [Create: Numismatics/]: Registering items for Create: Numismatics
[11Aug2026 20:54:03.898] [modloading-worker-0/WARN] [mixin/]: Discarding @Unique public method rotate in copycats-neoforge.mixins.json:foundation.copycat.CopycatBlockMixin from mod copycats because it already exists in com.copycatsplus.copycats.content.copycat.stairs.CopycatStairsBlock
[11Aug2026 20:54:03.898] [modloading-worker-0/WARN] [mixin/]: Discarding @Unique public method mirror in copycats-neoforge.mixins.json:foundation.copycat.CopycatBlockMixin from mod copycats because it already exists in com.copycatsplus.copycats.content.copycat.stairs.CopycatStairsBlock
[11Aug2026 20:54:03.898] [modloading-worker-0/WARN] [mixin/]: Discarding @Unique public method useItemOn in copycats-neoforge.mixins.json:foundation.copycat.CopycatBlockMixin from mod copycats because it already exists in com.copycatsplus.copycats.content.copycat.stairs.CopycatStairsBlock
[11Aug2026 20:54:03.898] [modloading-worker-0/WARN] [mixin/]: Discarding @Unique public method useWithoutItem in copycats-neoforge.mixins.json:foundation.copycat.CopycatBlockMixin from mod copycats because it already exists in com.copycatsplus.copycats.content.copycat.stairs.CopycatStairsBlock
[11Aug2026 20:54:03.927] [modloading-worker-0/WARN] [mixin/]: Discarding @Unique public method rotate in copycats-neoforge.mixins.json:foundation.copycat.CopycatBlockMixin from mod copycats because it already exists in com.copycatsplus.copycats.content.copycat.trapdoor.CopycatTrapdoorBlock
[11Aug2026 20:54:03.927] [modloading-worker-0/WARN] [mixin/]: Discarding @Unique public method mirror in copycats-neoforge.mixins.json:foundation.copycat.CopycatBlockMixin from mod copycats because it already exists in com.copycatsplus.copycats.content.copycat.trapdoor.CopycatTrapdoorBlock
[11Aug2026 20:54:03.927] [modloading-worker-0/WARN] [mixin/]: Discarding @Unique public method useItemOn in copycats-neoforge.mixins.json:foundation.copycat.CopycatBlockMixin from mod copycats because it already exists in com.copycatsplus.copycats.content.copycat.trapdoor.CopycatTrapdoorBlock
[11Aug2026 20:54:03.928] [modloading-worker-0/WARN] [mixin/]: Discarding @Unique public method useWithoutItem in copycats-neoforge.mixins.json:foundation.copycat.CopycatBlockMixin from mod copycats because it already exists in com.copycatsplus.copycats.content.copycat.trapdoor.CopycatTrapdoorBlock
[11Aug2026 20:54:03.954] [modloading-worker-0/WARN] [mixin/]: Discarding @Unique public method rotate in copycats-neoforge.mixins.json:foundation.copycat.CopycatBlockMixin from mod copycats because it already exists in com.copycatsplus.copycats.content.copycat.wall.CopycatWallBlock
[11Aug2026 20:54:03.955] [modloading-worker-0/WARN] [mixin/]: Discarding @Unique public method mirror in copycats-neoforge.mixins.json:foundation.copycat.CopycatBlockMixin from mod copycats because it already exists in com.copycatsplus.copycats.content.copycat.wall.CopycatWallBlock
[11Aug2026 20:54:03.955] [modloading-worker-0/WARN] [mixin/]: Discarding @Unique public method useItemOn in copycats-neoforge.mixins.json:foundation.copycat.CopycatBlockMixin from mod copycats because it already exists in com.copycatsplus.copycats.content.copycat.wall.CopycatWallBlock
[11Aug2026 20:54:03.955] [modloading-worker-0/WARN] [mixin/]: Discarding @Unique public method useWithoutItem in copycats-neoforge.mixins.json:foundation.copycat.CopycatBlockMixin from mod copycats because it already exists in com.copycatsplus.copycats.content.copycat.wall.CopycatWallBlock
[11Aug2026 20:54:03.982] [modloading-worker-0/INFO] [Create: Numismatics/]: Registering block entities for Create: Numismatics
[11Aug2026 20:54:03.982] [modloading-worker-0/INFO] [Create: Numismatics/]: Registering blocks for Create: Numismatics
[11Aug2026 20:54:03.996] [modloading-worker-0/WARN] [mixin/]: Discarding @Unique public method rotate in copycats-neoforge.mixins.json:foundation.copycat.CopycatBlockMixin from mod copycats because it already exists in com.copycatsplus.copycats.content.copycat.shaft.CopycatShaftBlock
[11Aug2026 20:54:03.996] [modloading-worker-0/WARN] [mixin/]: Discarding @Unique public method mirror in copycats-neoforge.mixins.json:foundation.copycat.CopycatBlockMixin from mod copycats because it already exists in com.copycatsplus.copycats.content.copycat.shaft.CopycatShaftBlock
[11Aug2026 20:54:03.996] [modloading-worker-0/WARN] [mixin/]: Discarding @Unique public method useItemOn in copycats-neoforge.mixins.json:foundation.copycat.CopycatBlockMixin from mod copycats because it already exists in com.copycatsplus.copycats.content.copycat.shaft.CopycatShaftBlock
[11Aug2026 20:54:03.996] [modloading-worker-0/WARN] [mixin/]: Discarding @Unique public method useWithoutItem in copycats-neoforge.mixins.json:foundation.copycat.CopycatBlockMixin from mod copycats because it already exists in com.copycatsplus.copycats.content.copycat.shaft.CopycatShaftBlock
[11Aug2026 20:54:04.009] [modloading-worker-0/WARN] [mixin/]: Discarding @Unique public method rotate in copycats-neoforge.mixins.json:foundation.copycat.multistate.MultiStateCopycatBlockMixin from mod copycats because it already exists in com.copycatsplus.copycats.content.copycat.cogwheel.CopycatCogWheelBlock
[11Aug2026 20:54:04.009] [modloading-worker-0/WARN] [mixin/]: Discarding @Unique public method mirror in copycats-neoforge.mixins.json:foundation.copycat.multistate.MultiStateCopycatBlockMixin from mod copycats because it already exists in com.copycatsplus.copycats.content.copycat.cogwheel.CopycatCogWheelBlock
[11Aug2026 20:54:04.009] [modloading-worker-0/WARN] [mixin/]: Discarding @Unique public method useItemOn in copycats-neoforge.mixins.json:foundation.copycat.multistate.MultiStateCopycatBlockMixin from mod copycats because it already exists in com.copycatsplus.copycats.content.copycat.cogwheel.CopycatCogWheelBlock
[11Aug2026 20:54:04.009] [modloading-worker-0/WARN] [mixin/]: Discarding @Unique public method useWithoutItem in copycats-neoforge.mixins.json:foundation.copycat.multistate.MultiStateCopycatBlockMixin from mod copycats because it already exists in com.copycatsplus.copycats.content.copycat.cogwheel.CopycatCogWheelBlock
[11Aug2026 20:54:04.024] [modloading-worker-0/INFO] [de.keksuccino.konkrete.Konkrete/]: [KONKRETE] Loading v1.9.9 in client-side mode on NEOFORGE!
[11Aug2026 20:54:04.024] [modloading-worker-0/INFO] [de.keksuccino.konkrete.Konkrete/]: ---------------------------
[11Aug2026 20:54:04.025] [modloading-worker-0/INFO] [de.keksuccino.konkrete.Konkrete/]: KONKRETE SHIPS AND USES THE FOLLOWING LIBRARIES:
[11Aug2026 20:54:04.025] [modloading-worker-0/INFO] [de.keksuccino.konkrete.Konkrete/]:  
[11Aug2026 20:54:04.025] [modloading-worker-0/INFO] [de.keksuccino.konkrete.Konkrete/]: Open Imaging Copyright © 2014 Dhyan Blum.
[11Aug2026 20:54:04.025] [modloading-worker-0/INFO] [de.keksuccino.konkrete.Konkrete/]: Open Imaging is licensed under Apache-2.0.
[11Aug2026 20:54:04.025] [modloading-worker-0/INFO] [de.keksuccino.konkrete.Konkrete/]:  
[11Aug2026 20:54:04.025] [modloading-worker-0/INFO] [de.keksuccino.konkrete.Konkrete/]: JsonPath Copyright © 2017 Jayway.
[11Aug2026 20:54:04.025] [modloading-worker-0/INFO] [de.keksuccino.konkrete.Konkrete/]: JsonPath is licensed under Apache-2.0.
[11Aug2026 20:54:04.025] [modloading-worker-0/INFO] [de.keksuccino.konkrete.Konkrete/]:  
[11Aug2026 20:54:04.025] [modloading-worker-0/INFO] [de.keksuccino.konkrete.Konkrete/]: Json-smart Copyright © netplex.
[11Aug2026 20:54:04.025] [modloading-worker-0/INFO] [de.keksuccino.konkrete.Konkrete/]: Json-smart is licensed under Apache-2.0.
[11Aug2026 20:54:04.026] [modloading-worker-0/INFO] [de.keksuccino.konkrete.Konkrete/]:  
[11Aug2026 20:54:04.026] [modloading-worker-0/INFO] [de.keksuccino.konkrete.Konkrete/]: Exp4j Copyright © Frank Asseg.
[11Aug2026 20:54:04.026] [modloading-worker-0/INFO] [de.keksuccino.konkrete.Konkrete/]: Exp4j is licensed under Apache-2.0. https://github.com/fasseg/exp4j
[11Aug2026 20:54:04.026] [modloading-worker-0/INFO] [de.keksuccino.konkrete.Konkrete/]: ---------------------------
[11Aug2026 20:54:04.026] [modloading-worker-0/INFO] [de.keksuccino.konkrete.Konkrete/]: [KONKRETE] Server-side modules initialized and ready to use!
[11Aug2026 20:54:04.026] [modloading-worker-0/INFO] [Create: Numismatics/]: Registering menu types for Create: Numismatics
[11Aug2026 20:54:04.028] [modloading-worker-0/INFO] [Create: Numismatics/]: Registering block tags for Create: Numismatics
[11Aug2026 20:54:04.028] [modloading-worker-0/INFO] [Create: Numismatics/]: Registering item tags for Create: Numismatics
[11Aug2026 20:54:04.035] [modloading-worker-0/WARN] [mixin/]: Discarding @Unique public method rotate in copycats-neoforge.mixins.json:foundation.copycat.CopycatBlockMixin from mod copycats because it already exists in com.copycatsplus.copycats.content.copycat.fluid_pipe.CopycatFluidPipeBlock
[11Aug2026 20:54:04.035] [modloading-worker-0/WARN] [mixin/]: Discarding @Unique public method mirror in copycats-neoforge.mixins.json:foundation.copycat.CopycatBlockMixin from mod copycats because it already exists in com.copycatsplus.copycats.content.copycat.fluid_pipe.CopycatFluidPipeBlock
[11Aug2026 20:54:04.035] [modloading-worker-0/WARN] [mixin/]: Discarding @Unique public method useItemOn in copycats-neoforge.mixins.json:foundation.copycat.CopycatBlockMixin from mod copycats because it already exists in com.copycatsplus.copycats.content.copycat.fluid_pipe.CopycatFluidPipeBlock
[11Aug2026 20:54:04.036] [modloading-worker-0/WARN] [mixin/]: Discarding @Unique public method useWithoutItem in copycats-neoforge.mixins.json:foundation.copycat.CopycatBlockMixin from mod copycats because it already exists in com.copycatsplus.copycats.content.copycat.fluid_pipe.CopycatFluidPipeBlock
[11Aug2026 20:54:04.036] [modloading-worker-0/INFO] [Create: Numismatics/]: Registering data components for Create: Numismatics
[11Aug2026 20:54:04.085] [modloading-worker-0/WARN] [mixin/]: Discarding @Unique public method rotate in copycats-neoforge.mixins.json:foundation.copycat.CopycatBlockMixin from mod copycats because it already exists in com.copycatsplus.copycats.content.copycat.pane.CopycatPaneBlock
[11Aug2026 20:54:04.085] [modloading-worker-0/WARN] [mixin/]: Discarding @Unique public method mirror in copycats-neoforge.mixins.json:foundation.copycat.CopycatBlockMixin from mod copycats because it already exists in com.copycatsplus.copycats.content.copycat.pane.CopycatPaneBlock
[11Aug2026 20:54:04.085] [modloading-worker-0/WARN] [mixin/]: Discarding @Unique public method useItemOn in copycats-neoforge.mixins.json:foundation.copycat.CopycatBlockMixin from mod copycats because it already exists in com.copycatsplus.copycats.content.copycat.pane.CopycatPaneBlock
[11Aug2026 20:54:04.085] [modloading-worker-0/WARN] [mixin/]: Discarding @Unique public method useWithoutItem in copycats-neoforge.mixins.json:foundation.copycat.CopycatBlockMixin from mod copycats because it already exists in com.copycatsplus.copycats.content.copycat.pane.CopycatPaneBlock
[11Aug2026 20:54:04.147] [modloading-worker-0/WARN] [mixin/]: Discarding @Unique public method onLoad in copycats-neoforge.mixins.json:foundation.copycat.CopycatBlockEntityMixin from mod copycats because it already exists in com.copycatsplus.copycats.foundation.copycat.CCCopycatBlockEntity
[11Aug2026 20:54:04.155] [modloading-worker-0/WARN] [mixin/]: Discarding @Unique public method onLoad in copycats-neoforge.mixins.json:foundation.copycat.multistate.MultiStateCopycatBlockEntityMixin from mod copycats because it already exists in com.copycatsplus.copycats.foundation.copycat.multistate.MultiStateCopycatBlockEntity
[11Aug2026 20:54:04.169] [modloading-worker-0/WARN] [mixin/]: Discarding @Unique public method onLoad in copycats-neoforge.mixins.json:foundation.copycat.CopycatBlockEntityMixin from mod copycats because it already exists in com.copycatsplus.copycats.content.copycat.shaft.CopycatShaftBlockEntity
[11Aug2026 20:54:04.181] [modloading-worker-0/WARN] [mixin/]: Discarding @Unique public method onLoad in copycats-neoforge.mixins.json:foundation.copycat.multistate.MultiStateCopycatBlockEntityMixin from mod copycats because it already exists in com.copycatsplus.copycats.content.copycat.cogwheel.CopycatCogWheelBlockEntity
[11Aug2026 20:54:04.187] [modloading-worker-0/WARN] [mixin/]: Discarding @Unique public method onLoad in copycats-neoforge.mixins.json:foundation.copycat.CopycatBlockEntityMixin from mod copycats because it already exists in com.copycatsplus.copycats.content.copycat.fluid_pipe.CopycatFluidPipeBlockEntity
[11Aug2026 20:54:04.194] [modloading-worker-0/WARN] [mixin/]: Discarding @Unique public method onLoad in copycats-neoforge.mixins.json:foundation.copycat.CopycatBlockEntityMixin from mod copycats because it already exists in com.copycatsplus.copycats.content.copycat.fluid_pipe.CopycatStraightPipeBlockEntity
[11Aug2026 20:54:04.200] [modloading-worker-0/WARN] [mixin/]: Discarding @Unique public method onLoad in copycats-neoforge.mixins.json:foundation.copycat.CopycatBlockEntityMixin from mod copycats because it already exists in com.copycatsplus.copycats.content.copycat.sliding_door.CopycatSlidingDoorBlockEntity
[11Aug2026 20:54:04.445] [modloading-worker-0/WARN] [mixin/]: Method overwrite conflict for getHeadParts in journeymap.mixins.json:client.AgeableListModelInvoker from mod journeymap, previously written by com.nukateam.ntgl.mixin.ntgl.client.AgeableListModelAccessor. Skipping method.
[11Aug2026 20:54:04.445] [modloading-worker-0/WARN] [mixin/]: Method overwrite conflict for getBodyParts in journeymap.mixins.json:client.AgeableListModelInvoker from mod journeymap, previously written by com.nukateam.ntgl.mixin.ntgl.client.AgeableListModelAccessor. Skipping method.
[11Aug2026 20:54:04.559] [modloading-worker-0/WARN] [mixin/]: @Inject(@At("INVOKE")) Shift.BY=2 on create_connected.mixins.json:sequencedgearshift.SequencedGearshiftScreenMixin from mod create_connected::handler$blm000$create_connected$updateParamsOfRow exceeds the maximum allowed value: 0. Increase the value of maxShiftBy to suppress this warning.
[11Aug2026 20:54:04.572] [modloading-worker-0/INFO] [com.simibubi.create.Create/]: Create 6.0.10 initializing! Commit hash: ac0c444d9828da3453ae8cc65338e8de063286fb
[11Aug2026 20:54:04.604] [modloading-worker-0/INFO] [dev.lopyluna.slag_create.SlagCreate/]: Registered 2 Fluids - Slag n' Embers Create Compat
[11Aug2026 20:54:04.616] [modloading-worker-0/INFO] [de.keksuccino.justzoom.JustZoom/]: [JUST ZOOM] Starting version 2.1.0 on NeoForge..
[11Aug2026 20:54:04.837] [modloading-worker-0/WARN] [mixin/]: Discarding @Unique public method onLoad in copycats-common.mixins.json:foundation.copycat.CopycatBlockEntityMixin from mod copycats because it already exists in com.simibubi.create.content.decoration.copycat.CopycatBlockEntity
[11Aug2026 20:54:05.000] [modloading-worker-0/WARN] [mixin/]: Discarding @Unique public method useItemOn in copycats-common.mixins.json:copycat.step.CopycatStepBlockMixin from mod copycats because it already exists in com.simibubi.create.content.decoration.copycat.CopycatStepBlock
[11Aug2026 20:54:05.009] [modloading-worker-0/WARN] [mixin/]: Discarding @Unique public method useItemOn in copycats-common.mixins.json:copycat.panel.CopycatPanelBlockMixin from mod copycats because it already exists in com.simibubi.create.content.decoration.copycat.CopycatPanelBlock
[11Aug2026 20:54:05.009] [modloading-worker-0/WARN] [mixin/]: Discarding @Unique public method mirror in copycats-common.mixins.json:copycat.panel.CopycatPanelBlockMixin from mod copycats because it already exists in com.simibubi.create.content.decoration.copycat.CopycatPanelBlock
[11Aug2026 20:54:05.009] [modloading-worker-0/WARN] [mixin/]: Discarding @Unique public method rotate in copycats-common.mixins.json:copycat.panel.CopycatPanelBlockMixin from mod copycats because it already exists in com.simibubi.create.content.decoration.copycat.CopycatPanelBlock
[11Aug2026 20:54:06.419] [modloading-worker-0/INFO] [Create Stats and Numbers/]: Create Stats and Numbers initializing!
[11Aug2026 20:54:06.432] [modloading-worker-0/INFO] [dev.ryanhcode.sable.Sable/]: Sable loaded!
[11Aug2026 20:54:06.458] [modloading-worker-0/WARN] [dev.ryanhcode.sable.Sable/]: NOTE: Sable is loaded with Flywheel. Sable contains extensive shader overrides and a full light-storage replacement. Expect this to cause compatibility issues. If issues arise, please report them to the Sable issue tracker (https://github.com/ryanhcode/sable/issues) instead of the Flywheel issue tracker.
[11Aug2026 20:54:06.984] [modloading-sync-worker/INFO] [com.drmangotea.tfmg.TFMG/]: [TFMG Remapper] Remapped 0 fluids
[11Aug2026 20:54:08.761] [modloading-sync-worker/INFO] [com.drmangotea.tfmg.TFMG/]: [TFMG Remapper] Remapped 5 blocks
[11Aug2026 20:54:10.110] [modloading-sync-worker/INFO] [com.drmangotea.tfmg.TFMG/]: [TFMG Remapper] Remapped 5 items
[11Aug2026 20:54:14.770] [Render thread/INFO] [tacz/GunPackFinder]: Start scanning for gun packs in C:\Users\jackc\curseforge\minecraft\Instances\Vindicterra Modded\tacz
[11Aug2026 20:54:14.775] [Render thread/INFO] [tacz/GunPackFinder]: - Create Armorer-v1.2.0.1-for117.zip, Main namespace: create_armorer
[11Aug2026 20:54:14.776] [Render thread/INFO] [tacz/GunPackFinder]: - tacz_default_gun, Main namespace: tacz
[11Aug2026 20:54:14.776] [Render thread/INFO] [tacz/GunPackFinder]: Found 2 possible gunpack(s) and added them to resource set.
[11Aug2026 20:54:14.950] [Render thread/INFO] [Veil/]: GL Debug supported
[11Aug2026 20:54:16.151] [Render thread/INFO] [net.minecraft.server.packs.resources.ReloadableResourceManager/]: Reloading ResourceManager: slag_generated_models, tacz_resources, vanilla, mod_resources, mod/sodium, mod/bellsandwhistles, mod/kuma_api, mod/createbigcannons, mod/fabric_renderer_api_v1, mod/numismaticsutils, mod/createthreadedtrains, mod/createtransmission, mod/slag, mod/geckolib, mod/createdeco, mod/copycats, mod/playeranimator, mod/jei, mod/irons_lib, mod/aeronautics, mod/commonnetworking, mod/tacz, mod/aeronautics_bundled, mod/createimmersivetacz, mod/ntgl, mod/clumps, mod/ritchiesprojectilelib, mod/journeymap, mod/cookingforblockheads, mod/controlling, mod/neoforge, mod/placebo, mod/fabric_block_view_api_v2, mod/veil, mod/create_bic_bit, mod/numismatics, mod/simulated, mod/createmetalwork, mod/balm, mod/toastcontrol, mod/createbetterfps, mod/tfmg, mod/konkrete, mod/offroad, mod/create_oxidized, mod/createtea, mod/create_connected, mod/create_winery, mod/voicechat,voicechat_api, mod/fabric_api_base, mod/mousetweaks, mod/psi, mod/immersiveengineering, mod/create_ultimate_factory, mod/nochatreports, mod/jade, mod/pamhc2crops, mod/spark, mod/flywheel, mod/ponder, mod/create, mod/createimmersivearmorerintegration, mod/cgs, mod/dndesires, mod/create_dragons_plus, mod/createclothes, mod/sable, mod/createunlimitedlogistics, mod/sablecompanion, mod/curios, mod/patchouli, mod/simplebedrockmodel, mod/create_factory, mod/pamhc2foodcore, mod/polymorph, mod/searchables, mod/almostunified, mod/irons_spellbooks, mod/slag_create, mod/appleskin, mod/create_stats, mod/moreoverlays, mod/conditional_mixin, mod/fabric_rendering_data_attachment_v1, mod/justzoom, mod/atlas_api, mod/journeymap_api, mod/create_enchantment_industry, mod/irons_jewelry
[11Aug2026 20:54:16.190] [Worker-Main-11/INFO] [voicechat/]: [voicechat] Compatibility version 20
[11Aug2026 20:54:16.191] [Worker-Main-1/INFO] [journeymap/]: Loaded null for service interface journeymap.api.services.WebMapService
[11Aug2026 20:54:16.196] [Worker-Main-1/INFO] [journeymap/]: Loaded journeymap.common.helpers.NeoForgeClientHooks@4b362e43 for service interface journeymap.api.services.ClientPlatformService
[11Aug2026 20:54:16.206] [Worker-Main-1/INFO] [journeymap/]: Loaded journeymap.common.helpers.NeoForgeHooks@3f3730d for service interface journeymap.api.services.CommonPlatformService
[11Aug2026 20:54:16.207] [Immersive Engineering Contributors Thread/INFO] [immersiveengineering/]: Attempting to download special revolvers from GitHub
[11Aug2026 20:54:16.234] [Worker-Main-8/INFO] [Create Stats and Numbers/]: Create Stats and Numbers common setup complete!
[11Aug2026 20:54:16.243] [Worker-Main-1/INFO] [journeymap/]: Skipping dev-only plugin (set -Djourneymap.dev_plugins=true to enable): journeymap.api.plugins.DebugVerificationPlugin
[11Aug2026 20:54:16.245] [Worker-Main-1/INFO] [journeymap/]: Found @JourneyMapPlugin: com.simibubi.create.compat.trainmap.JourneyTrainMap
[11Aug2026 20:54:16.245] [Worker-Main-1/WARN] [journeymap/]: The mod create for plugin com.simibubi.create.compat.trainmap.JourneyTrainMap is using a deprecated annotation, please inform the plugin mod dev they need to update.
[11Aug2026 20:54:16.293] [NeoForge Version Check/INFO] [net.neoforged.fml.VersionChecker/]: [copycats] Starting version check at https://raw.githubusercontent.com/copycats-plus/copycats/multiloader/update.json
[11Aug2026 20:54:16.324] [Worker-Main-1/WARN] [GeckoLib/]: Unsupported geometry json version for model cgs:geo/projectile/small_rocket.geo.json. Supported versions: 1.12.0
[11Aug2026 20:54:16.361] [Worker-Main-11/INFO] [voicechat/]: [voicechat] Loading plugins
[11Aug2026 20:54:16.371] [Worker-Main-4/WARN] [GeckoLib/]: Found animation file with improper file name format; animation files should end in .animation.json: 'irons_spellbooks:animations/casting_animations.json'
[11Aug2026 20:54:16.378] [Worker-Main-11/INFO] [voicechat/]: [voicechat] Loaded 0 plugin(s)
[11Aug2026 20:54:16.379] [Worker-Main-11/INFO] [voicechat/]: [voicechat] Initializing plugins
[11Aug2026 20:54:16.379] [Worker-Main-11/INFO] [voicechat/]: [voicechat] Initialized 0 plugin(s)
[11Aug2026 20:54:16.401] [Worker-Main-11/WARN] [GeckoLib/]: Unsupported geometry json version for model cgs:geo/weapons/blazegun.geo.json. Supported versions: 1.12.0
[11Aug2026 20:54:16.405] [Worker-Main-11/WARN] [GeckoLib/]: Unsupported geometry json version for model ntgl:geo/weapons/fatman.geo.json. Supported versions: 1.12.0
[11Aug2026 20:54:16.413] [Worker-Main-11/WARN] [GeckoLib/]: Unsupported geometry json version for model ntgl:geo/weapons/flamethrower.geo.json. Supported versions: 1.12.0
[11Aug2026 20:54:16.413] [Worker-Main-3/WARN] [GeckoLib/]: Unsupported geometry json version for model ntgl:geo/weapons/classic10mm.geo.json. Supported versions: 1.12.0
[11Aug2026 20:54:16.415] [Worker-Main-1/WARN] [GeckoLib/]: Unsupported geometry json version for model ntgl:geo/weapons/deathclaw_gauntlet.geo.json. Supported versions: 1.12.0
[11Aug2026 20:54:16.417] [Worker-Main-3/WARN] [GeckoLib/]: Unsupported geometry json version for model cgs:geo/weapons/frag_grenade.geo.json. Supported versions: 1.12.0
[11Aug2026 20:54:16.422] [Worker-Main-11/WARN] [GeckoLib/]: Unsupported geometry json version for model cgs:geo/weapons/flintlock.geo.json. Supported versions: 1.12.0
[11Aug2026 20:54:16.425] [Worker-Main-11/WARN] [GeckoLib/]: Unsupported geometry json version for model ntgl:geo/weapons/grenade.geo.json. Supported versions: 1.12.0
[11Aug2026 20:54:16.470] [Worker-Main-11/WARN] [GeckoLib/]: Unsupported geometry json version for model cgs:geo/weapons/hammer.geo.json. Supported versions: 1.12.0
[11Aug2026 20:54:16.471] [Worker-Main-3/WARN] [GeckoLib/]: Unsupported geometry json version for model ntgl:geo/weapons/gatling.geo.json. Supported versions: 1.12.0
[11Aug2026 20:54:16.474] [Worker-Main-1/WARN] [GeckoLib/]: Unsupported geometry json version for model cgs:geo/weapons/gatling.geo.json. Supported versions: 1.12.0
[11Aug2026 20:54:16.475] [Worker-Main-11/WARN] [GeckoLib/]: Unsupported geometry json version for model ntgl:geo/weapons/hammer.geo.json. Supported versions: 1.12.0
[11Aug2026 20:54:16.484] [Worker-Main-1/WARN] [GeckoLib/]: Unsupported geometry json version for model cgs:geo/weapons/nailgun.geo.json. Supported versions: 1.12.0
[11Aug2026 20:54:16.488] [Worker-Main-11/WARN] [GeckoLib/]: Unsupported geometry json version for model ntgl:geo/weapons/minigun.geo.json. Supported versions: 1.12.0
[11Aug2026 20:54:16.500] [Worker-Main-3/WARN] [GeckoLib/]: Unsupported geometry json version for model cgs:geo/weapons/launcher.geo.json. Supported versions: 1.12.0
[11Aug2026 20:54:16.511] [Worker-Main-6/INFO] [net.minecraft.client.gui.font.providers.UnihexProvider/]: Found unifont_all_no_pua-15.1.05.hex, loading
[11Aug2026 20:54:16.528] [Worker-Main-3/WARN] [GeckoLib/]: Unsupported geometry json version for model cgs:geo/weapons/revolver.geo.json. Supported versions: 1.12.0
[11Aug2026 20:54:16.535] [Worker-Main-4/WARN] [GeckoLib/]: Found animation file with improper file name format; animation files should end in .animation.json: 'irons_spellbooks:animations/ice_block_animations.json'
[11Aug2026 20:54:16.535] [Render thread/INFO] [de.keksuccino.konkrete.Konkrete/]: [KONKRETE] Client-side modules initialized and ready to use!
[11Aug2026 20:54:16.540] [Worker-Main-1/WARN] [GeckoLib/]: Unsupported geometry json version for model ntgl:geo/weapons/powdergun.geo.json. Supported versions: 1.12.0
[11Aug2026 20:54:16.541] [Worker-Main-3/WARN] [GeckoLib/]: Unsupported geometry json version for model ntgl:geo/weapons/revolver.geo.json. Supported versions: 1.12.0
[11Aug2026 20:54:16.547] [Worker-Main-11/WARN] [GeckoLib/]: Unsupported geometry json version for model ntgl:geo/weapons/pistol10mm.geo.json. Supported versions: 1.12.0
[11Aug2026 20:54:16.548] [Worker-Main-1/WARN] [GeckoLib/]: Unsupported geometry json version: 1.21.0 for model ntgl:geo/weapons/rpg.geo.json. Supported versions: 1.12.0. Remove any rotated face UVs and re-export the model to fix
[11Aug2026 20:54:16.551] [Worker-Main-11/WARN] [GeckoLib/]: Unsupported geometry json version for model ntgl:geo/weapons/stun_grenade.geo.json. Supported versions: 1.12.0
[11Aug2026 20:54:16.557] [Worker-Main-1/WARN] [GeckoLib/]: Unsupported geometry json version for model cgs:geo/weapons/shotgun.geo.json. Supported versions: 1.12.0
[11Aug2026 20:54:16.559] [Worker-Main-1/INFO] [net.minecraft.client.gui.font.providers.UnihexProvider/]: Found unifont_jp_patch-15.1.05.hex, loading
[11Aug2026 20:54:16.573] [Worker-Main-3/WARN] [GeckoLib/]: Unsupported geometry json version for model ntgl:geo/weapons/shotgun.geo.json. Supported versions: 1.12.0
[11Aug2026 20:54:16.596] [Worker-Main-7/WARN] [net.minecraft.client.sounds.SoundManager/]: File cgs:sounds/gun/revolver/fire/fire_01.ogg does not exist, cannot add it to event cgs:gun.revolver.fire
[11Aug2026 20:54:16.596] [Worker-Main-7/WARN] [net.minecraft.client.sounds.SoundManager/]: File cgs:sounds/gun/shotgun/fire/fire_03.ogg does not exist, cannot add it to event cgs:gun.shotgun.fire
[11Aug2026 20:54:16.598] [Worker-Main-7/WARN] [net.minecraft.client.sounds.SoundManager/]: File ntgl:sounds/item/assault_rifle/cock.ogg does not exist, cannot add it to event ntgl:item.assault_rifle.cock
[11Aug2026 20:54:16.598] [Worker-Main-7/WARN] [net.minecraft.client.sounds.SoundManager/]: File ntgl:sounds/item/bazooka/fire.ogg does not exist, cannot add it to event ntgl:item.bazooka.fire
[11Aug2026 20:54:16.625] [Worker-Main-3/WARN] [net.minecraft.client.renderer.texture.atlas.sources.PalettedPermutations/]: Unable to find texture slag:textures/armors/shovel_head/metal_layer_1.png
[11Aug2026 20:54:16.625] [Worker-Main-3/WARN] [net.minecraft.client.renderer.texture.atlas.sources.PalettedPermutations/]: Unable to find texture slag:textures/armors/shovel_head/metal_layer_2.png
[11Aug2026 20:54:16.626] [Worker-Main-3/WARN] [net.minecraft.client.renderer.texture.atlas.sources.PalettedPermutations/]: Unable to find texture slag:textures/armors/pickaxe_head/metal_layer_1.png
[11Aug2026 20:54:16.626] [Worker-Main-3/WARN] [net.minecraft.client.renderer.texture.atlas.sources.PalettedPermutations/]: Unable to find texture slag:textures/armors/pickaxe_head/metal_layer_2.png
[11Aug2026 20:54:16.626] [Worker-Main-3/WARN] [net.minecraft.client.renderer.texture.atlas.sources.PalettedPermutations/]: Unable to find texture slag:textures/armors/hoe_head/metal_layer_1.png
[11Aug2026 20:54:16.626] [Worker-Main-3/WARN] [net.minecraft.client.renderer.texture.atlas.sources.PalettedPermutations/]: Unable to find texture slag:textures/armors/hoe_head/metal_layer_2.png
[11Aug2026 20:54:16.627] [Worker-Main-3/WARN] [net.minecraft.client.renderer.texture.atlas.sources.PalettedPermutations/]: Unable to find texture slag:textures/armors/axe_head/metal_layer_1.png
[11Aug2026 20:54:16.627] [Worker-Main-3/WARN] [net.minecraft.client.renderer.texture.atlas.sources.PalettedPermutations/]: Unable to find texture slag:textures/armors/axe_head/metal_layer_2.png
[11Aug2026 20:54:16.627] [Worker-Main-3/WARN] [net.minecraft.client.renderer.texture.atlas.sources.PalettedPermutations/]: Unable to find texture slag:textures/armors/sword_blade/metal_layer_1.png
[11Aug2026 20:54:16.627] [Worker-Main-3/WARN] [net.minecraft.client.renderer.texture.atlas.sources.PalettedPermutations/]: Unable to find texture slag:textures/armors/sword_blade/metal_layer_2.png
[11Aug2026 20:54:16.628] [Worker-Main-3/WARN] [net.minecraft.client.renderer.texture.atlas.sources.PalettedPermutations/]: Unable to find texture slag:textures/armors/guard/metal_layer_1.png
[11Aug2026 20:54:16.628] [Worker-Main-3/WARN] [net.minecraft.client.renderer.texture.atlas.sources.PalettedPermutations/]: Unable to find texture slag:textures/armors/guard/metal_layer_2.png
[11Aug2026 20:54:16.630] [Worker-Main-3/WARN] [net.minecraft.client.renderer.texture.atlas.sources.PalettedPermutations/]: Unable to find texture slag:textures/armors/shovel_head/shiny_layer_1.png
[11Aug2026 20:54:16.630] [Worker-Main-3/WARN] [net.minecraft.client.renderer.texture.atlas.sources.PalettedPermutations/]: Unable to find texture slag:textures/armors/shovel_head/shiny_layer_2.png
[11Aug2026 20:54:16.631] [Worker-Main-3/WARN] [net.minecraft.client.renderer.texture.atlas.sources.PalettedPermutations/]: Unable to find texture slag:textures/armors/pickaxe_head/shiny_layer_1.png
[11Aug2026 20:54:16.631] [Worker-Main-3/WARN] [net.minecraft.client.renderer.texture.atlas.sources.PalettedPermutations/]: Unable to find texture slag:textures/armors/pickaxe_head/shiny_layer_2.png
[11Aug2026 20:54:16.631] [Worker-Main-3/WARN] [net.minecraft.client.renderer.texture.atlas.sources.PalettedPermutations/]: Unable to find texture slag:textures/armors/hoe_head/shiny_layer_1.png
[11Aug2026 20:54:16.631] [Worker-Main-3/WARN] [net.minecraft.client.renderer.texture.atlas.sources.PalettedPermutations/]: Unable to find texture slag:textures/armors/hoe_head/shiny_layer_2.png
[11Aug2026 20:54:16.631] [Worker-Main-3/WARN] [net.minecraft.client.renderer.texture.atlas.sources.PalettedPermutations/]: Unable to find texture slag:textures/armors/axe_head/shiny_layer_1.png
[11Aug2026 20:54:16.646] [Worker-Main-3/WARN] [net.minecraft.client.renderer.texture.atlas.sources.PalettedPermutations/]: Unable to find texture slag:textures/armors/axe_head/shiny_layer_2.png
[11Aug2026 20:54:16.653] [Worker-Main-3/WARN] [net.minecraft.client.renderer.texture.atlas.sources.PalettedPermutations/]: Unable to find texture slag:textures/armors/sword_blade/shiny_layer_1.png
[11Aug2026 20:54:16.657] [Worker-Main-3/WARN] [net.minecraft.client.renderer.texture.atlas.sources.PalettedPermutations/]: Unable to find texture slag:textures/armors/sword_blade/shiny_layer_2.png
[11Aug2026 20:54:16.660] [Worker-Main-5/WARN] [GeckoLib/]: Found animation file with improper file name format; animation files should end in .animation.json: 'irons_spellbooks:animations/root_animations.json'
[11Aug2026 20:54:16.680] [Worker-Main-3/WARN] [net.minecraft.client.renderer.texture.atlas.sources.PalettedPermutations/]: Unable to find texture slag:textures/armors/guard/shiny_layer_1.png
[11Aug2026 20:54:16.684] [Worker-Main-3/WARN] [net.minecraft.client.renderer.texture.atlas.sources.PalettedPermutations/]: Unable to find texture slag:textures/armors/guard/shiny_layer_2.png
[11Aug2026 20:54:16.693] [Worker-Main-3/WARN] [net.minecraft.client.renderer.texture.atlas.sources.PalettedPermutations/]: Unable to find texture slag:textures/armors/shovel_head/base_layer_1.png
[11Aug2026 20:54:16.695] [Worker-Main-3/WARN] [net.minecraft.client.renderer.texture.atlas.sources.PalettedPermutations/]: Unable to find texture slag:textures/armors/shovel_head/base_layer_2.png
[11Aug2026 20:54:16.696] [Worker-Main-3/WARN] [net.minecraft.client.renderer.texture.atlas.sources.PalettedPermutations/]: Unable to find texture slag:textures/armors/pickaxe_head/base_layer_1.png
[11Aug2026 20:54:16.696] [Worker-Main-3/WARN] [net.minecraft.client.renderer.texture.atlas.sources.PalettedPermutations/]: Unable to find texture slag:textures/armors/pickaxe_head/base_layer_2.png
[11Aug2026 20:54:16.697] [Worker-Main-3/WARN] [net.minecraft.client.renderer.texture.atlas.sources.PalettedPermutations/]: Unable to find texture slag:textures/armors/hoe_head/base_layer_1.png
[11Aug2026 20:54:16.700] [Worker-Main-4/WARN] [GeckoLib/]: Found animation file with improper file name format; animation files should end in .animation.json: 'irons_spellbooks:animations/spectral_hammer.json'
[11Aug2026 20:54:16.698] [Worker-Main-3/WARN] [net.minecraft.client.renderer.texture.atlas.sources.PalettedPermutations/]: Unable to find texture slag:textures/armors/hoe_head/base_layer_2.png
[11Aug2026 20:54:16.702] [Worker-Main-3/WARN] [net.minecraft.client.renderer.texture.atlas.sources.PalettedPermutations/]: Unable to find texture slag:textures/armors/axe_head/base_layer_1.png
[11Aug2026 20:54:16.706] [Worker-Main-3/WARN] [net.minecraft.client.renderer.texture.atlas.sources.PalettedPermutations/]: Unable to find texture slag:textures/armors/axe_head/base_layer_2.png
[11Aug2026 20:54:16.707] [Worker-Main-3/WARN] [net.minecraft.client.renderer.texture.atlas.sources.PalettedPermutations/]: Unable to find texture slag:textures/armors/sword_blade/base_layer_1.png
[11Aug2026 20:54:16.707] [Worker-Main-3/WARN] [net.minecraft.client.renderer.texture.atlas.sources.PalettedPermutations/]: Unable to find texture slag:textures/armors/sword_blade/base_layer_2.png
[11Aug2026 20:54:16.708] [Worker-Main-3/WARN] [net.minecraft.client.renderer.texture.atlas.sources.PalettedPermutations/]: Unable to find texture slag:textures/armors/guard/base_layer_1.png
[11Aug2026 20:54:16.710] [Worker-Main-4/WARN] [GeckoLib/]: Found animation file with improper file name format; animation files should end in .animation.json: 'irons_spellbooks:animations/summoned_weapon_animations.json'
[11Aug2026 20:54:16.729] [Worker-Main-9/WARN] [GeckoLib/]: Found animation file with improper file name format; animation files should end in .animation.json: 'irons_spellbooks:animations/void_tentacle_animations.json'
[11Aug2026 20:54:16.708] [Worker-Main-3/WARN] [net.minecraft.client.renderer.texture.atlas.sources.PalettedPermutations/]: Unable to find texture slag:textures/armors/guard/base_layer_2.png
[11Aug2026 20:54:16.733] [Worker-Main-3/WARN] [net.minecraft.client.renderer.texture.atlas.sources.PalettedPermutations/]: Unable to find texture slag:textures/armors/shovel_head/soft_layer_1.png
[11Aug2026 20:54:16.733] [Worker-Main-3/WARN] [net.minecraft.client.renderer.texture.atlas.sources.PalettedPermutations/]: Unable to find texture slag:textures/armors/shovel_head/soft_layer_2.png
[11Aug2026 20:54:16.733] [Worker-Main-3/WARN] [net.minecraft.client.renderer.texture.atlas.sources.PalettedPermutations/]: Unable to find texture slag:textures/armors/pickaxe_head/soft_layer_1.png
[11Aug2026 20:54:16.734] [Worker-Main-3/WARN] [net.minecraft.client.renderer.texture.atlas.sources.PalettedPermutations/]: Unable to find texture slag:textures/armors/pickaxe_head/soft_layer_2.png
[11Aug2026 20:54:16.738] [Worker-Main-3/WARN] [net.minecraft.client.renderer.texture.atlas.sources.PalettedPermutations/]: Unable to find texture slag:textures/armors/hoe_head/soft_layer_1.png
[11Aug2026 20:54:16.738] [Worker-Main-3/WARN] [net.minecraft.client.renderer.texture.atlas.sources.PalettedPermutations/]: Unable to find texture slag:textures/armors/hoe_head/soft_layer_2.png
[11Aug2026 20:54:16.738] [Worker-Main-3/WARN] [net.minecraft.client.renderer.texture.atlas.sources.PalettedPermutations/]: Unable to find texture slag:textures/armors/axe_head/soft_layer_1.png
[11Aug2026 20:54:16.739] [Worker-Main-3/WARN] [net.minecraft.client.renderer.texture.atlas.sources.PalettedPermutations/]: Unable to find texture slag:textures/armors/axe_head/soft_layer_2.png
[11Aug2026 20:54:16.739] [Worker-Main-3/WARN] [net.minecraft.client.renderer.texture.atlas.sources.PalettedPermutations/]: Unable to find texture slag:textures/armors/sword_blade/soft_layer_1.png
[11Aug2026 20:54:16.739] [Worker-Main-3/WARN] [net.minecraft.client.renderer.texture.atlas.sources.PalettedPermutations/]: Unable to find texture slag:textures/armors/sword_blade/soft_layer_2.png
[11Aug2026 20:54:16.739] [Worker-Main-3/WARN] [net.minecraft.client.renderer.texture.atlas.sources.PalettedPermutations/]: Unable to find texture slag:textures/armors/guard/soft_layer_1.png
[11Aug2026 20:54:16.739] [Worker-Main-3/WARN] [net.minecraft.client.renderer.texture.atlas.sources.PalettedPermutations/]: Unable to find texture slag:textures/armors/guard/soft_layer_2.png
[11Aug2026 20:54:16.754] [Worker-Main-5/WARN] [GeckoLib/]: Found animation file with improper file name format; animation files should end in .animation.json: 'irons_spellbooks:animations/wizard_armor_animation.json'
[11Aug2026 20:54:16.754] [Worker-Main-3/ERROR] [net.minecraft.Util/]: Invalid path in pack: createdeco:textures/block/palettes/decals/BLANK_decal_dont_use.png, ignoring
[11Aug2026 20:54:16.754] [Worker-Main-8/WARN] [GeckoLib/]: Found animation file with improper file name format; animation files should end in .animation.json: 'irons_lib:animations/wizard_armor_animation.json'
[11Aug2026 20:54:16.850] [Worker-Main-3/ERROR] [net.minecraft.Util/]: Invalid path in pack: create_stats:textures/block/rpm_governor/.Rhistory, ignoring
[11Aug2026 20:54:16.956] [Worker-Main-3/ERROR] [net.minecraft.Util/]: Invalid path in pack: irons_jewelry:textures/item/base/Untitled-2.psd, ignoring
[11Aug2026 20:54:16.977] [Worker-Main-3/WARN] [net.minecraft.client.renderer.texture.atlas.sources.PalettedPermutations/]: Unable to find texture slag:textures/item/metal/axe_head.png
[11Aug2026 20:54:16.977] [Worker-Main-3/WARN] [net.minecraft.client.renderer.texture.atlas.sources.PalettedPermutations/]: Unable to find texture slag:textures/item/metal/hoe_head.png
[11Aug2026 20:54:16.977] [Worker-Main-3/WARN] [net.minecraft.client.renderer.texture.atlas.sources.PalettedPermutations/]: Unable to find texture slag:textures/item/metal/pickaxe_head.png
[11Aug2026 20:54:16.978] [Worker-Main-3/WARN] [net.minecraft.client.renderer.texture.atlas.sources.PalettedPermutations/]: Unable to find texture slag:textures/item/metal/shovel_head.png
[11Aug2026 20:54:16.978] [Worker-Main-3/WARN] [net.minecraft.client.renderer.texture.atlas.sources.PalettedPermutations/]: Unable to find texture slag:textures/item/metal/sword_blade.png
[11Aug2026 20:54:16.978] [Worker-Main-3/WARN] [net.minecraft.client.renderer.texture.atlas.sources.PalettedPermutations/]: Unable to find texture slag:textures/item/metal/guard.png
[11Aug2026 20:54:16.978] [Worker-Main-3/WARN] [net.minecraft.client.renderer.texture.atlas.sources.PalettedPermutations/]: Unable to find texture slag:textures/item/built/metal/axe_head.png
[11Aug2026 20:54:16.978] [Worker-Main-3/WARN] [net.minecraft.client.renderer.texture.atlas.sources.PalettedPermutations/]: Unable to find texture slag:textures/item/built/metal/hoe_head.png
[11Aug2026 20:54:16.979] [Worker-Main-3/WARN] [net.minecraft.client.renderer.texture.atlas.sources.PalettedPermutations/]: Unable to find texture slag:textures/item/built/metal/pickaxe_head.png
[11Aug2026 20:54:16.979] [Worker-Main-3/WARN] [net.minecraft.client.renderer.texture.atlas.sources.PalettedPermutations/]: Unable to find texture slag:textures/item/built/metal/shovel_head.png
[11Aug2026 20:54:16.979] [Worker-Main-3/WARN] [net.minecraft.client.renderer.texture.atlas.sources.PalettedPermutations/]: Unable to find texture slag:textures/item/built/metal/sword_blade.png
[11Aug2026 20:54:16.979] [Worker-Main-3/WARN] [net.minecraft.client.renderer.texture.atlas.sources.PalettedPermutations/]: Unable to find texture slag:textures/item/built/metal/guard.png
[11Aug2026 20:54:16.979] [Worker-Main-3/WARN] [net.minecraft.client.renderer.texture.atlas.sources.PalettedPermutations/]: Unable to find texture slag:textures/item/built/metal/axe_hammer.png
[11Aug2026 20:54:16.979] [Worker-Main-3/WARN] [net.minecraft.client.renderer.texture.atlas.sources.PalettedPermutations/]: Unable to find texture slag:textures/item/built/metal/axe_mallet.png
[11Aug2026 20:54:16.980] [Worker-Main-3/WARN] [net.minecraft.client.renderer.texture.atlas.sources.PalettedPermutations/]: Unable to find texture slag:textures/item/built/metal/axe_mattock.png
[11Aug2026 20:54:16.980] [Worker-Main-3/WARN] [net.minecraft.client.renderer.texture.atlas.sources.PalettedPermutations/]: Unable to find texture slag:textures/item/built/metal/axe_maul.png
[11Aug2026 20:54:16.980] [Worker-Main-3/WARN] [net.minecraft.client.renderer.texture.atlas.sources.PalettedPermutations/]: Unable to find texture slag:textures/item/built/metal/hoe_graip.png
[11Aug2026 20:54:16.980] [Worker-Main-3/WARN] [net.minecraft.client.renderer.texture.atlas.sources.PalettedPermutations/]: Unable to find texture slag:textures/item/built/metal/hoe_mattock.png
[11Aug2026 20:54:16.980] [Worker-Main-3/WARN] [net.minecraft.client.renderer.texture.atlas.sources.PalettedPermutations/]: Unable to find texture slag:textures/item/built/metal/hoe_scythe.png
[11Aug2026 20:54:16.981] [Worker-Main-3/WARN] [net.minecraft.client.renderer.texture.atlas.sources.PalettedPermutations/]: Unable to find texture slag:textures/item/built/metal/pickaxe_hammer.png
[11Aug2026 20:54:16.981] [Worker-Main-3/WARN] [net.minecraft.client.renderer.texture.atlas.sources.PalettedPermutations/]: Unable to find texture slag:textures/item/built/metal/pickaxe_mallet.png
[11Aug2026 20:54:16.981] [Worker-Main-3/WARN] [net.minecraft.client.renderer.texture.atlas.sources.PalettedPermutations/]: Unable to find texture slag:textures/item/built/metal/pickaxe_maul.png
[11Aug2026 20:54:16.981] [Worker-Main-3/WARN] [net.minecraft.client.renderer.texture.atlas.sources.PalettedPermutations/]: Unable to find texture slag:textures/item/built/metal/pickaxe_prybar.png
[11Aug2026 20:54:16.981] [Worker-Main-3/WARN] [net.minecraft.client.renderer.texture.atlas.sources.PalettedPermutations/]: Unable to find texture slag:textures/item/built/metal/shovel_graip.png
[11Aug2026 20:54:16.982] [Worker-Main-3/WARN] [net.minecraft.client.renderer.texture.atlas.sources.PalettedPermutations/]: Unable to find texture slag:textures/item/built/metal/shovel_hammer.png
[11Aug2026 20:54:16.983] [Worker-Main-3/WARN] [net.minecraft.client.renderer.texture.atlas.sources.PalettedPermutations/]: Unable to find texture slag:textures/item/built/metal/shovel_prybar.png
[11Aug2026 20:54:16.983] [Worker-Main-3/WARN] [net.minecraft.client.renderer.texture.atlas.sources.PalettedPermutations/]: Unable to find texture slag:textures/item/built/metal/sword_maul.png
[11Aug2026 20:54:16.984] [Worker-Main-3/WARN] [net.minecraft.client.renderer.texture.atlas.sources.PalettedPermutations/]: Unable to find texture slag:textures/item/built/metal/sword_scythe.png
[11Aug2026 20:54:16.984] [Worker-Main-3/WARN] [net.minecraft.client.renderer.texture.atlas.sources.PalettedPermutations/]: Unable to find texture slag:textures/item/built/metal/guard_scythe.png
[11Aug2026 20:54:16.984] [Worker-Main-3/WARN] [net.minecraft.client.renderer.texture.atlas.sources.PalettedPermutations/]: Unable to find texture slag:textures/item/built/metal/axe_paxel.png
[11Aug2026 20:54:16.984] [Worker-Main-3/WARN] [net.minecraft.client.renderer.texture.atlas.sources.PalettedPermutations/]: Unable to find texture slag:textures/item/built/metal/hoe_paxel.png
[11Aug2026 20:54:16.984] [Worker-Main-3/WARN] [net.minecraft.client.renderer.texture.atlas.sources.PalettedPermutations/]: Unable to find texture slag:textures/item/built/metal/pickaxe_paxel.png
[11Aug2026 20:54:16.984] [Worker-Main-3/WARN] [net.minecraft.client.renderer.texture.atlas.sources.PalettedPermutations/]: Unable to find texture slag:textures/item/built/metal/shovel_paxel.png
[11Aug2026 20:54:16.985] [Worker-Main-3/WARN] [net.minecraft.client.renderer.texture.atlas.sources.PalettedPermutations/]: Unable to find texture slag:textures/item/built/metal/sword_paxel.png
[11Aug2026 20:54:16.985] [Worker-Main-3/WARN] [net.minecraft.client.renderer.texture.atlas.sources.PalettedPermutations/]: Unable to find texture slag:textures/item/soft/axe_head.png
[11Aug2026 20:54:16.985] [Worker-Main-3/WARN] [net.minecraft.client.renderer.texture.atlas.sources.PalettedPermutations/]: Unable to find texture slag:textures/item/soft/hoe_head.png
[11Aug2026 20:54:16.985] [Worker-Main-3/WARN] [net.minecraft.client.renderer.texture.atlas.sources.PalettedPermutations/]: Unable to find texture slag:textures/item/soft/pickaxe_head.png
[11Aug2026 20:54:16.985] [Worker-Main-3/WARN] [net.minecraft.client.renderer.texture.atlas.sources.PalettedPermutations/]: Unable to find texture slag:textures/item/soft/shovel_head.png
[11Aug2026 20:54:16.986] [Worker-Main-3/WARN] [net.minecraft.client.renderer.texture.atlas.sources.PalettedPermutations/]: Unable to find texture slag:textures/item/soft/sword_blade.png
[11Aug2026 20:54:16.986] [Worker-Main-3/WARN] [net.minecraft.client.renderer.texture.atlas.sources.PalettedPermutations/]: Unable to find texture slag:textures/item/soft/guard.png
[11Aug2026 20:54:16.986] [Worker-Main-3/WARN] [net.minecraft.client.renderer.texture.atlas.sources.PalettedPermutations/]: Unable to find texture slag:textures/item/built/soft/axe_head.png
[11Aug2026 20:54:16.986] [Worker-Main-3/WARN] [net.minecraft.client.renderer.texture.atlas.sources.PalettedPermutations/]: Unable to find texture slag:textures/item/built/soft/hoe_head.png
[11Aug2026 20:54:16.986] [Worker-Main-3/WARN] [net.minecraft.client.renderer.texture.atlas.sources.PalettedPermutations/]: Unable to find texture slag:textures/item/built/soft/pickaxe_head.png
[11Aug2026 20:54:16.986] [Worker-Main-3/WARN] [net.minecraft.client.renderer.texture.atlas.sources.PalettedPermutations/]: Unable to find texture slag:textures/item/built/soft/shovel_head.png
[11Aug2026 20:54:16.986] [Worker-Main-3/WARN] [net.minecraft.client.renderer.texture.atlas.sources.PalettedPermutations/]: Unable to find texture slag:textures/item/built/soft/sword_blade.png
[11Aug2026 20:54:16.987] [Worker-Main-3/WARN] [net.minecraft.client.renderer.texture.atlas.sources.PalettedPermutations/]: Unable to find texture slag:textures/item/built/soft/guard.png
[11Aug2026 20:54:16.987] [Worker-Main-3/WARN] [net.minecraft.client.renderer.texture.atlas.sources.PalettedPermutations/]: Unable to find texture slag:textures/item/built/soft/axe_hammer.png
[11Aug2026 20:54:16.987] [Worker-Main-3/WARN] [net.minecraft.client.renderer.texture.atlas.sources.PalettedPermutations/]: Unable to find texture slag:textures/item/built/soft/axe_mallet.png
[11Aug2026 20:54:16.987] [Worker-Main-3/WARN] [net.minecraft.client.renderer.texture.atlas.sources.PalettedPermutations/]: Unable to find texture slag:textures/item/built/soft/axe_mattock.png
[11Aug2026 20:54:16.987] [Worker-Main-3/WARN] [net.minecraft.client.renderer.texture.atlas.sources.PalettedPermutations/]: Unable to find texture slag:textures/item/built/soft/axe_maul.png
[11Aug2026 20:54:16.987] [Worker-Main-3/WARN] [net.minecraft.client.renderer.texture.atlas.sources.PalettedPermutations/]: Unable to find texture slag:textures/item/built/soft/hoe_graip.png
[11Aug2026 20:54:16.988] [Worker-Main-3/WARN] [net.minecraft.client.renderer.texture.atlas.sources.PalettedPermutations/]: Unable to find texture slag:textures/item/built/soft/hoe_mattock.png
[11Aug2026 20:54:16.988] [Worker-Main-3/WARN] [net.minecraft.client.renderer.texture.atlas.sources.PalettedPermutations/]: Unable to find texture slag:textures/item/built/soft/hoe_scythe.png
[11Aug2026 20:54:16.988] [Worker-Main-3/WARN] [net.minecraft.client.renderer.texture.atlas.sources.PalettedPermutations/]: Unable to find texture slag:textures/item/built/soft/pickaxe_hammer.png
[11Aug2026 20:54:16.988] [Worker-Main-3/WARN] [net.minecraft.client.renderer.texture.atlas.sources.PalettedPermutations/]: Unable to find texture slag:textures/item/built/soft/pickaxe_mallet.png
[11Aug2026 20:54:16.988] [Worker-Main-3/WARN] [net.minecraft.client.renderer.texture.atlas.sources.PalettedPermutations/]: Unable to find texture slag:textures/item/built/soft/pickaxe_maul.png
[11Aug2026 20:54:16.988] [Worker-Main-3/WARN] [net.minecraft.client.renderer.texture.atlas.sources.PalettedPermutations/]: Unable to find texture slag:textures/item/built/soft/pickaxe_prybar.png
[11Aug2026 20:54:16.989] [Worker-Main-3/WARN] [net.minecraft.client.renderer.texture.atlas.sources.PalettedPermutations/]: Unable to find texture slag:textures/item/built/soft/shovel_graip.png
[11Aug2026 20:54:16.989] [Worker-Main-3/WARN] [net.minecraft.client.renderer.texture.atlas.sources.PalettedPermutations/]: Unable to find texture slag:textures/item/built/soft/shovel_hammer.png
[11Aug2026 20:54:16.989] [Worker-Main-3/WARN] [net.minecraft.client.renderer.texture.atlas.sources.PalettedPermutations/]: Unable to find texture slag:textures/item/built/soft/shovel_prybar.png
[11Aug2026 20:54:16.989] [Worker-Main-3/WARN] [net.minecraft.client.renderer.texture.atlas.sources.PalettedPermutations/]: Unable to find texture slag:textures/item/built/soft/sword_maul.png
[11Aug2026 20:54:16.989] [Worker-Main-3/WARN] [net.minecraft.client.renderer.texture.atlas.sources.PalettedPermutations/]: Unable to find texture slag:textures/item/built/soft/sword_scythe.png
[11Aug2026 20:54:16.989] [Worker-Main-3/WARN] [net.minecraft.client.renderer.texture.atlas.sources.PalettedPermutations/]: Unable to find texture slag:textures/item/built/soft/guard_scythe.png
[11Aug2026 20:54:16.990] [Worker-Main-3/WARN] [net.minecraft.client.renderer.texture.atlas.sources.PalettedPermutations/]: Unable to find texture slag:textures/item/built/soft/axe_paxel.png
[11Aug2026 20:54:16.990] [Worker-Main-3/WARN] [net.minecraft.client.renderer.texture.atlas.sources.PalettedPermutations/]: Unable to find texture slag:textures/item/built/soft/hoe_paxel.png
[11Aug2026 20:54:16.990] [Worker-Main-3/WARN] [net.minecraft.client.renderer.texture.atlas.sources.PalettedPermutations/]: Unable to find texture slag:textures/item/built/soft/pickaxe_paxel.png
[11Aug2026 20:54:16.990] [Worker-Main-3/WARN] [net.minecraft.client.renderer.texture.atlas.sources.PalettedPermutations/]: Unable to find texture slag:textures/item/built/soft/shovel_paxel.png
[11Aug2026 20:54:16.990] [Worker-Main-3/WARN] [net.minecraft.client.renderer.texture.atlas.sources.PalettedPermutations/]: Unable to find texture slag:textures/item/built/soft/sword_paxel.png
[11Aug2026 20:54:16.990] [Worker-Main-3/WARN] [net.minecraft.client.renderer.texture.atlas.sources.PalettedPermutations/]: Unable to find texture slag:textures/item/shiny/axe_head.png
[11Aug2026 20:54:16.991] [Worker-Main-3/WARN] [net.minecraft.client.renderer.texture.atlas.sources.PalettedPermutations/]: Unable to find texture slag:textures/item/shiny/hoe_head.png
[11Aug2026 20:54:16.991] [Worker-Main-3/WARN] [net.minecraft.client.renderer.texture.atlas.sources.PalettedPermutations/]: Unable to find texture slag:textures/item/shiny/pickaxe_head.png
[11Aug2026 20:54:16.991] [Worker-Main-3/WARN] [net.minecraft.client.renderer.texture.atlas.sources.PalettedPermutations/]: Unable to find texture slag:textures/item/shiny/shovel_head.png
[11Aug2026 20:54:16.991] [Worker-Main-3/WARN] [net.minecraft.client.renderer.texture.atlas.sources.PalettedPermutations/]: Unable to find texture slag:textures/item/shiny/sword_blade.png
[11Aug2026 20:54:16.991] [Worker-Main-3/WARN] [net.minecraft.client.renderer.texture.atlas.sources.PalettedPermutations/]: Unable to find texture slag:textures/item/shiny/guard.png
[11Aug2026 20:54:16.992] [Worker-Main-3/WARN] [net.minecraft.client.renderer.texture.atlas.sources.PalettedPermutations/]: Unable to find texture slag:textures/item/built/shiny/axe_head.png
[11Aug2026 20:54:16.992] [Worker-Main-3/WARN] [net.minecraft.client.renderer.texture.atlas.sources.PalettedPermutations/]: Unable to find texture slag:textures/item/built/shiny/hoe_head.png
[11Aug2026 20:54:16.993] [Worker-Main-3/WARN] [net.minecraft.client.renderer.texture.atlas.sources.PalettedPermutations/]: Unable to find texture slag:textures/item/built/shiny/pickaxe_head.png
[11Aug2026 20:54:16.993] [Worker-Main-3/WARN] [net.minecraft.client.renderer.texture.atlas.sources.PalettedPermutations/]: Unable to find texture slag:textures/item/built/shiny/shovel_head.png
[11Aug2026 20:54:16.993] [Worker-Main-3/WARN] [net.minecraft.client.renderer.texture.atlas.sources.PalettedPermutations/]: Unable to find texture slag:textures/item/built/shiny/sword_blade.png
[11Aug2026 20:54:16.993] [Worker-Main-3/WARN] [net.minecraft.client.renderer.texture.atlas.sources.PalettedPermutations/]: Unable to find texture slag:textures/item/built/shiny/guard.png
[11Aug2026 20:54:16.994] [Worker-Main-3/WARN] [net.minecraft.client.renderer.texture.atlas.sources.PalettedPermutations/]: Unable to find texture slag:textures/item/built/shiny/axe_hammer.png
[11Aug2026 20:54:16.994] [Worker-Main-3/WARN] [net.minecraft.client.renderer.texture.atlas.sources.PalettedPermutations/]: Unable to find texture slag:textures/item/built/shiny/axe_mallet.png
[11Aug2026 20:54:16.994] [Worker-Main-3/WARN] [net.minecraft.client.renderer.texture.atlas.sources.PalettedPermutations/]: Unable to find texture slag:textures/item/built/shiny/axe_mattock.png
[11Aug2026 20:54:16.994] [Worker-Main-3/WARN] [net.minecraft.client.renderer.texture.atlas.sources.PalettedPermutations/]: Unable to find texture slag:textures/item/built/shiny/axe_maul.png
[11Aug2026 20:54:16.994] [Worker-Main-3/WARN] [net.minecraft.client.renderer.texture.atlas.sources.PalettedPermutations/]: Unable to find texture slag:textures/item/built/shiny/hoe_graip.png
[11Aug2026 20:54:16.996] [Worker-Main-3/WARN] [net.minecraft.client.renderer.texture.atlas.sources.PalettedPermutations/]: Unable to find texture slag:textures/item/built/shiny/hoe_mattock.png
[11Aug2026 20:54:16.999] [NeoForge Version Check/INFO] [net.neoforged.fml.VersionChecker/]: [copycats] Found status: AHEAD Current: 3.0.4+mc.1.21.1-neoforge Target: null
[11Aug2026 20:54:16.997] [Worker-Main-3/WARN] [net.minecraft.client.renderer.texture.atlas.sources.PalettedPermutations/]: Unable to find texture slag:textures/item/built/shiny/hoe_scythe.png
[11Aug2026 20:54:16.999] [NeoForge Version Check/INFO] [net.neoforged.fml.VersionChecker/]: [clumps] Starting version check at https://updates.blamejared.com/get?n=clumps&gv=1.21.1&ml=neoforge
[11Aug2026 20:54:17.062] [Worker-Main-3/WARN] [net.minecraft.client.renderer.texture.atlas.sources.PalettedPermutations/]: Unable to find texture slag:textures/item/built/shiny/pickaxe_hammer.png
[11Aug2026 20:54:17.067] [Worker-Main-3/WARN] [net.minecraft.client.renderer.texture.atlas.sources.PalettedPermutations/]: Unable to find texture slag:textures/item/built/shiny/pickaxe_mallet.png
[11Aug2026 20:54:17.067] [Worker-Main-3/WARN] [net.minecraft.client.renderer.texture.atlas.sources.PalettedPermutations/]: Unable to find texture slag:textures/item/built/shiny/pickaxe_maul.png
[11Aug2026 20:54:17.067] [Worker-Main-3/WARN] [net.minecraft.client.renderer.texture.atlas.sources.PalettedPermutations/]: Unable to find texture slag:textures/item/built/shiny/pickaxe_prybar.png
[11Aug2026 20:54:17.067] [Worker-Main-3/WARN] [net.minecraft.client.renderer.texture.atlas.sources.PalettedPermutations/]: Unable to find texture slag:textures/item/built/shiny/shovel_graip.png
[11Aug2026 20:54:17.067] [Worker-Main-3/WARN] [net.minecraft.client.renderer.texture.atlas.sources.PalettedPermutations/]: Unable to find texture slag:textures/item/built/shiny/shovel_hammer.png
[11Aug2026 20:54:17.068] [Worker-Main-3/WARN] [net.minecraft.client.renderer.texture.atlas.sources.PalettedPermutations/]: Unable to find texture slag:textures/item/built/shiny/shovel_prybar.png
[11Aug2026 20:54:17.068] [Worker-Main-3/WARN] [net.minecraft.client.renderer.texture.atlas.sources.PalettedPermutations/]: Unable to find texture slag:textures/item/built/shiny/sword_maul.png
[11Aug2026 20:54:17.068] [Worker-Main-3/WARN] [net.minecraft.client.renderer.texture.atlas.sources.PalettedPermutations/]: Unable to find texture slag:textures/item/built/shiny/sword_scythe.png
[11Aug2026 20:54:17.068] [Worker-Main-3/WARN] [net.minecraft.client.renderer.texture.atlas.sources.PalettedPermutations/]: Unable to find texture slag:textures/item/built/shiny/guard_scythe.png
[11Aug2026 20:54:17.069] [Worker-Main-3/WARN] [net.minecraft.client.renderer.texture.atlas.sources.PalettedPermutations/]: Unable to find texture slag:textures/item/built/shiny/axe_paxel.png
[11Aug2026 20:54:17.069] [Worker-Main-3/WARN] [net.minecraft.client.renderer.texture.atlas.sources.PalettedPermutations/]: Unable to find texture slag:textures/item/built/shiny/hoe_paxel.png
[11Aug2026 20:54:17.069] [Worker-Main-3/WARN] [net.minecraft.client.renderer.texture.atlas.sources.PalettedPermutations/]: Unable to find texture slag:textures/item/built/shiny/pickaxe_paxel.png
[11Aug2026 20:54:17.069] [Worker-Main-3/WARN] [net.minecraft.client.renderer.texture.atlas.sources.PalettedPermutations/]: Unable to find texture slag:textures/item/built/shiny/shovel_paxel.png
[11Aug2026 20:54:17.070] [Worker-Main-3/WARN] [net.minecraft.client.renderer.texture.atlas.sources.PalettedPermutations/]: Unable to find texture slag:textures/item/built/shiny/sword_paxel.png
[11Aug2026 20:54:17.070] [Worker-Main-3/WARN] [net.minecraft.client.renderer.texture.atlas.sources.PalettedPermutations/]: Unable to find texture slag:textures/item/built/axe_head.png
[11Aug2026 20:54:17.070] [Worker-Main-3/WARN] [net.minecraft.client.renderer.texture.atlas.sources.PalettedPermutations/]: Unable to find texture slag:textures/item/built/hoe_head.png
[11Aug2026 20:54:17.071] [Worker-Main-3/WARN] [net.minecraft.client.renderer.texture.atlas.sources.PalettedPermutations/]: Unable to find texture slag:textures/item/built/pickaxe_head.png
[11Aug2026 20:54:17.071] [Worker-Main-3/WARN] [net.minecraft.client.renderer.texture.atlas.sources.PalettedPermutations/]: Unable to find texture slag:textures/item/built/shovel_head.png
[11Aug2026 20:54:17.071] [Worker-Main-3/WARN] [net.minecraft.client.renderer.texture.atlas.sources.PalettedPermutations/]: Unable to find texture slag:textures/item/built/sword_blade.png
[11Aug2026 20:54:17.071] [Worker-Main-3/WARN] [net.minecraft.client.renderer.texture.atlas.sources.PalettedPermutations/]: Unable to find texture slag:textures/item/built/guard.png
[11Aug2026 20:54:17.071] [Worker-Main-3/WARN] [net.minecraft.client.renderer.texture.atlas.sources.PalettedPermutations/]: Unable to find texture slag:textures/item/built/axe_hammer.png
[11Aug2026 20:54:17.072] [Worker-Main-3/WARN] [net.minecraft.client.renderer.texture.atlas.sources.PalettedPermutations/]: Unable to find texture slag:textures/item/built/axe_mallet.png
[11Aug2026 20:54:17.072] [Worker-Main-3/WARN] [net.minecraft.client.renderer.texture.atlas.sources.PalettedPermutations/]: Unable to find texture slag:textures/item/built/axe_mattock.png
[11Aug2026 20:54:17.072] [Worker-Main-3/WARN] [net.minecraft.client.renderer.texture.atlas.sources.PalettedPermutations/]: Unable to find texture slag:textures/item/built/axe_maul.png
[11Aug2026 20:54:17.072] [Worker-Main-3/WARN] [net.minecraft.client.renderer.texture.atlas.sources.PalettedPermutations/]: Unable to find texture slag:textures/item/built/hoe_graip.png
[11Aug2026 20:54:17.073] [Worker-Main-3/WARN] [net.minecraft.client.renderer.texture.atlas.sources.PalettedPermutations/]: Unable to find texture slag:textures/item/built/hoe_mattock.png
[11Aug2026 20:54:17.073] [Worker-Main-3/WARN] [net.minecraft.client.renderer.texture.atlas.sources.PalettedPermutations/]: Unable to find texture slag:textures/item/built/hoe_scythe.png
[11Aug2026 20:54:17.073] [Worker-Main-3/WARN] [net.minecraft.client.renderer.texture.atlas.sources.PalettedPermutations/]: Unable to find texture slag:textures/item/built/pickaxe_hammer.png
[11Aug2026 20:54:17.074] [Worker-Main-3/WARN] [net.minecraft.client.renderer.texture.atlas.sources.PalettedPermutations/]: Unable to find texture slag:textures/item/built/pickaxe_mallet.png
[11Aug2026 20:54:17.074] [Worker-Main-3/WARN] [net.minecraft.client.renderer.texture.atlas.sources.PalettedPermutations/]: Unable to find texture slag:textures/item/built/pickaxe_maul.png
[11Aug2026 20:54:17.074] [Worker-Main-3/WARN] [net.minecraft.client.renderer.texture.atlas.sources.PalettedPermutations/]: Unable to find texture slag:textures/item/built/pickaxe_prybar.png
[11Aug2026 20:54:17.074] [Worker-Main-3/WARN] [net.minecraft.client.renderer.texture.atlas.sources.PalettedPermutations/]: Unable to find texture slag:textures/item/built/shovel_graip.png
[11Aug2026 20:54:17.075] [Worker-Main-3/WARN] [net.minecraft.client.renderer.texture.atlas.sources.PalettedPermutations/]: Unable to find texture slag:textures/item/built/shovel_hammer.png
[11Aug2026 20:54:17.075] [Worker-Main-3/WARN] [net.minecraft.client.renderer.texture.atlas.sources.PalettedPermutations/]: Unable to find texture slag:textures/item/built/shovel_prybar.png
[11Aug2026 20:54:17.075] [Worker-Main-3/WARN] [net.minecraft.client.renderer.texture.atlas.sources.PalettedPermutations/]: Unable to find texture slag:textures/item/built/sword_maul.png
[11Aug2026 20:54:17.075] [Worker-Main-3/WARN] [net.minecraft.client.renderer.texture.atlas.sources.PalettedPermutations/]: Unable to find texture slag:textures/item/built/sword_scythe.png
[11Aug2026 20:54:17.075] [Worker-Main-3/WARN] [net.minecraft.client.renderer.texture.atlas.sources.PalettedPermutations/]: Unable to find texture slag:textures/item/built/guard_scythe.png
[11Aug2026 20:54:17.076] [Worker-Main-3/WARN] [net.minecraft.client.renderer.texture.atlas.sources.PalettedPermutations/]: Unable to find texture slag:textures/item/built/axe_paxel.png
[11Aug2026 20:54:17.076] [Worker-Main-3/WARN] [net.minecraft.client.renderer.texture.atlas.sources.PalettedPermutations/]: Unable to find texture slag:textures/item/built/hoe_paxel.png
[11Aug2026 20:54:17.076] [Worker-Main-3/WARN] [net.minecraft.client.renderer.texture.atlas.sources.PalettedPermutations/]: Unable to find texture slag:textures/item/built/pickaxe_paxel.png
[11Aug2026 20:54:17.077] [Worker-Main-3/WARN] [net.minecraft.client.renderer.texture.atlas.sources.PalettedPermutations/]: Unable to find texture slag:textures/item/built/shovel_paxel.png
[11Aug2026 20:54:17.077] [Worker-Main-3/WARN] [net.minecraft.client.renderer.texture.atlas.sources.PalettedPermutations/]: Unable to find texture slag:textures/item/built/sword_paxel.png
[11Aug2026 20:54:17.089] [Worker-Main-3/WARN] [net.minecraft.client.renderer.texture.atlas.sources.PalettedPermutations/]: Unable to find texture slag:textures/item/soft/axe_head.png
[11Aug2026 20:54:17.089] [Worker-Main-3/WARN] [net.minecraft.client.renderer.texture.atlas.sources.PalettedPermutations/]: Unable to find texture slag:textures/item/soft/hoe_head.png
[11Aug2026 20:54:17.090] [Worker-Main-3/WARN] [net.minecraft.client.renderer.texture.atlas.sources.PalettedPermutations/]: Unable to find texture slag:textures/item/soft/pickaxe_head.png
[11Aug2026 20:54:17.090] [Worker-Main-3/WARN] [net.minecraft.client.renderer.texture.atlas.sources.PalettedPermutations/]: Unable to find texture slag:textures/item/soft/shovel_head.png
[11Aug2026 20:54:17.090] [Worker-Main-3/WARN] [net.minecraft.client.renderer.texture.atlas.sources.PalettedPermutations/]: Unable to find texture slag:textures/item/soft/sword_blade.png
[11Aug2026 20:54:17.090] [Worker-Main-3/WARN] [net.minecraft.client.renderer.texture.atlas.sources.PalettedPermutations/]: Unable to find texture slag:textures/item/soft/guard.png
[11Aug2026 20:54:17.091] [Worker-Main-3/WARN] [net.minecraft.client.renderer.texture.atlas.sources.PalettedPermutations/]: Unable to find texture slag:textures/item/built/soft/axe_head.png
[11Aug2026 20:54:17.091] [Worker-Main-3/WARN] [net.minecraft.client.renderer.texture.atlas.sources.PalettedPermutations/]: Unable to find texture slag:textures/item/built/soft/hoe_head.png
[11Aug2026 20:54:17.091] [Worker-Main-3/WARN] [net.minecraft.client.renderer.texture.atlas.sources.PalettedPermutations/]: Unable to find texture slag:textures/item/built/soft/pickaxe_head.png
[11Aug2026 20:54:17.091] [Worker-Main-3/WARN] [net.minecraft.client.renderer.texture.atlas.sources.PalettedPermutations/]: Unable to find texture slag:textures/item/built/soft/shovel_head.png
[11Aug2026 20:54:17.091] [Worker-Main-3/WARN] [net.minecraft.client.renderer.texture.atlas.sources.PalettedPermutations/]: Unable to find texture slag:textures/item/built/soft/sword_blade.png
[11Aug2026 20:54:17.092] [Worker-Main-3/WARN] [net.minecraft.client.renderer.texture.atlas.sources.PalettedPermutations/]: Unable to find texture slag:textures/item/built/soft/guard.png
[11Aug2026 20:54:17.092] [Worker-Main-3/WARN] [net.minecraft.client.renderer.texture.atlas.sources.PalettedPermutations/]: Unable to find texture slag:textures/item/built/soft/axe_hammer.png
[11Aug2026 20:54:17.092] [Worker-Main-3/WARN] [net.minecraft.client.renderer.texture.atlas.sources.PalettedPermutations/]: Unable to find texture slag:textures/item/built/soft/axe_mallet.png
[11Aug2026 20:54:17.092] [Worker-Main-3/WARN] [net.minecraft.client.renderer.texture.atlas.sources.PalettedPermutations/]: Unable to find texture slag:textures/item/built/soft/axe_mattock.png
[11Aug2026 20:54:17.093] [Worker-Main-3/WARN] [net.minecraft.client.renderer.texture.atlas.sources.PalettedPermutations/]: Unable to find texture slag:textures/item/built/soft/axe_maul.png
[11Aug2026 20:54:17.093] [Worker-Main-3/WARN] [net.minecraft.client.renderer.texture.atlas.sources.PalettedPermutations/]: Unable to find texture slag:textures/item/built/soft/hoe_graip.png
[11Aug2026 20:54:17.093] [Worker-Main-3/WARN] [net.minecraft.client.renderer.texture.atlas.sources.PalettedPermutations/]: Unable to find texture slag:textures/item/built/soft/hoe_mattock.png
[11Aug2026 20:54:17.094] [Worker-Main-3/WARN] [net.minecraft.client.renderer.texture.atlas.sources.PalettedPermutations/]: Unable to find texture slag:textures/item/built/soft/hoe_scythe.png
[11Aug2026 20:54:17.094] [Worker-Main-3/WARN] [net.minecraft.client.renderer.texture.atlas.sources.PalettedPermutations/]: Unable to find texture slag:textures/item/built/soft/pickaxe_hammer.png
[11Aug2026 20:54:17.094] [Worker-Main-3/WARN] [net.minecraft.client.renderer.texture.atlas.sources.PalettedPermutations/]: Unable to find texture slag:textures/item/built/soft/pickaxe_mallet.png
[11Aug2026 20:54:17.094] [Worker-Main-3/WARN] [net.minecraft.client.renderer.texture.atlas.sources.PalettedPermutations/]: Unable to find texture slag:textures/item/built/soft/pickaxe_maul.png
[11Aug2026 20:54:17.094] [Worker-Main-3/WARN] [net.minecraft.client.renderer.texture.atlas.sources.PalettedPermutations/]: Unable to find texture slag:textures/item/built/soft/pickaxe_prybar.png
[11Aug2026 20:54:17.094] [Worker-Main-3/WARN] [net.minecraft.client.renderer.texture.atlas.sources.PalettedPermutations/]: Unable to find texture slag:textures/item/built/soft/shovel_graip.png
[11Aug2026 20:54:17.095] [Worker-Main-3/WARN] [net.minecraft.client.renderer.texture.atlas.sources.PalettedPermutations/]: Unable to find texture slag:textures/item/built/soft/shovel_hammer.png
[11Aug2026 20:54:17.095] [Worker-Main-3/WARN] [net.minecraft.client.renderer.texture.atlas.sources.PalettedPermutations/]: Unable to find texture slag:textures/item/built/soft/shovel_prybar.png
[11Aug2026 20:54:17.095] [Worker-Main-3/WARN] [net.minecraft.client.renderer.texture.atlas.sources.PalettedPermutations/]: Unable to find texture slag:textures/item/built/soft/sword_maul.png
[11Aug2026 20:54:17.095] [Worker-Main-3/WARN] [net.minecraft.client.renderer.texture.atlas.sources.PalettedPermutations/]: Unable to find texture slag:textures/item/built/soft/sword_scythe.png
[11Aug2026 20:54:17.095] [Worker-Main-3/WARN] [net.minecraft.client.renderer.texture.atlas.sources.PalettedPermutations/]: Unable to find texture slag:textures/item/built/soft/guard_scythe.png
[11Aug2026 20:54:17.096] [Worker-Main-3/WARN] [net.minecraft.client.renderer.texture.atlas.sources.PalettedPermutations/]: Unable to find texture slag:textures/item/built/soft/axe_paxel.png
[11Aug2026 20:54:17.096] [Worker-Main-3/WARN] [net.minecraft.client.renderer.texture.atlas.sources.PalettedPermutations/]: Unable to find texture slag:textures/item/built/soft/hoe_paxel.png
[11Aug2026 20:54:17.096] [Worker-Main-3/WARN] [net.minecraft.client.renderer.texture.atlas.sources.PalettedPermutations/]: Unable to find texture slag:textures/item/built/soft/pickaxe_paxel.png
[11Aug2026 20:54:17.096] [Worker-Main-3/WARN] [net.minecraft.client.renderer.texture.atlas.sources.PalettedPermutations/]: Unable to find texture slag:textures/item/built/soft/shovel_paxel.png
[11Aug2026 20:54:17.096] [Worker-Main-3/WARN] [net.minecraft.client.renderer.texture.atlas.sources.PalettedPermutations/]: Unable to find texture slag:textures/item/built/soft/sword_paxel.png
[11Aug2026 20:54:17.097] [Worker-Main-3/WARN] [net.minecraft.client.renderer.texture.atlas.sources.PalettedPermutations/]: Unable to find texture slag:textures/item/shiny/axe_head.png
[11Aug2026 20:54:17.097] [Worker-Main-3/WARN] [net.minecraft.client.renderer.texture.atlas.sources.PalettedPermutations/]: Unable to find texture slag:textures/item/shiny/hoe_head.png
[11Aug2026 20:54:17.097] [Worker-Main-3/WARN] [net.minecraft.client.renderer.texture.atlas.sources.PalettedPermutations/]: Unable to find texture slag:textures/item/shiny/pickaxe_head.png
[11Aug2026 20:54:17.097] [Worker-Main-3/WARN] [net.minecraft.client.renderer.texture.atlas.sources.PalettedPermutations/]: Unable to find texture slag:textures/item/shiny/shovel_head.png
[11Aug2026 20:54:17.097] [Worker-Main-3/WARN] [net.minecraft.client.renderer.texture.atlas.sources.PalettedPermutations/]: Unable to find texture slag:textures/item/shiny/sword_blade.png
[11Aug2026 20:54:17.097] [Worker-Main-3/WARN] [net.minecraft.client.renderer.texture.atlas.sources.PalettedPermutations/]: Unable to find texture slag:textures/item/shiny/guard.png
[11Aug2026 20:54:17.098] [Worker-Main-3/WARN] [net.minecraft.client.renderer.texture.atlas.sources.PalettedPermutations/]: Unable to find texture slag:textures/item/built/shiny/axe_head.png
[11Aug2026 20:54:17.098] [Worker-Main-3/WARN] [net.minecraft.client.renderer.texture.atlas.sources.PalettedPermutations/]: Unable to find texture slag:textures/item/built/shiny/hoe_head.png
[11Aug2026 20:54:17.098] [Worker-Main-3/WARN] [net.minecraft.client.renderer.texture.atlas.sources.PalettedPermutations/]: Unable to find texture slag:textures/item/built/shiny/pickaxe_head.png
[11Aug2026 20:54:17.098] [Worker-Main-3/WARN] [net.minecraft.client.renderer.texture.atlas.sources.PalettedPermutations/]: Unable to find texture slag:textures/item/built/shiny/shovel_head.png
[11Aug2026 20:54:17.098] [Worker-Main-3/WARN] [net.minecraft.client.renderer.texture.atlas.sources.PalettedPermutations/]: Unable to find texture slag:textures/item/built/shiny/sword_blade.png
[11Aug2026 20:54:17.098] [Worker-Main-3/WARN] [net.minecraft.client.renderer.texture.atlas.sources.PalettedPermutations/]: Unable to find texture slag:textures/item/built/shiny/guard.png
[11Aug2026 20:54:17.099] [Worker-Main-3/WARN] [net.minecraft.client.renderer.texture.atlas.sources.PalettedPermutations/]: Unable to find texture slag:textures/item/built/shiny/axe_hammer.png
[11Aug2026 20:54:17.099] [Worker-Main-3/WARN] [net.minecraft.client.renderer.texture.atlas.sources.PalettedPermutations/]: Unable to find texture slag:textures/item/built/shiny/axe_mallet.png
[11Aug2026 20:54:17.099] [Worker-Main-3/WARN] [net.minecraft.client.renderer.texture.atlas.sources.PalettedPermutations/]: Unable to find texture slag:textures/item/built/shiny/axe_mattock.png
[11Aug2026 20:54:17.099] [Worker-Main-3/WARN] [net.minecraft.client.renderer.texture.atlas.sources.PalettedPermutations/]: Unable to find texture slag:textures/item/built/shiny/axe_maul.png
[11Aug2026 20:54:17.099] [Worker-Main-3/WARN] [net.minecraft.client.renderer.texture.atlas.sources.PalettedPermutations/]: Unable to find texture slag:textures/item/built/shiny/hoe_graip.png
[11Aug2026 20:54:17.099] [Worker-Main-3/WARN] [net.minecraft.client.renderer.texture.atlas.sources.PalettedPermutations/]: Unable to find texture slag:textures/item/built/shiny/hoe_mattock.png
[11Aug2026 20:54:17.113] [Worker-Main-3/WARN] [net.minecraft.client.renderer.texture.atlas.sources.PalettedPermutations/]: Unable to find texture slag:textures/item/built/shiny/hoe_scythe.png
[11Aug2026 20:54:17.113] [Worker-Main-3/WARN] [net.minecraft.client.renderer.texture.atlas.sources.PalettedPermutations/]: Unable to find texture slag:textures/item/built/shiny/pickaxe_hammer.png
[11Aug2026 20:54:17.114] [Worker-Main-3/WARN] [net.minecraft.client.renderer.texture.atlas.sources.PalettedPermutations/]: Unable to find texture slag:textures/item/built/shiny/pickaxe_mallet.png
[11Aug2026 20:54:17.114] [Worker-Main-3/WARN] [net.minecraft.client.renderer.texture.atlas.sources.PalettedPermutations/]: Unable to find texture slag:textures/item/built/shiny/pickaxe_maul.png
[11Aug2026 20:54:17.114] [Worker-Main-3/WARN] [net.minecraft.client.renderer.texture.atlas.sources.PalettedPermutations/]: Unable to find texture slag:textures/item/built/shiny/pickaxe_prybar.png
[11Aug2026 20:54:17.114] [Worker-Main-3/WARN] [net.minecraft.client.renderer.texture.atlas.sources.PalettedPermutations/]: Unable to find texture slag:textures/item/built/shiny/shovel_graip.png
[11Aug2026 20:54:17.114] [Worker-Main-3/WARN] [net.minecraft.client.renderer.texture.atlas.sources.PalettedPermutations/]: Unable to find texture slag:textures/item/built/shiny/shovel_hammer.png
[11Aug2026 20:54:17.115] [Worker-Main-3/WARN] [net.minecraft.client.renderer.texture.atlas.sources.PalettedPermutations/]: Unable to find texture slag:textures/item/built/shiny/shovel_prybar.png
[11Aug2026 20:54:17.115] [Worker-Main-3/WARN] [net.minecraft.client.renderer.texture.atlas.sources.PalettedPermutations/]: Unable to find texture slag:textures/item/built/shiny/sword_maul.png
[11Aug2026 20:54:17.115] [Worker-Main-3/WARN] [net.minecraft.client.renderer.texture.atlas.sources.PalettedPermutations/]: Unable to find texture slag:textures/item/built/shiny/sword_scythe.png
[11Aug2026 20:54:17.115] [Worker-Main-3/WARN] [net.minecraft.client.renderer.texture.atlas.sources.PalettedPermutations/]: Unable to find texture slag:textures/item/built/shiny/guard_scythe.png
[11Aug2026 20:54:17.115] [Worker-Main-3/WARN] [net.minecraft.client.renderer.texture.atlas.sources.PalettedPermutations/]: Unable to find texture slag:textures/item/built/shiny/axe_paxel.png
[11Aug2026 20:54:17.116] [Worker-Main-3/WARN] [net.minecraft.client.renderer.texture.atlas.sources.PalettedPermutations/]: Unable to find texture slag:textures/item/built/shiny/hoe_paxel.png
[11Aug2026 20:54:17.116] [Worker-Main-3/WARN] [net.minecraft.client.renderer.texture.atlas.sources.PalettedPermutations/]: Unable to find texture slag:textures/item/built/shiny/pickaxe_paxel.png
[11Aug2026 20:54:17.116] [Worker-Main-3/WARN] [net.minecraft.client.renderer.texture.atlas.sources.PalettedPermutations/]: Unable to find texture slag:textures/item/built/shiny/shovel_paxel.png
[11Aug2026 20:54:17.116] [Worker-Main-3/WARN] [net.minecraft.client.renderer.texture.atlas.sources.PalettedPermutations/]: Unable to find texture slag:textures/item/built/shiny/sword_paxel.png
[11Aug2026 20:54:17.116] [Worker-Main-3/WARN] [net.minecraft.client.renderer.texture.atlas.sources.PalettedPermutations/]: Unable to find texture slag:textures/item/built/axe_head.png
[11Aug2026 20:54:17.117] [Worker-Main-3/WARN] [net.minecraft.client.renderer.texture.atlas.sources.PalettedPermutations/]: Unable to find texture slag:textures/item/built/hoe_head.png
[11Aug2026 20:54:17.117] [Worker-Main-3/WARN] [net.minecraft.client.renderer.texture.atlas.sources.PalettedPermutations/]: Unable to find texture slag:textures/item/built/pickaxe_head.png
[11Aug2026 20:54:17.117] [Worker-Main-3/WARN] [net.minecraft.client.renderer.texture.atlas.sources.PalettedPermutations/]: Unable to find texture slag:textures/item/built/shovel_head.png
[11Aug2026 20:54:17.117] [Worker-Main-3/WARN] [net.minecraft.client.renderer.texture.atlas.sources.PalettedPermutations/]: Unable to find texture slag:textures/item/built/sword_blade.png
[11Aug2026 20:54:17.117] [Worker-Main-3/WARN] [net.minecraft.client.renderer.texture.atlas.sources.PalettedPermutations/]: Unable to find texture slag:textures/item/built/guard.png
[11Aug2026 20:54:17.118] [Worker-Main-3/WARN] [net.minecraft.client.renderer.texture.atlas.sources.PalettedPermutations/]: Unable to find texture slag:textures/item/built/axe_hammer.png
[11Aug2026 20:54:17.118] [Worker-Main-3/WARN] [net.minecraft.client.renderer.texture.atlas.sources.PalettedPermutations/]: Unable to find texture slag:textures/item/built/axe_mallet.png
[11Aug2026 20:54:17.118] [Worker-Main-3/WARN] [net.minecraft.client.renderer.texture.atlas.sources.PalettedPermutations/]: Unable to find texture slag:textures/item/built/axe_mattock.png
[11Aug2026 20:54:17.118] [Worker-Main-3/WARN] [net.minecraft.client.renderer.texture.atlas.sources.PalettedPermutations/]: Unable to find texture slag:textures/item/built/axe_maul.png
[11Aug2026 20:54:17.118] [Worker-Main-3/WARN] [net.minecraft.client.renderer.texture.atlas.sources.PalettedPermutations/]: Unable to find texture slag:textures/item/built/hoe_graip.png
[11Aug2026 20:54:17.118] [Worker-Main-3/WARN] [net.minecraft.client.renderer.texture.atlas.sources.PalettedPermutations/]: Unable to find texture slag:textures/item/built/hoe_mattock.png
[11Aug2026 20:54:17.119] [Worker-Main-3/WARN] [net.minecraft.client.renderer.texture.atlas.sources.PalettedPermutations/]: Unable to find texture slag:textures/item/built/hoe_scythe.png
[11Aug2026 20:54:17.119] [Worker-Main-3/WARN] [net.minecraft.client.renderer.texture.atlas.sources.PalettedPermutations/]: Unable to find texture slag:textures/item/built/pickaxe_hammer.png
[11Aug2026 20:54:17.119] [Worker-Main-3/WARN] [net.minecraft.client.renderer.texture.atlas.sources.PalettedPermutations/]: Unable to find texture slag:textures/item/built/pickaxe_mallet.png
[11Aug2026 20:54:17.119] [Worker-Main-3/WARN] [net.minecraft.client.renderer.texture.atlas.sources.PalettedPermutations/]: Unable to find texture slag:textures/item/built/pickaxe_maul.png
[11Aug2026 20:54:17.119] [Worker-Main-3/WARN] [net.minecraft.client.renderer.texture.atlas.sources.PalettedPermutations/]: Unable to find texture slag:textures/item/built/pickaxe_prybar.png
[11Aug2026 20:54:17.120] [Worker-Main-3/WARN] [net.minecraft.client.renderer.texture.atlas.sources.PalettedPermutations/]: Unable to find texture slag:textures/item/built/shovel_graip.png
[11Aug2026 20:54:17.120] [Worker-Main-3/WARN] [net.minecraft.client.renderer.texture.atlas.sources.PalettedPermutations/]: Unable to find texture slag:textures/item/built/shovel_hammer.png
[11Aug2026 20:54:17.120] [Worker-Main-3/WARN] [net.minecraft.client.renderer.texture.atlas.sources.PalettedPermutations/]: Unable to find texture slag:textures/item/built/shovel_prybar.png
[11Aug2026 20:54:17.120] [Worker-Main-3/WARN] [net.minecraft.client.renderer.texture.atlas.sources.PalettedPermutations/]: Unable to find texture slag:textures/item/built/sword_maul.png
[11Aug2026 20:54:17.120] [Worker-Main-3/WARN] [net.minecraft.client.renderer.texture.atlas.sources.PalettedPermutations/]: Unable to find texture slag:textures/item/built/sword_scythe.png
[11Aug2026 20:54:17.120] [Worker-Main-3/WARN] [net.minecraft.client.renderer.texture.atlas.sources.PalettedPermutations/]: Unable to find texture slag:textures/item/built/guard_scythe.png
[11Aug2026 20:54:17.121] [Worker-Main-3/WARN] [net.minecraft.client.renderer.texture.atlas.sources.PalettedPermutations/]: Unable to find texture slag:textures/item/built/axe_paxel.png
[11Aug2026 20:54:17.121] [Worker-Main-3/WARN] [net.minecraft.client.renderer.texture.atlas.sources.PalettedPermutations/]: Unable to find texture slag:textures/item/built/hoe_paxel.png
[11Aug2026 20:54:17.121] [Worker-Main-3/WARN] [net.minecraft.client.renderer.texture.atlas.sources.PalettedPermutations/]: Unable to find texture slag:textures/item/built/pickaxe_paxel.png
[11Aug2026 20:54:17.121] [Worker-Main-3/WARN] [net.minecraft.client.renderer.texture.atlas.sources.PalettedPermutations/]: Unable to find texture slag:textures/item/built/shovel_paxel.png
[11Aug2026 20:54:17.121] [Worker-Main-3/WARN] [net.minecraft.client.renderer.texture.atlas.sources.PalettedPermutations/]: Unable to find texture slag:textures/item/built/sword_paxel.png
[11Aug2026 20:54:17.404] [Render thread/INFO] [tacz/SYNCED_ENTITY_DATA_TAC_COPY]: Registered synced data key tacz:shoot_cool_down for minecraft:living_entity
[11Aug2026 20:54:17.404] [Render thread/INFO] [tacz/SYNCED_ENTITY_DATA_TAC_COPY]: Registered synced data key tacz:melee_cool_down for minecraft:living_entity
[11Aug2026 20:54:17.404] [Render thread/INFO] [tacz/SYNCED_ENTITY_DATA_TAC_COPY]: Registered synced data key tacz:reload_state for minecraft:living_entity
[11Aug2026 20:54:17.404] [Render thread/INFO] [tacz/SYNCED_ENTITY_DATA_TAC_COPY]: Registered synced data key tacz:aiming_progress for minecraft:living_entity
[11Aug2026 20:54:17.404] [Render thread/INFO] [tacz/SYNCED_ENTITY_DATA_TAC_COPY]: Registered synced data key tacz:draw_cool_down for minecraft:living_entity
[11Aug2026 20:54:17.404] [Render thread/INFO] [tacz/SYNCED_ENTITY_DATA_TAC_COPY]: Registered synced data key tacz:is_aiming for minecraft:living_entity
[11Aug2026 20:54:17.405] [Render thread/INFO] [tacz/SYNCED_ENTITY_DATA_TAC_COPY]: Registered synced data key tacz:sprint_time for minecraft:living_entity
[11Aug2026 20:54:17.405] [Render thread/INFO] [tacz/SYNCED_ENTITY_DATA_TAC_COPY]: Registered synced data key tacz:is_bolting for minecraft:living_entity
[11Aug2026 20:54:17.405] [Render thread/INFO] [tacz/SYNCED_ENTITY_DATA_TAC_COPY]: Registered synced data key tacz:throwable_using for minecraft:living_entity
[11Aug2026 20:54:17.441] [Render thread/INFO] [Create Stats and Numbers/]: [create_stats] Display Target registered: create_stats:stats_panel -> BY_BLOCK + BY_BLOCK_ENTITY
[11Aug2026 20:54:17.441] [Render thread/INFO] [Create Stats and Numbers/]: [create_stats] Display Target registered: create_stats:inventory_display -> Inventory Display
[11Aug2026 20:54:17.441] [Render thread/INFO] [Create Stats and Numbers/]: [create_stats] Display Target registered: create_stats:battle_screen_display -> Battle Bridge
[11Aug2026 20:54:17.441] [Render thread/INFO] [Create Stats and Numbers/]: [create_stats] Display Target registered: create_stats:fcc_display -> FCC
[11Aug2026 20:54:17.441] [Render thread/INFO] [Create Stats and Numbers/]: [create_stats] Display Target registered: create_stats:vcc_mk2_display -> VCC Mk II
[11Aug2026 20:54:17.441] [Render thread/INFO] [Create Stats and Numbers/]: [create_stats] Display Target registered: create_stats:pathfinder_computer -> Pathfinder Computer
[11Aug2026 20:54:17.444] [Render thread/INFO] [Create Stats and Numbers/]: [create_stats] Display Source registered: Stats Link / Cargo Link -> supported display-link sources
[11Aug2026 20:54:17.446] [Render thread/INFO] [Create Stats and Numbers/]: Registered Pilot Helmet as a goggles-equivalent for Create overlays.
[11Aug2026 20:54:17.446] [Render thread/INFO] [Create Stats and Numbers/]: Registered Induction Heater as a boiler heat source.
[11Aug2026 20:54:17.690] [Worker-Main-3/WARN] [net.minecraft.client.renderer.texture.SpriteContents/]: Unused frames in sprite irons_spellbooks:item/upgrade_orb_ender: [1, 5, 6, 7]
[11Aug2026 20:54:17.695] [Worker-Main-5/WARN] [net.minecraft.client.renderer.texture.SpriteContents/]: Unused frames in sprite irons_spellbooks:item/energized_core_energy: [11]
[11Aug2026 20:54:17.715] [Worker-Main-3/WARN] [net.minecraft.client.renderer.texture.SpriteLoader/]: Texture create:fluid/gasoline_flow with size 1x1 limits mip level from 4 to 0
[11Aug2026 20:54:17.743] [Placebo Patreon Trail Loader/INFO] [placebo/]: Loading patreon trails data...
[11Aug2026 20:54:17.745] [Placebo Patreon Wing Loader/INFO] [placebo/]: Loading patreon wing data...
[11Aug2026 20:54:17.777] [Worker-Main-2/ERROR] [net.minecraft.client.resources.model.ModelManager/]: Failed to load model tfmg:models/block/large_transformer/meow.json
com.google.gson.JsonParseException: Invalid rotation -180.0 found, only -45/-22.5/0/22.5/45 allowed
	at TRANSFORMER/minecraft@1.21.1/net.minecraft.client.renderer.block.model.BlockElement$Deserializer.getAngle(BlockElement.java:115) ~[client-1.21.1-20240808.144430-srg.jar%23257!/:?]
	at TRANSFORMER/minecraft@1.21.1/net.minecraft.client.renderer.block.model.BlockElement$Deserializer.getRotation(BlockElement.java:104) ~[client-1.21.1-20240808.144430-srg.jar%23257!/:?]
	at TRANSFORMER/minecraft@1.21.1/net.minecraft.client.renderer.block.model.BlockElement$Deserializer.deserialize(BlockElement.java:84) ~[client-1.21.1-20240808.144430-srg.jar%23257!/:?]
	at TRANSFORMER/minecraft@1.21.1/net.minecraft.client.renderer.block.model.BlockElement$Deserializer.deserialize(BlockElement.java:76) ~[client-1.21.1-20240808.144430-srg.jar%23257!/:?]
	at MC-BOOTSTRAP/com.google.gson@2.10.1/com.google.gson.internal.bind.TreeTypeAdapter.read(TreeTypeAdapter.java:76) ~[gson-2.10.1.jar%23142!/:?]
	at MC-BOOTSTRAP/com.google.gson@2.10.1/com.google.gson.Gson.fromJson(Gson.java:1227) ~[gson-2.10.1.jar%23142!/:?]
	at MC-BOOTSTRAP/com.google.gson@2.10.1/com.google.gson.Gson.fromJson(Gson.java:1329) ~[gson-2.10.1.jar%23142!/:?]
	at MC-BOOTSTRAP/com.google.gson@2.10.1/com.google.gson.Gson.fromJson(Gson.java:1300) ~[gson-2.10.1.jar%23142!/:?]
	at MC-BOOTSTRAP/com.google.gson@2.10.1/com.google.gson.internal.bind.TreeTypeAdapter$GsonContextImpl.deserialize(TreeTypeAdapter.java:179) ~[gson-2.10.1.jar%23142!/:?]
	at TRANSFORMER/minecraft@1.21.1/net.minecraft.client.renderer.block.model.BlockModel$Deserializer.getElements(BlockModel.java:409) ~[client-1.21.1-20240808.144430-srg.jar%23257!/:?]
	at TRANSFORMER/minecraft@1.21.1/net.minecraft.client.renderer.block.model.BlockModel$Deserializer.deserialize(BlockModel.java:338) ~[client-1.21.1-20240808.144430-srg.jar%23257!/:?]
	at TRANSFORMER/neoforge@21.1.248/net.neoforged.neoforge.client.model.ExtendedBlockModelDeserializer.deserialize(ExtendedBlockModelDeserializer.java:51) ~[neoforge-21.1.248-universal.jar%23258!/:?]
	at TRANSFORMER/neoforge@21.1.248/net.neoforged.neoforge.client.model.ExtendedBlockModelDeserializer.deserialize(ExtendedBlockModelDeserializer.java:37) ~[neoforge-21.1.248-universal.jar%23258!/:?]
	at MC-BOOTSTRAP/com.google.gson@2.10.1/com.google.gson.internal.bind.TreeTypeAdapter.read(TreeTypeAdapter.java:76) ~[gson-2.10.1.jar%23142!/:?]
	at TRANSFORMER/minecraft@1.21.1/net.minecraft.util.GsonHelper.fromNullableJson(GsonHelper.java:525) ~[client-1.21.1-20240808.144430-srg.jar%23257!/:?]
	at TRANSFORMER/minecraft@1.21.1/net.minecraft.util.GsonHelper.fromJson(GsonHelper.java:532) ~[client-1.21.1-20240808.144430-srg.jar%23257!/:?]
	at TRANSFORMER/minecraft@1.21.1/net.minecraft.util.GsonHelper.fromJson(GsonHelper.java:582) ~[client-1.21.1-20240808.144430-srg.jar%23257!/:?]
	at TRANSFORMER/minecraft@1.21.1/net.minecraft.client.renderer.block.model.BlockModel.fromStream(BlockModel.java:83) ~[client-1.21.1-20240808.144430-srg.jar%23257!/:?]
	at TRANSFORMER/minecraft@1.21.1/net.minecraft.client.resources.model.ModelManager.lambda$loadBlockModels$8(ModelManager.java:144) ~[client-1.21.1-20240808.144430-srg.jar%23257!/:?]
	at java.base/java.util.concurrent.CompletableFuture$AsyncSupply.run(CompletableFuture.java:1768) [?:?]
	at java.base/java.util.concurrent.CompletableFuture$AsyncSupply.exec(CompletableFuture.java:1760) [?:?]
	at java.base/java.util.concurrent.ForkJoinTask.doExec(ForkJoinTask.java:387) [?:?]
	at java.base/java.util.concurrent.ForkJoinPool$WorkQueue.topLevelExec(ForkJoinPool.java:1312) [?:?]
	at java.base/java.util.concurrent.ForkJoinPool.scan(ForkJoinPool.java:1843) [?:?]
	at java.base/java.util.concurrent.ForkJoinPool.runWorker(ForkJoinPool.java:1808) [?:?]
	at java.base/java.util.concurrent.ForkJoinWorkerThread.run(ForkJoinWorkerThread.java:188) [?:?]
[11Aug2026 20:54:17.908] [Placebo Patreon Wing Loader/INFO] [placebo/]: Loaded 44 patreon wings.
[11Aug2026 20:54:17.925] [Placebo Patreon Trail Loader/INFO] [placebo/]: Loaded 51 patreon trails.
[11Aug2026 20:54:18.199] [Worker-Main-5/INFO] [voicechat/]: [voicechat] Initializing Opus
[11Aug2026 20:54:18.261] [NeoForge Version Check/INFO] [net.neoforged.fml.VersionChecker/]: [clumps] Found status: BETA Current: 19.0.0.1 Target: 19.0.0.1
[11Aug2026 20:54:18.261] [NeoForge Version Check/INFO] [net.neoforged.fml.VersionChecker/]: [journeymap] Starting version check at https://neoforge.curseupdate.com/32274/journeymap
[11Aug2026 20:54:18.305] [Worker-Main-5/INFO] [voicechat/]: [voicechat] Successfully initialized Opus
[11Aug2026 20:54:18.306] [Worker-Main-5/INFO] [voicechat/]: [voicechat] Initializing RNNoise
[11Aug2026 20:54:18.338] [Worker-Main-5/INFO] [voicechat/]: [voicechat] Successfully initialized RNNoise
[11Aug2026 20:54:18.341] [Worker-Main-5/INFO] [voicechat/]: [voicechat] Initializing Speex
[11Aug2026 20:54:18.387] [Worker-Main-5/INFO] [voicechat/]: [voicechat] Successfully initialized Speex
[11Aug2026 20:54:18.393] [Worker-Main-5/INFO] [voicechat/]: [voicechat] Initializing LAME
[11Aug2026 20:54:18.445] [Worker-Main-5/INFO] [voicechat/]: [voicechat] Successfully initialized LAME
[11Aug2026 20:54:18.500] [NeoForge Version Check/INFO] [net.neoforged.fml.VersionChecker/]: [journeymap] Found status: BETA Current: 1.21.1-6.0.4 Target: 1.21.1-6.0.0-beta.52
[11Aug2026 20:54:18.500] [NeoForge Version Check/INFO] [net.neoforged.fml.VersionChecker/]: [controlling] Starting version check at https://updates.blamejared.com/get?n=controlling&gv=1.21.1&ml=neoforge
[11Aug2026 20:54:18.517] [Render thread/INFO] [journeymap/]: Journeymap Initializing
[11Aug2026 20:54:18.660] [NeoForge Version Check/INFO] [net.neoforged.fml.VersionChecker/]: [controlling] Found status: BETA Current: 19.0.5 Target: 19.0.5
[11Aug2026 20:54:18.660] [NeoForge Version Check/INFO] [net.neoforged.fml.VersionChecker/]: [create_connected] Starting version check at https://raw.githubusercontent.com/hlysine/create_connected/main/update.json
[11Aug2026 20:54:18.697] [NeoForge Version Check/INFO] [net.neoforged.fml.VersionChecker/]: [create_connected] Found status: UP_TO_DATE Current: 1.3.2-mc1.21.1 Target: null
[11Aug2026 20:54:18.697] [NeoForge Version Check/INFO] [net.neoforged.fml.VersionChecker/]: [voicechat] Starting version check at https://update.maxhenkel.de/neoforge/voicechat
[11Aug2026 20:54:19.274] [NeoForge Version Check/INFO] [net.neoforged.fml.VersionChecker/]: [voicechat] Found status: UP_TO_DATE Current: 1.21.1-2.6.22 Target: null
[11Aug2026 20:54:19.277] [NeoForge Version Check/INFO] [net.neoforged.fml.VersionChecker/]: [immersiveengineering] Starting version check at https://raw.githubusercontent.com/BluSunrize/ImmersiveEngineering/1.21.1/changelog.json
[11Aug2026 20:54:19.320] [NeoForge Version Check/INFO] [net.neoforged.fml.VersionChecker/]: [immersiveengineering] Found status: AHEAD Current: 12.4.2-194 Target: null
[11Aug2026 20:54:19.320] [NeoForge Version Check/INFO] [net.neoforged.fml.VersionChecker/]: [create] Starting version check at https://api.modrinth.com/updates/create/forge_updates.json?neoforge=only
[11Aug2026 20:54:19.576] [NeoForge Version Check/INFO] [net.neoforged.fml.VersionChecker/]: [create] Found status: OUTDATED Current: 6.0.10 Target: 6.0.10+mc1.21.1
[11Aug2026 20:54:19.577] [NeoForge Version Check/INFO] [net.neoforged.fml.VersionChecker/]: [searchables] Starting version check at https://updates.blamejared.com/get?n=searchables&gv=1.21.1&ml=neoforge
[11Aug2026 20:54:19.658] [Worker-Main-2/WARN] [net.minecraft.client.resources.model.BlockStateModelLoader/]: Exception loading blockstate definition: 'ntgl:blockstates/workbench.json' in resourcepack: 'mod/ntgl' for variant: 'facing=east': Unknown blockstate property: 'facing'
[11Aug2026 20:54:19.659] [Worker-Main-2/WARN] [net.minecraft.client.resources.model.BlockStateModelLoader/]: Exception loading blockstate definition: 'ntgl:blockstates/workbench.json' in resourcepack: 'mod/ntgl' for variant: 'facing=south': Unknown blockstate property: 'facing'
[11Aug2026 20:54:19.659] [Worker-Main-2/WARN] [net.minecraft.client.resources.model.BlockStateModelLoader/]: Exception loading blockstate definition: 'ntgl:blockstates/workbench.json' in resourcepack: 'mod/ntgl' for variant: 'facing=north': Unknown blockstate property: 'facing'
[11Aug2026 20:54:19.659] [Worker-Main-2/WARN] [net.minecraft.client.resources.model.BlockStateModelLoader/]: Exception loading blockstate definition: 'ntgl:blockstates/workbench.json' in resourcepack: 'mod/ntgl' for variant: 'facing=west': Unknown blockstate property: 'facing'
[11Aug2026 20:54:19.659] [Worker-Main-2/WARN] [net.minecraft.client.resources.model.BlockStateModelLoader/]: Exception loading blockstate definition: 'ntgl:blockstates/workbench.json' missing model for variant: 'ntgl:workbench#'
[11Aug2026 20:54:19.682] [Worker-Main-2/WARN] [net.minecraft.client.resources.model.BlockStateModelLoader/]: Exception loading blockstate definition: 'create_bic_bit:blockstates/frying_oil.json' missing model for variant: 'create_bic_bit:frying_oil#level=1'
[11Aug2026 20:54:19.682] [Worker-Main-2/WARN] [net.minecraft.client.resources.model.BlockStateModelLoader/]: Exception loading blockstate definition: 'create_bic_bit:blockstates/frying_oil.json' missing model for variant: 'create_bic_bit:frying_oil#level=0'
[11Aug2026 20:54:19.682] [Worker-Main-2/WARN] [net.minecraft.client.resources.model.BlockStateModelLoader/]: Exception loading blockstate definition: 'create_bic_bit:blockstates/frying_oil.json' missing model for variant: 'create_bic_bit:frying_oil#level=9'
[11Aug2026 20:54:19.682] [Worker-Main-2/WARN] [net.minecraft.client.resources.model.BlockStateModelLoader/]: Exception loading blockstate definition: 'create_bic_bit:blockstates/frying_oil.json' missing model for variant: 'create_bic_bit:frying_oil#level=8'
[11Aug2026 20:54:19.682] [Worker-Main-2/WARN] [net.minecraft.client.resources.model.BlockStateModelLoader/]: Exception loading blockstate definition: 'create_bic_bit:blockstates/frying_oil.json' missing model for variant: 'create_bic_bit:frying_oil#level=7'
[11Aug2026 20:54:19.682] [Worker-Main-2/WARN] [net.minecraft.client.resources.model.BlockStateModelLoader/]: Exception loading blockstate definition: 'create_bic_bit:blockstates/frying_oil.json' missing model for variant: 'create_bic_bit:frying_oil#level=6'
[11Aug2026 20:54:19.683] [Worker-Main-2/WARN] [net.minecraft.client.resources.model.BlockStateModelLoader/]: Exception loading blockstate definition: 'create_bic_bit:blockstates/frying_oil.json' missing model for variant: 'create_bic_bit:frying_oil#level=5'
[11Aug2026 20:54:19.683] [Worker-Main-2/WARN] [net.minecraft.client.resources.model.BlockStateModelLoader/]: Exception loading blockstate definition: 'create_bic_bit:blockstates/frying_oil.json' missing model for variant: 'create_bic_bit:frying_oil#level=4'
[11Aug2026 20:54:19.683] [Worker-Main-2/WARN] [net.minecraft.client.resources.model.BlockStateModelLoader/]: Exception loading blockstate definition: 'create_bic_bit:blockstates/frying_oil.json' missing model for variant: 'create_bic_bit:frying_oil#level=3'
[11Aug2026 20:54:19.683] [Worker-Main-2/WARN] [net.minecraft.client.resources.model.BlockStateModelLoader/]: Exception loading blockstate definition: 'create_bic_bit:blockstates/frying_oil.json' missing model for variant: 'create_bic_bit:frying_oil#level=2'
[11Aug2026 20:54:19.683] [Worker-Main-2/WARN] [net.minecraft.client.resources.model.BlockStateModelLoader/]: Exception loading blockstate definition: 'create_bic_bit:blockstates/frying_oil.json' missing model for variant: 'create_bic_bit:frying_oil#level=10'
[11Aug2026 20:54:19.683] [Worker-Main-2/WARN] [net.minecraft.client.resources.model.BlockStateModelLoader/]: Exception loading blockstate definition: 'create_bic_bit:blockstates/frying_oil.json' missing model for variant: 'create_bic_bit:frying_oil#level=11'
[11Aug2026 20:54:19.683] [Worker-Main-2/WARN] [net.minecraft.client.resources.model.BlockStateModelLoader/]: Exception loading blockstate definition: 'create_bic_bit:blockstates/frying_oil.json' missing model for variant: 'create_bic_bit:frying_oil#level=12'
[11Aug2026 20:54:19.683] [Worker-Main-2/WARN] [net.minecraft.client.resources.model.BlockStateModelLoader/]: Exception loading blockstate definition: 'create_bic_bit:blockstates/frying_oil.json' missing model for variant: 'create_bic_bit:frying_oil#level=13'
[11Aug2026 20:54:19.683] [Worker-Main-2/WARN] [net.minecraft.client.resources.model.BlockStateModelLoader/]: Exception loading blockstate definition: 'create_bic_bit:blockstates/frying_oil.json' missing model for variant: 'create_bic_bit:frying_oil#level=14'
[11Aug2026 20:54:19.683] [Worker-Main-2/WARN] [net.minecraft.client.resources.model.BlockStateModelLoader/]: Exception loading blockstate definition: 'create_bic_bit:blockstates/frying_oil.json' missing model for variant: 'create_bic_bit:frying_oil#level=15'
[11Aug2026 20:54:19.683] [Worker-Main-2/WARN] [net.minecraft.client.resources.model.BlockStateModelLoader/]: Exception loading blockstate definition: 'create_bic_bit:blockstates/ketchup.json' missing model for variant: 'create_bic_bit:ketchup#level=12'
[11Aug2026 20:54:19.684] [Worker-Main-2/WARN] [net.minecraft.client.resources.model.BlockStateModelLoader/]: Exception loading blockstate definition: 'create_bic_bit:blockstates/ketchup.json' missing model for variant: 'create_bic_bit:ketchup#level=11'
[11Aug2026 20:54:19.684] [Worker-Main-2/WARN] [net.minecraft.client.resources.model.BlockStateModelLoader/]: Exception loading blockstate definition: 'create_bic_bit:blockstates/ketchup.json' missing model for variant: 'create_bic_bit:ketchup#level=10'
[11Aug2026 20:54:19.684] [Worker-Main-2/WARN] [net.minecraft.client.resources.model.BlockStateModelLoader/]: Exception loading blockstate definition: 'create_bic_bit:blockstates/ketchup.json' missing model for variant: 'create_bic_bit:ketchup#level=15'
[11Aug2026 20:54:19.684] [Worker-Main-2/WARN] [net.minecraft.client.resources.model.BlockStateModelLoader/]: Exception loading blockstate definition: 'create_bic_bit:blockstates/ketchup.json' missing model for variant: 'create_bic_bit:ketchup#level=14'
[11Aug2026 20:54:19.684] [Worker-Main-2/WARN] [net.minecraft.client.resources.model.BlockStateModelLoader/]: Exception loading blockstate definition: 'create_bic_bit:blockstates/ketchup.json' missing model for variant: 'create_bic_bit:ketchup#level=13'
[11Aug2026 20:54:19.684] [Worker-Main-2/WARN] [net.minecraft.client.resources.model.BlockStateModelLoader/]: Exception loading blockstate definition: 'create_bic_bit:blockstates/ketchup.json' missing model for variant: 'create_bic_bit:ketchup#level=6'
[11Aug2026 20:54:19.684] [Worker-Main-2/WARN] [net.minecraft.client.resources.model.BlockStateModelLoader/]: Exception loading blockstate definition: 'create_bic_bit:blockstates/ketchup.json' missing model for variant: 'create_bic_bit:ketchup#level=7'
[11Aug2026 20:54:19.684] [Worker-Main-2/WARN] [net.minecraft.client.resources.model.BlockStateModelLoader/]: Exception loading blockstate definition: 'create_bic_bit:blockstates/ketchup.json' missing model for variant: 'create_bic_bit:ketchup#level=4'
[11Aug2026 20:54:19.684] [Worker-Main-2/WARN] [net.minecraft.client.resources.model.BlockStateModelLoader/]: Exception loading blockstate definition: 'create_bic_bit:blockstates/ketchup.json' missing model for variant: 'create_bic_bit:ketchup#level=5'
[11Aug2026 20:54:19.684] [Worker-Main-2/WARN] [net.minecraft.client.resources.model.BlockStateModelLoader/]: Exception loading blockstate definition: 'create_bic_bit:blockstates/ketchup.json' missing model for variant: 'create_bic_bit:ketchup#level=8'
[11Aug2026 20:54:19.684] [Worker-Main-2/WARN] [net.minecraft.client.resources.model.BlockStateModelLoader/]: Exception loading blockstate definition: 'create_bic_bit:blockstates/ketchup.json' missing model for variant: 'create_bic_bit:ketchup#level=9'
[11Aug2026 20:54:19.684] [Worker-Main-2/WARN] [net.minecraft.client.resources.model.BlockStateModelLoader/]: Exception loading blockstate definition: 'create_bic_bit:blockstates/ketchup.json' missing model for variant: 'create_bic_bit:ketchup#level=2'
[11Aug2026 20:54:19.685] [Worker-Main-2/WARN] [net.minecraft.client.resources.model.BlockStateModelLoader/]: Exception loading blockstate definition: 'create_bic_bit:blockstates/ketchup.json' missing model for variant: 'create_bic_bit:ketchup#level=3'
[11Aug2026 20:54:19.685] [Worker-Main-2/WARN] [net.minecraft.client.resources.model.BlockStateModelLoader/]: Exception loading blockstate definition: 'create_bic_bit:blockstates/ketchup.json' missing model for variant: 'create_bic_bit:ketchup#level=0'
[11Aug2026 20:54:19.685] [Worker-Main-2/WARN] [net.minecraft.client.resources.model.BlockStateModelLoader/]: Exception loading blockstate definition: 'create_bic_bit:blockstates/ketchup.json' missing model for variant: 'create_bic_bit:ketchup#level=1'
[11Aug2026 20:54:19.685] [Worker-Main-2/WARN] [net.minecraft.client.resources.model.BlockStateModelLoader/]: Exception loading blockstate definition: 'create_bic_bit:blockstates/mayonnaise.json' missing model for variant: 'create_bic_bit:mayonnaise#level=8'
[11Aug2026 20:54:19.685] [Worker-Main-2/WARN] [net.minecraft.client.resources.model.BlockStateModelLoader/]: Exception loading blockstate definition: 'create_bic_bit:blockstates/mayonnaise.json' missing model for variant: 'create_bic_bit:mayonnaise#level=10'
[11Aug2026 20:54:19.685] [Worker-Main-2/WARN] [net.minecraft.client.resources.model.BlockStateModelLoader/]: Exception loading blockstate definition: 'create_bic_bit:blockstates/mayonnaise.json' missing model for variant: 'create_bic_bit:mayonnaise#level=9'
[11Aug2026 20:54:19.685] [Worker-Main-2/WARN] [net.minecraft.client.resources.model.BlockStateModelLoader/]: Exception loading blockstate definition: 'create_bic_bit:blockstates/mayonnaise.json' missing model for variant: 'create_bic_bit:mayonnaise#level=6'
[11Aug2026 20:54:19.685] [Worker-Main-2/WARN] [net.minecraft.client.resources.model.BlockStateModelLoader/]: Exception loading blockstate definition: 'create_bic_bit:blockstates/mayonnaise.json' missing model for variant: 'create_bic_bit:mayonnaise#level=7'
[11Aug2026 20:54:19.685] [Worker-Main-2/WARN] [net.minecraft.client.resources.model.BlockStateModelLoader/]: Exception loading blockstate definition: 'create_bic_bit:blockstates/mayonnaise.json' missing model for variant: 'create_bic_bit:mayonnaise#level=14'
[11Aug2026 20:54:19.685] [Worker-Main-2/WARN] [net.minecraft.client.resources.model.BlockStateModelLoader/]: Exception loading blockstate definition: 'create_bic_bit:blockstates/mayonnaise.json' missing model for variant: 'create_bic_bit:mayonnaise#level=13'
[11Aug2026 20:54:19.685] [Worker-Main-2/WARN] [net.minecraft.client.resources.model.BlockStateModelLoader/]: Exception loading blockstate definition: 'create_bic_bit:blockstates/mayonnaise.json' missing model for variant: 'create_bic_bit:mayonnaise#level=12'
[11Aug2026 20:54:19.685] [Worker-Main-2/WARN] [net.minecraft.client.resources.model.BlockStateModelLoader/]: Exception loading blockstate definition: 'create_bic_bit:blockstates/mayonnaise.json' missing model for variant: 'create_bic_bit:mayonnaise#level=11'
[11Aug2026 20:54:19.686] [Worker-Main-2/WARN] [net.minecraft.client.resources.model.BlockStateModelLoader/]: Exception loading blockstate definition: 'create_bic_bit:blockstates/mayonnaise.json' missing model for variant: 'create_bic_bit:mayonnaise#level=0'
[11Aug2026 20:54:19.686] [Worker-Main-2/WARN] [net.minecraft.client.resources.model.BlockStateModelLoader/]: Exception loading blockstate definition: 'create_bic_bit:blockstates/mayonnaise.json' missing model for variant: 'create_bic_bit:mayonnaise#level=1'
[11Aug2026 20:54:19.686] [Worker-Main-2/WARN] [net.minecraft.client.resources.model.BlockStateModelLoader/]: Exception loading blockstate definition: 'create_bic_bit:blockstates/mayonnaise.json' missing model for variant: 'create_bic_bit:mayonnaise#level=15'
[11Aug2026 20:54:19.686] [Worker-Main-2/WARN] [net.minecraft.client.resources.model.BlockStateModelLoader/]: Exception loading blockstate definition: 'create_bic_bit:blockstates/mayonnaise.json' missing model for variant: 'create_bic_bit:mayonnaise#level=4'
[11Aug2026 20:54:19.686] [Worker-Main-2/WARN] [net.minecraft.client.resources.model.BlockStateModelLoader/]: Exception loading blockstate definition: 'create_bic_bit:blockstates/mayonnaise.json' missing model for variant: 'create_bic_bit:mayonnaise#level=5'
[11Aug2026 20:54:19.686] [Worker-Main-2/WARN] [net.minecraft.client.resources.model.BlockStateModelLoader/]: Exception loading blockstate definition: 'create_bic_bit:blockstates/mayonnaise.json' missing model for variant: 'create_bic_bit:mayonnaise#level=2'
[11Aug2026 20:54:19.686] [Worker-Main-2/WARN] [net.minecraft.client.resources.model.BlockStateModelLoader/]: Exception loading blockstate definition: 'create_bic_bit:blockstates/mayonnaise.json' missing model for variant: 'create_bic_bit:mayonnaise#level=3'
[11Aug2026 20:54:19.686] [Worker-Main-2/WARN] [net.minecraft.client.resources.model.BlockStateModelLoader/]: Exception loading blockstate definition: 'create_bic_bit:blockstates/curdled_milk.json' missing model for variant: 'create_bic_bit:curdled_milk#level=13'
[11Aug2026 20:54:19.686] [Worker-Main-2/WARN] [net.minecraft.client.resources.model.BlockStateModelLoader/]: Exception loading blockstate definition: 'create_bic_bit:blockstates/curdled_milk.json' missing model for variant: 'create_bic_bit:curdled_milk#level=12'
[11Aug2026 20:54:19.686] [Worker-Main-2/WARN] [net.minecraft.client.resources.model.BlockStateModelLoader/]: Exception loading blockstate definition: 'create_bic_bit:blockstates/curdled_milk.json' missing model for variant: 'create_bic_bit:curdled_milk#level=11'
[11Aug2026 20:54:19.686] [Worker-Main-2/WARN] [net.minecraft.client.resources.model.BlockStateModelLoader/]: Exception loading blockstate definition: 'create_bic_bit:blockstates/curdled_milk.json' missing model for variant: 'create_bic_bit:curdled_milk#level=10'
[11Aug2026 20:54:19.686] [Worker-Main-2/WARN] [net.minecraft.client.resources.model.BlockStateModelLoader/]: Exception loading blockstate definition: 'create_bic_bit:blockstates/curdled_milk.json' missing model for variant: 'create_bic_bit:curdled_milk#level=4'
[11Aug2026 20:54:19.686] [Worker-Main-2/WARN] [net.minecraft.client.resources.model.BlockStateModelLoader/]: Exception loading blockstate definition: 'create_bic_bit:blockstates/curdled_milk.json' missing model for variant: 'create_bic_bit:curdled_milk#level=3'
[11Aug2026 20:54:19.686] [Worker-Main-2/WARN] [net.minecraft.client.resources.model.BlockStateModelLoader/]: Exception loading blockstate definition: 'create_bic_bit:blockstates/curdled_milk.json' missing model for variant: 'create_bic_bit:curdled_milk#level=2'
[11Aug2026 20:54:19.687] [Worker-Main-2/WARN] [net.minecraft.client.resources.model.BlockStateModelLoader/]: Exception loading blockstate definition: 'create_bic_bit:blockstates/curdled_milk.json' missing model for variant: 'create_bic_bit:curdled_milk#level=1'
[11Aug2026 20:54:19.687] [Worker-Main-2/WARN] [net.minecraft.client.resources.model.BlockStateModelLoader/]: Exception loading blockstate definition: 'create_bic_bit:blockstates/curdled_milk.json' missing model for variant: 'create_bic_bit:curdled_milk#level=0'
[11Aug2026 20:54:19.687] [Worker-Main-2/WARN] [net.minecraft.client.resources.model.BlockStateModelLoader/]: Exception loading blockstate definition: 'create_bic_bit:blockstates/curdled_milk.json' missing model for variant: 'create_bic_bit:curdled_milk#level=9'
[11Aug2026 20:54:19.687] [Worker-Main-2/WARN] [net.minecraft.client.resources.model.BlockStateModelLoader/]: Exception loading blockstate definition: 'create_bic_bit:blockstates/curdled_milk.json' missing model for variant: 'create_bic_bit:curdled_milk#level=8'
[11Aug2026 20:54:19.687] [Worker-Main-2/WARN] [net.minecraft.client.resources.model.BlockStateModelLoader/]: Exception loading blockstate definition: 'create_bic_bit:blockstates/curdled_milk.json' missing model for variant: 'create_bic_bit:curdled_milk#level=7'
[11Aug2026 20:54:19.687] [Worker-Main-2/WARN] [net.minecraft.client.resources.model.BlockStateModelLoader/]: Exception loading blockstate definition: 'create_bic_bit:blockstates/curdled_milk.json' missing model for variant: 'create_bic_bit:curdled_milk#level=6'
[11Aug2026 20:54:19.687] [Worker-Main-2/WARN] [net.minecraft.client.resources.model.BlockStateModelLoader/]: Exception loading blockstate definition: 'create_bic_bit:blockstates/curdled_milk.json' missing model for variant: 'create_bic_bit:curdled_milk#level=5'
[11Aug2026 20:54:19.687] [Worker-Main-2/WARN] [net.minecraft.client.resources.model.BlockStateModelLoader/]: Exception loading blockstate definition: 'create_bic_bit:blockstates/curdled_milk.json' missing model for variant: 'create_bic_bit:curdled_milk#level=15'
[11Aug2026 20:54:19.687] [Worker-Main-2/WARN] [net.minecraft.client.resources.model.BlockStateModelLoader/]: Exception loading blockstate definition: 'create_bic_bit:blockstates/curdled_milk.json' missing model for variant: 'create_bic_bit:curdled_milk#level=14'
[11Aug2026 20:54:19.688] [Worker-Main-2/WARN] [net.minecraft.client.resources.model.BlockStateModelLoader/]: Exception loading blockstate definition: 'create_bic_bit:blockstates/sunflower_seeds.json' missing model for variant: 'create_bic_bit:sunflower_seeds#age=3,half=upper'
[11Aug2026 20:54:19.688] [Worker-Main-2/WARN] [net.minecraft.client.resources.model.BlockStateModelLoader/]: Exception loading blockstate definition: 'create_bic_bit:blockstates/sunflower_seeds.json' missing model for variant: 'create_bic_bit:sunflower_seeds#age=3,half=lower'
[11Aug2026 20:54:19.688] [Worker-Main-2/WARN] [net.minecraft.client.resources.model.BlockStateModelLoader/]: Exception loading blockstate definition: 'create_bic_bit:blockstates/sunflower_seeds.json' missing model for variant: 'create_bic_bit:sunflower_seeds#age=1,half=upper'
[11Aug2026 20:54:19.688] [Worker-Main-2/WARN] [net.minecraft.client.resources.model.BlockStateModelLoader/]: Exception loading blockstate definition: 'create_bic_bit:blockstates/sunflower_seeds.json' missing model for variant: 'create_bic_bit:sunflower_seeds#age=0,half=upper'
[11Aug2026 20:54:19.736] [NeoForge Version Check/INFO] [net.neoforged.fml.VersionChecker/]: [searchables] Found status: BETA Current: 1.0.2 Target: 1.0.2
[11Aug2026 20:54:19.955] [Worker-Main-2/WARN] [net.minecraft.client.resources.model.ModelBakery/]: Unable to load model: 'minecraft:block_block' referenced from: tfmg:block/electric_diode/block: java.io.FileNotFoundException: minecraft:models/block_block.json
[11Aug2026 20:54:21.236] [Worker-Main-2/WARN] [net.minecraft.client.resources.model.ModelBakery/]: Unable to load model: 'slag:item/flint_guard' referenced from: slag:item/flint_guard: java.io.FileNotFoundException: slag:models/item/flint_guard.json
[11Aug2026 20:54:21.236] [Worker-Main-2/WARN] [net.minecraft.client.resources.model.ModelBakery/]: Unable to load model: 'slag:item/emerald_sword_blade' referenced from: slag:item/emerald_sword_blade: java.io.FileNotFoundException: slag:models/item/emerald_sword_blade.json
[11Aug2026 20:54:21.237] [Worker-Main-2/WARN] [net.minecraft.client.resources.model.ModelBakery/]: Unable to load model: 'slag:item/wooden_shovel_head' referenced from: slag:item/wooden_shovel_head: java.io.FileNotFoundException: slag:models/item/wooden_shovel_head.json
[11Aug2026 20:54:21.237] [Worker-Main-2/WARN] [net.minecraft.client.resources.model.ModelBakery/]: Unable to load model: 'slag:item/flint_hoe_head' referenced from: slag:item/flint_hoe_head: java.io.FileNotFoundException: slag:models/item/flint_hoe_head.json
[11Aug2026 20:54:21.237] [Worker-Main-2/WARN] [net.minecraft.client.resources.model.ModelBakery/]: Unable to load model: 'slag:item/lapis_sword_blade' referenced from: slag:item/lapis_sword_blade: java.io.FileNotFoundException: slag:models/item/lapis_sword_blade.json
[11Aug2026 20:54:21.238] [Worker-Main-2/WARN] [net.minecraft.client.resources.model.ModelBakery/]: Unable to load model: 'slag:item/stone_sword_blade' referenced from: slag:item/stone_sword_blade: java.io.FileNotFoundException: slag:models/item/stone_sword_blade.json
[11Aug2026 20:54:21.238] [Worker-Main-2/WARN] [net.minecraft.client.resources.model.ModelBakery/]: Unable to load model: 'slag:item/amethyst_shovel_head' referenced from: slag:item/amethyst_shovel_head: java.io.FileNotFoundException: slag:models/item/amethyst_shovel_head.json
[11Aug2026 20:54:21.238] [Worker-Main-2/WARN] [net.minecraft.client.resources.model.ModelBakery/]: Unable to load model: 'slag:item/flint_helmet' referenced from: slag:item/flint_helmet: java.io.FileNotFoundException: slag:models/item/flint_helmet.json
[11Aug2026 20:54:21.238] [Worker-Main-2/WARN] [net.minecraft.client.resources.model.ModelBakery/]: Unable to load model: 'slag:item/obsidian_sword_blade' referenced from: slag:item/obsidian_sword_blade: java.io.FileNotFoundException: slag:models/item/obsidian_sword_blade.json
[11Aug2026 20:54:21.238] [Worker-Main-2/WARN] [net.minecraft.client.resources.model.ModelBakery/]: Unable to load model: 'slag:item/wooden_hoe_head' referenced from: slag:item/wooden_hoe_head: java.io.FileNotFoundException: slag:models/item/wooden_hoe_head.json
[11Aug2026 20:54:21.238] [Worker-Main-2/WARN] [net.minecraft.client.resources.model.ModelBakery/]: Unable to load model: 'slag:item/echo_shovel_head' referenced from: slag:item/echo_shovel_head: java.io.FileNotFoundException: slag:models/item/echo_shovel_head.json
[11Aug2026 20:54:21.238] [Worker-Main-2/WARN] [net.minecraft.client.resources.model.ModelBakery/]: Unable to load model: 'slag:item/emerald_plate' referenced from: slag:item/emerald_plate: java.io.FileNotFoundException: slag:models/item/emerald_plate.json
[11Aug2026 20:54:21.239] [Worker-Main-2/WARN] [net.minecraft.client.resources.model.ModelBakery/]: Unable to load model: 'slag:item/deep_alloy_pickaxe_head' referenced from: slag:item/deep_alloy_pickaxe_head: java.io.FileNotFoundException: slag:models/item/deep_alloy_pickaxe_head.json
[11Aug2026 20:54:21.239] [Worker-Main-2/WARN] [net.minecraft.client.resources.model.ModelBakery/]: Unable to load model: 'slag:item/iron_pickaxe_head' referenced from: slag:item/iron_pickaxe_head: java.io.FileNotFoundException: slag:models/item/iron_pickaxe_head.json
[11Aug2026 20:54:21.239] [Worker-Main-2/WARN] [net.minecraft.client.resources.model.ModelBakery/]: Unable to load model: 'slag:item/copper_axe_head' referenced from: slag:item/copper_axe_head: java.io.FileNotFoundException: slag:models/item/copper_axe_head.json
[11Aug2026 20:54:21.240] [Worker-Main-2/WARN] [net.minecraft.client.resources.model.ModelBakery/]: Unable to load model: 'slag:item/flint_shovel_head' referenced from: slag:item/flint_shovel_head: java.io.FileNotFoundException: slag:models/item/flint_shovel_head.json
[11Aug2026 20:54:21.240] [Worker-Main-2/WARN] [net.minecraft.client.resources.model.ModelBakery/]: Unable to load model: 'slag:item/modular_tool' referenced from: slag:item/modular_tool: java.io.FileNotFoundException: slag:models/item/modular_tool.json
[11Aug2026 20:54:21.240] [Worker-Main-2/WARN] [net.minecraft.client.resources.model.ModelBakery/]: Unable to load model: 'slag:item/quartz_pickaxe_head' referenced from: slag:item/quartz_pickaxe_head: java.io.FileNotFoundException: slag:models/item/quartz_pickaxe_head.json
[11Aug2026 20:54:21.240] [Worker-Main-2/WARN] [net.minecraft.client.resources.model.ModelBakery/]: Unable to load model: 'ntgl:item/drum_magazine' referenced from: ntgl:item/drum_magazine: java.io.FileNotFoundException: ntgl:models/item/drum_magazine.json
[11Aug2026 20:54:21.240] [Worker-Main-2/WARN] [net.minecraft.client.resources.model.ModelBakery/]: Unable to load model: 'slag:item/quartz_sword_blade' referenced from: slag:item/quartz_sword_blade: java.io.FileNotFoundException: slag:models/item/quartz_sword_blade.json
[11Aug2026 20:54:21.240] [Worker-Main-2/WARN] [net.minecraft.client.resources.model.ModelBakery/]: Unable to load model: 'slag:item/deep_alloy_shovel_head' referenced from: slag:item/deep_alloy_shovel_head: java.io.FileNotFoundException: slag:models/item/deep_alloy_shovel_head.json
[11Aug2026 20:54:21.240] [Worker-Main-2/WARN] [net.minecraft.client.resources.model.ModelBakery/]: Unable to load model: 'ntgl:item/grenade_old' referenced from: ntgl:item/grenade_old: java.io.FileNotFoundException: ntgl:models/item/grenade_old.json
[11Aug2026 20:54:21.240] [Worker-Main-2/WARN] [net.minecraft.client.resources.model.ModelBakery/]: Unable to load model: 'slag:item/bone_boots' referenced from: slag:item/bone_boots: java.io.FileNotFoundException: slag:models/item/bone_boots.json
[11Aug2026 20:54:21.241] [Worker-Main-2/WARN] [net.minecraft.client.resources.model.ModelBakery/]: Unable to load model: 'slag:item/stone_leggings' referenced from: slag:item/stone_leggings: java.io.FileNotFoundException: slag:models/item/stone_leggings.json
[11Aug2026 20:54:21.241] [Worker-Main-2/WARN] [net.minecraft.client.resources.model.ModelBakery/]: Unable to load model: 'slag:item/wooden_pickaxe_head' referenced from: slag:item/wooden_pickaxe_head: java.io.FileNotFoundException: slag:models/item/wooden_pickaxe_head.json
[11Aug2026 20:54:21.241] [Worker-Main-2/WARN] [net.minecraft.client.resources.model.ModelBakery/]: Unable to load model: 'slag:item/rose_gold_hoe_head' referenced from: slag:item/rose_gold_hoe_head: java.io.FileNotFoundException: slag:models/item/rose_gold_hoe_head.json
[11Aug2026 20:54:21.241] [Worker-Main-2/WARN] [net.minecraft.client.resources.model.ModelBakery/]: Unable to load model: 'slag:item/flint_plate' referenced from: slag:item/flint_plate: java.io.FileNotFoundException: slag:models/item/flint_plate.json
[11Aug2026 20:54:21.241] [Worker-Main-2/WARN] [net.minecraft.client.resources.model.ModelBakery/]: Unable to load model: 'slag:item/copper_guard' referenced from: slag:item/copper_guard: java.io.FileNotFoundException: slag:models/item/copper_guard.json
[11Aug2026 20:54:21.241] [Worker-Main-2/WARN] [net.minecraft.client.resources.model.ModelBakery/]: Unable to load model: 'slag:item/flint_chestplate' referenced from: slag:item/flint_chestplate: java.io.FileNotFoundException: slag:models/item/flint_chestplate.json
[11Aug2026 20:54:21.242] [Worker-Main-2/WARN] [net.minecraft.client.resources.model.ModelBakery/]: Unable to load model: 'slag:item/emerald_guard' referenced from: slag:item/emerald_guard: java.io.FileNotFoundException: slag:models/item/emerald_guard.json
[11Aug2026 20:54:21.242] [Worker-Main-2/WARN] [net.minecraft.client.resources.model.ModelBakery/]: Unable to load model: 'slag:item/bone_guard' referenced from: slag:item/bone_guard: java.io.FileNotFoundException: slag:models/item/bone_guard.json
[11Aug2026 20:54:21.242] [Worker-Main-2/WARN] [net.minecraft.client.resources.model.ModelBakery/]: Unable to load model: 'slag:item/obsidian_hoe_head' referenced from: slag:item/obsidian_hoe_head: java.io.FileNotFoundException: slag:models/item/obsidian_hoe_head.json
[11Aug2026 20:54:21.242] [Worker-Main-2/WARN] [net.minecraft.client.resources.model.ModelBakery/]: Unable to load model: 'slag:item/bone_chestplate' referenced from: slag:item/bone_chestplate: java.io.FileNotFoundException: slag:models/item/bone_chestplate.json
[11Aug2026 20:54:21.243] [Worker-Main-2/WARN] [net.minecraft.client.resources.model.ModelBakery/]: Unable to load model: 'ntgl:item/hammer_stone' referenced from: ntgl:item/hammer_stone: java.io.FileNotFoundException: ntgl:models/item/hammer_stone.json
[11Aug2026 20:54:21.243] [Worker-Main-2/WARN] [net.minecraft.client.resources.model.ModelBakery/]: Unable to load model: 'slag:item/emerald_pickaxe_head' referenced from: slag:item/emerald_pickaxe_head: java.io.FileNotFoundException: slag:models/item/emerald_pickaxe_head.json
[11Aug2026 20:54:21.243] [Worker-Main-2/WARN] [net.minecraft.client.resources.model.ModelBakery/]: Unable to load model: 'slag:item/netherite_hoe_head' referenced from: slag:item/netherite_hoe_head: java.io.FileNotFoundException: slag:models/item/netherite_hoe_head.json
[11Aug2026 20:54:21.244] [Worker-Main-2/WARN] [net.minecraft.client.resources.model.ModelBakery/]: Unable to load model: 'slag:item/rose_gold_pickaxe_head' referenced from: slag:item/rose_gold_pickaxe_head: java.io.FileNotFoundException: slag:models/item/rose_gold_pickaxe_head.json
[11Aug2026 20:54:21.244] [Worker-Main-2/WARN] [net.minecraft.client.resources.model.ModelBakery/]: Unable to load model: 'slag:item/copper_helmet' referenced from: slag:item/copper_helmet: java.io.FileNotFoundException: slag:models/item/copper_helmet.json
[11Aug2026 20:54:21.244] [Worker-Main-2/WARN] [net.minecraft.client.resources.model.ModelBakery/]: Unable to load model: 'slag:item/golden_leggings' referenced from: slag:item/golden_leggings: java.io.FileNotFoundException: slag:models/item/golden_leggings.json
[11Aug2026 20:54:21.244] [Worker-Main-2/WARN] [net.minecraft.client.resources.model.ModelBakery/]: Unable to load model: 'slag:item/echo_axe_head' referenced from: slag:item/echo_axe_head: java.io.FileNotFoundException: slag:models/item/echo_axe_head.json
[11Aug2026 20:54:21.245] [Worker-Main-2/WARN] [net.minecraft.client.resources.model.ModelBakery/]: Unable to load model: 'slag:item/wooden_boots' referenced from: slag:item/wooden_boots: java.io.FileNotFoundException: slag:models/item/wooden_boots.json
[11Aug2026 20:54:21.245] [Worker-Main-2/WARN] [net.minecraft.client.resources.model.ModelBakery/]: Unable to load model: 'slag:item/obsidian_chestplate' referenced from: slag:item/obsidian_chestplate: java.io.FileNotFoundException: slag:models/item/obsidian_chestplate.json
[11Aug2026 20:54:21.245] [Worker-Main-2/WARN] [net.minecraft.client.resources.model.ModelBakery/]: Unable to load model: 'slag:item/echo_boots' referenced from: slag:item/echo_boots: java.io.FileNotFoundException: slag:models/item/echo_boots.json
[11Aug2026 20:54:21.245] [Worker-Main-2/WARN] [net.minecraft.client.resources.model.ModelBakery/]: Unable to load model: 'slag:item/amethyst_helmet' referenced from: slag:item/amethyst_helmet: java.io.FileNotFoundException: slag:models/item/amethyst_helmet.json
[11Aug2026 20:54:21.245] [Worker-Main-2/WARN] [net.minecraft.client.resources.model.ModelBakery/]: Unable to load model: 'slag:item/golden_axe_head' referenced from: slag:item/golden_axe_head: java.io.FileNotFoundException: slag:models/item/golden_axe_head.json
[11Aug2026 20:54:21.246] [Worker-Main-2/WARN] [net.minecraft.client.resources.model.ModelBakery/]: Unable to load model: 'slag:item/copper_sword_blade' referenced from: slag:item/copper_sword_blade: java.io.FileNotFoundException: slag:models/item/copper_sword_blade.json
[11Aug2026 20:54:21.246] [Worker-Main-2/WARN] [net.minecraft.client.resources.model.ModelBakery/]: Unable to load model: 'ntgl:item/light_grip' referenced from: ntgl:item/light_grip: java.io.FileNotFoundException: ntgl:models/item/light_grip.json
[11Aug2026 20:54:21.246] [Worker-Main-2/WARN] [net.minecraft.client.resources.model.ModelBakery/]: Unable to load model: 'slag:item/obsidian_leggings' referenced from: slag:item/obsidian_leggings: java.io.FileNotFoundException: slag:models/item/obsidian_leggings.json
[11Aug2026 20:54:21.246] [Worker-Main-2/WARN] [net.minecraft.client.resources.model.ModelBakery/]: Unable to load model: 'slag:item/emerald_hoe_head' referenced from: slag:item/emerald_hoe_head: java.io.FileNotFoundException: slag:models/item/emerald_hoe_head.json
[11Aug2026 20:54:21.246] [Worker-Main-2/WARN] [net.minecraft.client.resources.model.ModelBakery/]: Unable to load model: 'slag:item/diamond_sword_blade' referenced from: slag:item/diamond_sword_blade: java.io.FileNotFoundException: slag:models/item/diamond_sword_blade.json
[11Aug2026 20:54:21.246] [Worker-Main-2/WARN] [net.minecraft.client.resources.model.ModelBakery/]: Unable to load model: 'slag:item/obsidian_plate' referenced from: slag:item/obsidian_plate: java.io.FileNotFoundException: slag:models/item/obsidian_plate.json
[11Aug2026 20:54:21.246] [Worker-Main-2/WARN] [net.minecraft.client.resources.model.ModelBakery/]: Unable to load model: 'slag:item/diamond_chestplate' referenced from: slag:item/diamond_chestplate: java.io.FileNotFoundException: slag:models/item/diamond_chestplate.json
[11Aug2026 20:54:21.247] [Worker-Main-2/WARN] [net.minecraft.client.resources.model.ModelBakery/]: Unable to load model: 'slag:item/iron_boots' referenced from: slag:item/iron_boots: java.io.FileNotFoundException: slag:models/item/iron_boots.json
[11Aug2026 20:54:21.247] [Worker-Main-2/WARN] [net.minecraft.client.resources.model.ModelBakery/]: Unable to load model: 'slag:item/rose_gold_sword_blade' referenced from: slag:item/rose_gold_sword_blade: java.io.FileNotFoundException: slag:models/item/rose_gold_sword_blade.json
[11Aug2026 20:54:21.247] [Worker-Main-2/WARN] [net.minecraft.client.resources.model.ModelBakery/]: Unable to load model: 'slag:item/golden_chestplate' referenced from: slag:item/golden_chestplate: java.io.FileNotFoundException: slag:models/item/golden_chestplate.json
[11Aug2026 20:54:21.247] [Worker-Main-2/WARN] [net.minecraft.client.resources.model.ModelBakery/]: Unable to load model: 'slag:item/emerald_boots' referenced from: slag:item/emerald_boots: java.io.FileNotFoundException: slag:models/item/emerald_boots.json
[11Aug2026 20:54:21.247] [Worker-Main-2/WARN] [net.minecraft.client.resources.model.ModelBakery/]: Unable to load model: 'slag:item/lapis_boots' referenced from: slag:item/lapis_boots: java.io.FileNotFoundException: slag:models/item/lapis_boots.json
[11Aug2026 20:54:21.247] [Worker-Main-2/WARN] [net.minecraft.client.resources.model.ModelBakery/]: Unable to load model: 'slag:item/lapis_leggings' referenced from: slag:item/lapis_leggings: java.io.FileNotFoundException: slag:models/item/lapis_leggings.json
[11Aug2026 20:54:21.248] [Worker-Main-2/WARN] [net.minecraft.client.resources.model.ModelBakery/]: Unable to load model: 'slag:item/wooden_guard' referenced from: slag:item/wooden_guard: java.io.FileNotFoundException: slag:models/item/wooden_guard.json
[11Aug2026 20:54:21.248] [Worker-Main-2/WARN] [net.minecraft.client.resources.model.ModelBakery/]: Unable to load model: 'slag:item/wooden_sword_blade' referenced from: slag:item/wooden_sword_blade: java.io.FileNotFoundException: slag:models/item/wooden_sword_blade.json
[11Aug2026 20:54:21.248] [Worker-Main-2/WARN] [net.minecraft.client.resources.model.ModelBakery/]: Unable to load model: 'slag:item/quartz_boots' referenced from: slag:item/quartz_boots: java.io.FileNotFoundException: slag:models/item/quartz_boots.json
[11Aug2026 20:54:21.249] [Worker-Main-2/WARN] [net.minecraft.client.resources.model.ModelBakery/]: Unable to load model: 'slag:item/golden_helmet' referenced from: slag:item/golden_helmet: java.io.FileNotFoundException: slag:models/item/golden_helmet.json
[11Aug2026 20:54:21.249] [Worker-Main-2/WARN] [net.minecraft.client.resources.model.ModelBakery/]: Unable to load model: 'ntgl:item/weighted_stock' referenced from: ntgl:item/weighted_stock: java.io.FileNotFoundException: ntgl:models/item/weighted_stock.json
[11Aug2026 20:54:21.249] [Worker-Main-2/WARN] [net.minecraft.client.resources.model.ModelBakery/]: Unable to load model: 'slag:item/bone_plate' referenced from: slag:item/bone_plate: java.io.FileNotFoundException: slag:models/item/bone_plate.json
[11Aug2026 20:54:21.249] [Worker-Main-2/WARN] [net.minecraft.client.resources.model.ModelBakery/]: Unable to load model: 'slag:item/diamond_helmet' referenced from: slag:item/diamond_helmet: java.io.FileNotFoundException: slag:models/item/diamond_helmet.json
[11Aug2026 20:54:21.249] [Worker-Main-2/WARN] [net.minecraft.client.resources.model.ModelBakery/]: Unable to load model: 'slag:item/obsidian_shovel_head' referenced from: slag:item/obsidian_shovel_head: java.io.FileNotFoundException: slag:models/item/obsidian_shovel_head.json
[11Aug2026 20:54:21.249] [Worker-Main-2/WARN] [net.minecraft.client.resources.model.ModelBakery/]: Unable to load model: 'slag:item/amethyst_leggings' referenced from: slag:item/amethyst_leggings: java.io.FileNotFoundException: slag:models/item/amethyst_leggings.json
[11Aug2026 20:54:21.250] [Worker-Main-2/WARN] [net.minecraft.client.resources.model.ModelBakery/]: Unable to load model: 'slag:item/bone_pickaxe_head' referenced from: slag:item/bone_pickaxe_head: java.io.FileNotFoundException: slag:models/item/bone_pickaxe_head.json
[11Aug2026 20:54:21.250] [Worker-Main-2/WARN] [net.minecraft.client.resources.model.ModelBakery/]: Unable to load model: 'ntgl:item/hammer_diamond' referenced from: ntgl:item/hammer_diamond: java.io.FileNotFoundException: ntgl:models/item/hammer_diamond.json
[11Aug2026 20:54:21.250] [Worker-Main-2/WARN] [net.minecraft.client.resources.model.ModelBakery/]: Unable to load model: 'slag:item/iron_axe_head' referenced from: slag:item/iron_axe_head: java.io.FileNotFoundException: slag:models/item/iron_axe_head.json
[11Aug2026 20:54:21.251] [Worker-Main-2/WARN] [net.minecraft.client.resources.model.ModelBakery/]: Unable to load model: 'slag:item/deep_alloy_axe_head' referenced from: slag:item/deep_alloy_axe_head: java.io.FileNotFoundException: slag:models/item/deep_alloy_axe_head.json
[11Aug2026 20:54:21.251] [Worker-Main-2/WARN] [net.minecraft.client.resources.model.ModelBakery/]: Unable to load model: 'slag:item/iron_guard' referenced from: slag:item/iron_guard: java.io.FileNotFoundException: slag:models/item/iron_guard.json
[11Aug2026 20:54:21.251] [Worker-Main-2/WARN] [net.minecraft.client.resources.model.ModelBakery/]: Unable to load model: 'slag:item/lapis_axe_head' referenced from: slag:item/lapis_axe_head: java.io.FileNotFoundException: slag:models/item/lapis_axe_head.json
[11Aug2026 20:54:21.251] [Worker-Main-2/WARN] [net.minecraft.client.resources.model.ModelBakery/]: Unable to load model: 'slag:item/lapis_shovel_head' referenced from: slag:item/lapis_shovel_head: java.io.FileNotFoundException: slag:models/item/lapis_shovel_head.json
[11Aug2026 20:54:21.251] [Worker-Main-2/WARN] [net.minecraft.client.resources.model.ModelBakery/]: Unable to load model: 'slag:item/quartz_chestplate' referenced from: slag:item/quartz_chestplate: java.io.FileNotFoundException: slag:models/item/quartz_chestplate.json
[11Aug2026 20:54:21.251] [Worker-Main-2/WARN] [net.minecraft.client.resources.model.ModelBakery/]: Unable to load model: 'slag:item/golden_guard' referenced from: slag:item/golden_guard: java.io.FileNotFoundException: slag:models/item/golden_guard.json
[11Aug2026 20:54:21.251] [Worker-Main-2/WARN] [net.minecraft.client.resources.model.ModelBakery/]: Unable to load model: 'slag:item/lapis_hoe_head' referenced from: slag:item/lapis_hoe_head: java.io.FileNotFoundException: slag:models/item/lapis_hoe_head.json
[11Aug2026 20:54:21.252] [Worker-Main-2/WARN] [net.minecraft.client.resources.model.ModelBakery/]: Unable to load model: 'slag:item/deep_alloy_chestplate' referenced from: slag:item/deep_alloy_chestplate: java.io.FileNotFoundException: slag:models/item/deep_alloy_chestplate.json
[11Aug2026 20:54:21.252] [Worker-Main-2/WARN] [net.minecraft.client.resources.model.ModelBakery/]: Unable to load model: 'slag:item/baked_tool' referenced from: slag:item/baked_tool: java.io.FileNotFoundException: slag:models/item/baked_tool.json
[11Aug2026 20:54:21.252] [Worker-Main-2/WARN] [net.minecraft.client.resources.model.ModelBakery/]: Unable to load model: 'slag:item/wooden_axe_head' referenced from: slag:item/wooden_axe_head: java.io.FileNotFoundException: slag:models/item/wooden_axe_head.json
[11Aug2026 20:54:21.252] [Worker-Main-2/WARN] [net.minecraft.client.resources.model.ModelBakery/]: Unable to load model: 'slag:item/netherite_shovel_head' referenced from: slag:item/netherite_shovel_head: java.io.FileNotFoundException: slag:models/item/netherite_shovel_head.json
[11Aug2026 20:54:21.252] [Worker-Main-2/WARN] [net.minecraft.client.resources.model.ModelBakery/]: Unable to load model: 'ntgl:item/light_stock' referenced from: ntgl:item/light_stock: java.io.FileNotFoundException: ntgl:models/item/light_stock.json
[11Aug2026 20:54:21.252] [Worker-Main-2/WARN] [net.minecraft.client.resources.model.ModelBakery/]: Unable to load model: 'slag:item/amethyst_pickaxe_head' referenced from: slag:item/amethyst_pickaxe_head: java.io.FileNotFoundException: slag:models/item/amethyst_pickaxe_head.json
[11Aug2026 20:54:21.252] [Worker-Main-2/WARN] [net.minecraft.client.resources.model.ModelBakery/]: Unable to load model: 'slag:item/wooden_plate' referenced from: slag:item/wooden_plate: java.io.FileNotFoundException: slag:models/item/wooden_plate.json
[11Aug2026 20:54:21.252] [Worker-Main-2/WARN] [net.minecraft.client.resources.model.ModelBakery/]: Unable to load model: 'slag:item/deep_alloy_hoe_head' referenced from: slag:item/deep_alloy_hoe_head: java.io.FileNotFoundException: slag:models/item/deep_alloy_hoe_head.json
[11Aug2026 20:54:21.253] [Worker-Main-2/WARN] [net.minecraft.client.resources.model.ModelBakery/]: Unable to load model: 'slag:item/lapis_helmet' referenced from: slag:item/lapis_helmet: java.io.FileNotFoundException: slag:models/item/lapis_helmet.json
[11Aug2026 20:54:21.253] [Worker-Main-2/WARN] [net.minecraft.client.resources.model.ModelBakery/]: Unable to load model: 'slag:item/iron_hoe_head' referenced from: slag:item/iron_hoe_head: java.io.FileNotFoundException: slag:models/item/iron_hoe_head.json
[11Aug2026 20:54:21.253] [Worker-Main-2/WARN] [net.minecraft.client.resources.model.ModelBakery/]: Unable to load model: 'slag:item/emerald_axe_head' referenced from: slag:item/emerald_axe_head: java.io.FileNotFoundException: slag:models/item/emerald_axe_head.json
[11Aug2026 20:54:21.253] [Worker-Main-2/WARN] [net.minecraft.client.resources.model.ModelBakery/]: Unable to load model: 'slag:item/bone_sword_blade' referenced from: slag:item/bone_sword_blade: java.io.FileNotFoundException: slag:models/item/bone_sword_blade.json
[11Aug2026 20:54:21.253] [Worker-Main-2/WARN] [net.minecraft.client.resources.model.ModelBakery/]: Unable to load model: 'slag:item/golden_plate' referenced from: slag:item/golden_plate: java.io.FileNotFoundException: slag:models/item/golden_plate.json
[11Aug2026 20:54:21.253] [Worker-Main-2/WARN] [net.minecraft.client.resources.model.ModelBakery/]: Unable to load model: 'slag:item/echo_helmet' referenced from: slag:item/echo_helmet: java.io.FileNotFoundException: slag:models/item/echo_helmet.json
[11Aug2026 20:54:21.253] [Worker-Main-2/WARN] [net.minecraft.client.resources.model.ModelBakery/]: Unable to load model: 'slag:item/diamond_axe_head' referenced from: slag:item/diamond_axe_head: java.io.FileNotFoundException: slag:models/item/diamond_axe_head.json
[11Aug2026 20:54:21.253] [Worker-Main-2/WARN] [net.minecraft.client.resources.model.ModelBakery/]: Unable to load model: 'slag:item/obsidian_pickaxe_head' referenced from: slag:item/obsidian_pickaxe_head: java.io.FileNotFoundException: slag:models/item/obsidian_pickaxe_head.json
[11Aug2026 20:54:21.253] [Worker-Main-2/WARN] [net.minecraft.client.resources.model.ModelBakery/]: Unable to load model: 'slag:item/netherite_sword_blade' referenced from: slag:item/netherite_sword_blade: java.io.FileNotFoundException: slag:models/item/netherite_sword_blade.json
[11Aug2026 20:54:21.254] [Worker-Main-2/WARN] [net.minecraft.client.resources.model.ModelBakery/]: Unable to load model: 'slag:item/bone_shovel_head' referenced from: slag:item/bone_shovel_head: java.io.FileNotFoundException: slag:models/item/bone_shovel_head.json
[11Aug2026 20:54:21.254] [Worker-Main-2/WARN] [net.minecraft.client.resources.model.ModelBakery/]: Unable to load model: 'slag:item/diamond_hoe_head' referenced from: slag:item/diamond_hoe_head: java.io.FileNotFoundException: slag:models/item/diamond_hoe_head.json
[11Aug2026 20:54:21.254] [Worker-Main-2/WARN] [net.minecraft.client.resources.model.ModelBakery/]: Unable to load model: 'slag:item/stone_chestplate' referenced from: slag:item/stone_chestplate: java.io.FileNotFoundException: slag:models/item/stone_chestplate.json
[11Aug2026 20:54:21.254] [Worker-Main-2/WARN] [net.minecraft.client.resources.model.ModelBakery/]: Unable to load model: 'slag:item/amethyst_chestplate' referenced from: slag:item/amethyst_chestplate: java.io.FileNotFoundException: slag:models/item/amethyst_chestplate.json
[11Aug2026 20:54:21.254] [Worker-Main-2/WARN] [net.minecraft.client.resources.model.ModelBakery/]: Unable to load model: 'slag:item/iron_chestplate' referenced from: slag:item/iron_chestplate: java.io.FileNotFoundException: slag:models/item/iron_chestplate.json
[11Aug2026 20:54:21.254] [Worker-Main-2/WARN] [net.minecraft.client.resources.model.ModelBakery/]: Unable to load model: 'ntgl:item/collimator_sight' referenced from: ntgl:item/collimator_sight: java.io.FileNotFoundException: ntgl:models/item/collimator_sight.json
[11Aug2026 20:54:21.254] [Worker-Main-2/WARN] [net.minecraft.client.resources.model.ModelBakery/]: Unable to load model: 'slag:item/emerald_chestplate' referenced from: slag:item/emerald_chestplate: java.io.FileNotFoundException: slag:models/item/emerald_chestplate.json
[11Aug2026 20:54:21.255] [Worker-Main-2/WARN] [net.minecraft.client.resources.model.ModelBakery/]: Unable to load model: 'slag:item/echo_chestplate' referenced from: slag:item/echo_chestplate: java.io.FileNotFoundException: slag:models/item/echo_chestplate.json
[11Aug2026 20:54:21.256] [Worker-Main-2/WARN] [net.minecraft.client.resources.model.ModelBakery/]: Unable to load model: 'slag:item/netherite_helmet' referenced from: slag:item/netherite_helmet: java.io.FileNotFoundException: slag:models/item/netherite_helmet.json
[11Aug2026 20:54:21.256] [Worker-Main-2/WARN] [net.minecraft.client.resources.model.ModelBakery/]: Unable to load model: 'slag:item/quartz_helmet' referenced from: slag:item/quartz_helmet: java.io.FileNotFoundException: slag:models/item/quartz_helmet.json
[11Aug2026 20:54:21.256] [Worker-Main-2/WARN] [net.minecraft.client.resources.model.ModelBakery/]: Unable to load model: 'slag:item/quartz_guard' referenced from: slag:item/quartz_guard: java.io.FileNotFoundException: slag:models/item/quartz_guard.json
[11Aug2026 20:54:21.256] [Worker-Main-2/WARN] [net.minecraft.client.resources.model.ModelBakery/]: Unable to load model: 'slag:item/rose_gold_shovel_head' referenced from: slag:item/rose_gold_shovel_head: java.io.FileNotFoundException: slag:models/item/rose_gold_shovel_head.json
[11Aug2026 20:54:21.256] [Worker-Main-2/WARN] [net.minecraft.client.resources.model.ModelBakery/]: Unable to load model: 'slag:item/wooden_chestplate' referenced from: slag:item/wooden_chestplate: java.io.FileNotFoundException: slag:models/item/wooden_chestplate.json
[11Aug2026 20:54:21.257] [Worker-Main-2/WARN] [net.minecraft.client.resources.model.ModelBakery/]: Unable to load model: 'slag:item/echo_plate' referenced from: slag:item/echo_plate: java.io.FileNotFoundException: slag:models/item/echo_plate.json
[11Aug2026 20:54:21.257] [Worker-Main-2/WARN] [net.minecraft.client.resources.model.ModelBakery/]: Unable to load model: 'slag:item/iron_plate' referenced from: slag:item/iron_plate: java.io.FileNotFoundException: slag:models/item/iron_plate.json
[11Aug2026 20:54:21.257] [Worker-Main-2/WARN] [net.minecraft.client.resources.model.ModelBakery/]: Unable to load model: 'slag:item/amethyst_guard' referenced from: slag:item/amethyst_guard: java.io.FileNotFoundException: slag:models/item/amethyst_guard.json
[11Aug2026 20:54:21.257] [Worker-Main-2/WARN] [net.minecraft.client.resources.model.ModelBakery/]: Unable to load model: 'slag:item/bone_leggings' referenced from: slag:item/bone_leggings: java.io.FileNotFoundException: slag:models/item/bone_leggings.json
[11Aug2026 20:54:21.257] [Worker-Main-2/WARN] [net.minecraft.client.resources.model.ModelBakery/]: Unable to load model: 'slag:item/amethyst_hoe_head' referenced from: slag:item/amethyst_hoe_head: java.io.FileNotFoundException: slag:models/item/amethyst_hoe_head.json
[11Aug2026 20:54:21.257] [Worker-Main-2/WARN] [net.minecraft.client.resources.model.ModelBakery/]: Unable to load model: 'ntgl:item/ammo_box' referenced from: ntgl:item/ammo_box: java.io.FileNotFoundException: ntgl:models/item/ammo_box.json
[11Aug2026 20:54:21.257] [Worker-Main-2/WARN] [net.minecraft.client.resources.model.ModelBakery/]: Unable to load model: 'slag:item/wooden_helmet' referenced from: slag:item/wooden_helmet: java.io.FileNotFoundException: slag:models/item/wooden_helmet.json
[11Aug2026 20:54:21.258] [Worker-Main-2/WARN] [net.minecraft.client.resources.model.ModelBakery/]: Unable to load model: 'slag:item/bone_axe_head' referenced from: slag:item/bone_axe_head: java.io.FileNotFoundException: slag:models/item/bone_axe_head.json
[11Aug2026 20:54:21.258] [Worker-Main-2/WARN] [net.minecraft.client.resources.model.ModelBakery/]: Unable to load model: 'slag:item/stone_boots' referenced from: slag:item/stone_boots: java.io.FileNotFoundException: slag:models/item/stone_boots.json
[11Aug2026 20:54:21.258] [Worker-Main-2/WARN] [net.minecraft.client.resources.model.ModelBakery/]: Unable to load model: 'ntgl:item/steel_ball' referenced from: ntgl:item/steel_ball: java.io.FileNotFoundException: ntgl:models/item/steel_ball.json
[11Aug2026 20:54:21.258] [Worker-Main-2/WARN] [net.minecraft.client.resources.model.ModelBakery/]: Unable to load model: 'slag:item/golden_hoe_head' referenced from: slag:item/golden_hoe_head: java.io.FileNotFoundException: slag:models/item/golden_hoe_head.json
[11Aug2026 20:54:21.258] [Worker-Main-2/WARN] [net.minecraft.client.resources.model.ModelBakery/]: Unable to load model: 'slag:item/deep_alloy_sword_blade' referenced from: slag:item/deep_alloy_sword_blade: java.io.FileNotFoundException: slag:models/item/deep_alloy_sword_blade.json
[11Aug2026 20:54:21.258] [Worker-Main-2/WARN] [net.minecraft.client.resources.model.ModelBakery/]: Unable to load model: 'slag:item/echo_guard' referenced from: slag:item/echo_guard: java.io.FileNotFoundException: slag:models/item/echo_guard.json
[11Aug2026 20:54:21.258] [Worker-Main-2/WARN] [net.minecraft.client.resources.model.ModelBakery/]: Unable to load model: 'slag:item/quartz_plate' referenced from: slag:item/quartz_plate: java.io.FileNotFoundException: slag:models/item/quartz_plate.json
[11Aug2026 20:54:21.259] [Worker-Main-2/WARN] [net.minecraft.client.resources.model.ModelBakery/]: Unable to load model: 'slag:item/rose_gold_leggings' referenced from: slag:item/rose_gold_leggings: java.io.FileNotFoundException: slag:models/item/rose_gold_leggings.json
[11Aug2026 20:54:21.259] [Worker-Main-2/WARN] [net.minecraft.client.resources.model.ModelBakery/]: Unable to load model: 'slag:item/emerald_helmet' referenced from: slag:item/emerald_helmet: java.io.FileNotFoundException: slag:models/item/emerald_helmet.json
[11Aug2026 20:54:21.259] [Worker-Main-2/WARN] [net.minecraft.client.resources.model.ModelBakery/]: Unable to load model: 'slag:item/rose_gold_plate' referenced from: slag:item/rose_gold_plate: java.io.FileNotFoundException: slag:models/item/rose_gold_plate.json
[11Aug2026 20:54:21.259] [Worker-Main-2/WARN] [net.minecraft.client.resources.model.ModelBakery/]: Unable to load model: 'slag:item/stone_guard' referenced from: slag:item/stone_guard: java.io.FileNotFoundException: slag:models/item/stone_guard.json
[11Aug2026 20:54:21.259] [Worker-Main-2/WARN] [net.minecraft.client.resources.model.ModelBakery/]: Unable to load model: 'slag:item/netherite_axe_head' referenced from: slag:item/netherite_axe_head: java.io.FileNotFoundException: slag:models/item/netherite_axe_head.json
[11Aug2026 20:54:21.259] [Worker-Main-2/WARN] [net.minecraft.client.resources.model.ModelBakery/]: Unable to load model: 'slag:item/echo_hoe_head' referenced from: slag:item/echo_hoe_head: java.io.FileNotFoundException: slag:models/item/echo_hoe_head.json
[11Aug2026 20:54:21.259] [Worker-Main-2/WARN] [net.minecraft.client.resources.model.ModelBakery/]: Unable to load model: 'slag:item/amethyst_plate' referenced from: slag:item/amethyst_plate: java.io.FileNotFoundException: slag:models/item/amethyst_plate.json
[11Aug2026 20:54:21.259] [Worker-Main-2/WARN] [net.minecraft.client.resources.model.ModelBakery/]: Unable to load model: 'slag:item/echo_sword_blade' referenced from: slag:item/echo_sword_blade: java.io.FileNotFoundException: slag:models/item/echo_sword_blade.json
[11Aug2026 20:54:21.259] [Worker-Main-2/WARN] [net.minecraft.client.resources.model.ModelBakery/]: Unable to load model: 'slag:item/obsidian_guard' referenced from: slag:item/obsidian_guard: java.io.FileNotFoundException: slag:models/item/obsidian_guard.json
[11Aug2026 20:54:21.259] [Worker-Main-2/WARN] [net.minecraft.client.resources.model.ModelBakery/]: Unable to load model: 'slag:item/emerald_shovel_head' referenced from: slag:item/emerald_shovel_head: java.io.FileNotFoundException: slag:models/item/emerald_shovel_head.json
[11Aug2026 20:54:21.260] [Worker-Main-2/WARN] [net.minecraft.client.resources.model.ModelBakery/]: Unable to load model: 'slag:item/flint_pickaxe_head' referenced from: slag:item/flint_pickaxe_head: java.io.FileNotFoundException: slag:models/item/flint_pickaxe_head.json
[11Aug2026 20:54:21.260] [Worker-Main-2/WARN] [net.minecraft.client.resources.model.ModelBakery/]: Unable to load model: 'slag:item/echo_pickaxe_head' referenced from: slag:item/echo_pickaxe_head: java.io.FileNotFoundException: slag:models/item/echo_pickaxe_head.json
[11Aug2026 20:54:21.260] [Worker-Main-2/WARN] [net.minecraft.client.resources.model.ModelBakery/]: Unable to load model: 'slag:item/emerald_leggings' referenced from: slag:item/emerald_leggings: java.io.FileNotFoundException: slag:models/item/emerald_leggings.json
[11Aug2026 20:54:21.260] [Worker-Main-2/WARN] [net.minecraft.client.resources.model.ModelBakery/]: Unable to load model: 'slag:item/stone_helmet' referenced from: slag:item/stone_helmet: java.io.FileNotFoundException: slag:models/item/stone_helmet.json
[11Aug2026 20:54:21.260] [Worker-Main-2/WARN] [net.minecraft.client.resources.model.ModelBakery/]: Unable to load model: 'slag:item/diamond_leggings' referenced from: slag:item/diamond_leggings: java.io.FileNotFoundException: slag:models/item/diamond_leggings.json
[11Aug2026 20:54:21.260] [Worker-Main-2/WARN] [net.minecraft.client.resources.model.ModelBakery/]: Unable to load model: 'slag:item/deep_alloy_leggings' referenced from: slag:item/deep_alloy_leggings: java.io.FileNotFoundException: slag:models/item/deep_alloy_leggings.json
[11Aug2026 20:54:21.260] [Worker-Main-2/WARN] [net.minecraft.client.resources.model.ModelBakery/]: Unable to load model: 'slag:item/flint_sword_blade' referenced from: slag:item/flint_sword_blade: java.io.FileNotFoundException: slag:models/item/flint_sword_blade.json
[11Aug2026 20:54:21.260] [Worker-Main-2/WARN] [net.minecraft.client.resources.model.ModelBakery/]: Unable to load model: 'slag:item/lapis_plate' referenced from: slag:item/lapis_plate: java.io.FileNotFoundException: slag:models/item/lapis_plate.json
[11Aug2026 20:54:21.260] [Worker-Main-2/WARN] [net.minecraft.client.resources.model.ModelBakery/]: Unable to load model: 'slag:item/stone_pickaxe_head' referenced from: slag:item/stone_pickaxe_head: java.io.FileNotFoundException: slag:models/item/stone_pickaxe_head.json
[11Aug2026 20:54:21.260] [Worker-Main-2/WARN] [net.minecraft.client.resources.model.ModelBakery/]: Unable to load model: 'slag:item/rose_gold_axe_head' referenced from: slag:item/rose_gold_axe_head: java.io.FileNotFoundException: slag:models/item/rose_gold_axe_head.json
[11Aug2026 20:54:21.260] [Worker-Main-2/WARN] [net.minecraft.client.resources.model.ModelBakery/]: Unable to load model: 'slag:item/lapis_guard' referenced from: slag:item/lapis_guard: java.io.FileNotFoundException: slag:models/item/lapis_guard.json
[11Aug2026 20:54:21.262] [Worker-Main-2/WARN] [net.minecraft.client.resources.model.ModelBakery/]: Unable to load model: 'slag:item/diamond_guard' referenced from: slag:item/diamond_guard: java.io.FileNotFoundException: slag:models/item/diamond_guard.json
[11Aug2026 20:54:21.262] [Worker-Main-2/WARN] [net.minecraft.client.resources.model.ModelBakery/]: Unable to load model: 'slag:item/netherite_plate' referenced from: slag:item/netherite_plate: java.io.FileNotFoundException: slag:models/item/netherite_plate.json
[11Aug2026 20:54:21.262] [Worker-Main-2/WARN] [net.minecraft.client.resources.model.ModelBakery/]: Unable to load model: 'slag:item/diamond_plate' referenced from: slag:item/diamond_plate: java.io.FileNotFoundException: slag:models/item/diamond_plate.json
[11Aug2026 20:54:21.262] [Worker-Main-2/WARN] [net.minecraft.client.resources.model.ModelBakery/]: Unable to load model: 'slag:item/diamond_pickaxe_head' referenced from: slag:item/diamond_pickaxe_head: java.io.FileNotFoundException: slag:models/item/diamond_pickaxe_head.json
[11Aug2026 20:54:21.262] [Worker-Main-2/WARN] [net.minecraft.client.resources.model.ModelBakery/]: Unable to load model: 'slag:item/rose_gold_guard' referenced from: slag:item/rose_gold_guard: java.io.FileNotFoundException: slag:models/item/rose_gold_guard.json
[11Aug2026 20:54:21.262] [Worker-Main-2/WARN] [net.minecraft.client.resources.model.ModelBakery/]: Unable to load model: 'slag:item/copper_pickaxe_head' referenced from: slag:item/copper_pickaxe_head: java.io.FileNotFoundException: slag:models/item/copper_pickaxe_head.json
[11Aug2026 20:54:21.262] [Worker-Main-2/WARN] [net.minecraft.client.resources.model.ModelBakery/]: Unable to load model: 'slag:item/golden_boots' referenced from: slag:item/golden_boots: java.io.FileNotFoundException: slag:models/item/golden_boots.json
[11Aug2026 20:54:21.262] [Worker-Main-2/WARN] [net.minecraft.client.resources.model.ModelBakery/]: Unable to load model: 'ntgl:item/extended_magazine' referenced from: ntgl:item/extended_magazine: java.io.FileNotFoundException: ntgl:models/item/extended_magazine.json
[11Aug2026 20:54:21.262] [Worker-Main-2/WARN] [net.minecraft.client.resources.model.ModelBakery/]: Unable to load model: 'slag:item/iron_leggings' referenced from: slag:item/iron_leggings: java.io.FileNotFoundException: slag:models/item/iron_leggings.json
[11Aug2026 20:54:21.262] [Worker-Main-2/WARN] [net.minecraft.client.resources.model.ModelBakery/]: Unable to load model: 'slag:item/obsidian_helmet' referenced from: slag:item/obsidian_helmet: java.io.FileNotFoundException: slag:models/item/obsidian_helmet.json
[11Aug2026 20:54:21.262] [Worker-Main-2/WARN] [net.minecraft.client.resources.model.ModelBakery/]: Unable to load model: 'slag:item/wooden_leggings' referenced from: slag:item/wooden_leggings: java.io.FileNotFoundException: slag:models/item/wooden_leggings.json
[11Aug2026 20:54:21.262] [Worker-Main-2/WARN] [net.minecraft.client.resources.model.ModelBakery/]: Unable to load model: 'slag:item/diamond_shovel_head' referenced from: slag:item/diamond_shovel_head: java.io.FileNotFoundException: slag:models/item/diamond_shovel_head.json
[11Aug2026 20:54:21.262] [Worker-Main-2/WARN] [net.minecraft.client.resources.model.ModelBakery/]: Unable to load model: 'slag:item/deep_alloy_plate' referenced from: slag:item/deep_alloy_plate: java.io.FileNotFoundException: slag:models/item/deep_alloy_plate.json
[11Aug2026 20:54:21.262] [Worker-Main-2/WARN] [net.minecraft.client.resources.model.ModelBakery/]: Unable to load model: 'slag:item/copper_shovel_head' referenced from: slag:item/copper_shovel_head: java.io.FileNotFoundException: slag:models/item/copper_shovel_head.json
[11Aug2026 20:54:21.263] [Worker-Main-2/WARN] [net.minecraft.client.resources.model.ModelBakery/]: Unable to load model: 'slag:item/quartz_leggings' referenced from: slag:item/quartz_leggings: java.io.FileNotFoundException: slag:models/item/quartz_leggings.json
[11Aug2026 20:54:21.263] [Worker-Main-2/WARN] [net.minecraft.client.resources.model.ModelBakery/]: Unable to load model: 'slag:item/stone_plate' referenced from: slag:item/stone_plate: java.io.FileNotFoundException: slag:models/item/stone_plate.json
[11Aug2026 20:54:21.263] [Worker-Main-2/WARN] [net.minecraft.client.resources.model.ModelBakery/]: Unable to load model: 'slag:item/rose_gold_chestplate' referenced from: slag:item/rose_gold_chestplate: java.io.FileNotFoundException: slag:models/item/rose_gold_chestplate.json
[11Aug2026 20:54:21.264] [Worker-Main-2/WARN] [net.minecraft.client.resources.model.ModelBakery/]: Unable to load model: 'ntgl:item/rpg' referenced from: ntgl:item/rpg: java.io.FileNotFoundException: ntgl:models/item/rpg.json
[11Aug2026 20:54:21.264] [Worker-Main-2/WARN] [net.minecraft.client.resources.model.ModelBakery/]: Unable to load model: 'slag:item/copper_plate' referenced from: slag:item/copper_plate: java.io.FileNotFoundException: slag:models/item/copper_plate.json
[11Aug2026 20:54:21.264] [Worker-Main-2/WARN] [net.minecraft.client.resources.model.ModelBakery/]: Unable to load model: 'slag:item/golden_sword_blade' referenced from: slag:item/golden_sword_blade: java.io.FileNotFoundException: slag:models/item/golden_sword_blade.json
[11Aug2026 20:54:21.264] [Worker-Main-2/WARN] [net.minecraft.client.resources.model.ModelBakery/]: Unable to load model: 'slag:item/copper_hoe_head' referenced from: slag:item/copper_hoe_head: java.io.FileNotFoundException: slag:models/item/copper_hoe_head.json
[11Aug2026 20:54:21.264] [Worker-Main-2/WARN] [net.minecraft.client.resources.model.ModelBakery/]: Unable to load model: 'ntgl:item/specialised_grip' referenced from: ntgl:item/specialised_grip: java.io.FileNotFoundException: ntgl:models/item/specialised_grip.json
[11Aug2026 20:54:21.264] [Worker-Main-2/WARN] [net.minecraft.client.resources.model.ModelBakery/]: Unable to load model: 'slag:item/deep_alloy_guard' referenced from: slag:item/deep_alloy_guard: java.io.FileNotFoundException: slag:models/item/deep_alloy_guard.json
[11Aug2026 20:54:21.265] [Worker-Main-2/WARN] [net.minecraft.client.resources.model.ModelBakery/]: Unable to load model: 'slag:item/flint_axe_head' referenced from: slag:item/flint_axe_head: java.io.FileNotFoundException: slag:models/item/flint_axe_head.json
[11Aug2026 20:54:21.265] [Worker-Main-2/WARN] [net.minecraft.client.resources.model.ModelBakery/]: Unable to load model: 'ntgl:item/tactical_stock' referenced from: ntgl:item/tactical_stock: java.io.FileNotFoundException: ntgl:models/item/tactical_stock.json
[11Aug2026 20:54:21.265] [Worker-Main-2/WARN] [net.minecraft.client.resources.model.ModelBakery/]: Unable to load model: 'slag:item/amethyst_axe_head' referenced from: slag:item/amethyst_axe_head: java.io.FileNotFoundException: slag:models/item/amethyst_axe_head.json
[11Aug2026 20:54:21.266] [Worker-Main-2/WARN] [net.minecraft.client.resources.model.ModelBakery/]: Unable to load model: 'slag:item/obsidian_axe_head' referenced from: slag:item/obsidian_axe_head: java.io.FileNotFoundException: slag:models/item/obsidian_axe_head.json
[11Aug2026 20:54:21.266] [Worker-Main-2/WARN] [net.minecraft.client.resources.model.ModelBakery/]: Unable to load model: 'slag:item/copper_chestplate' referenced from: slag:item/copper_chestplate: java.io.FileNotFoundException: slag:models/item/copper_chestplate.json
[11Aug2026 20:54:21.266] [Worker-Main-2/WARN] [net.minecraft.client.resources.model.ModelBakery/]: Unable to load model: 'slag:item/lapis_pickaxe_head' referenced from: slag:item/lapis_pickaxe_head: java.io.FileNotFoundException: slag:models/item/lapis_pickaxe_head.json
[11Aug2026 20:54:21.266] [Worker-Main-2/WARN] [net.minecraft.client.resources.model.ModelBakery/]: Unable to load model: 'slag:item/bone_helmet' referenced from: slag:item/bone_helmet: java.io.FileNotFoundException: slag:models/item/bone_helmet.json
[11Aug2026 20:54:21.266] [Worker-Main-2/WARN] [net.minecraft.client.resources.model.ModelBakery/]: Unable to load model: 'slag:item/amethyst_boots' referenced from: slag:item/amethyst_boots: java.io.FileNotFoundException: slag:models/item/amethyst_boots.json
[11Aug2026 20:54:21.266] [Worker-Main-2/WARN] [net.minecraft.client.resources.model.ModelBakery/]: Unable to load model: 'slag:item/flint_boots' referenced from: slag:item/flint_boots: java.io.FileNotFoundException: slag:models/item/flint_boots.json
[11Aug2026 20:54:21.267] [Worker-Main-2/WARN] [net.minecraft.client.resources.model.ModelBakery/]: Unable to load model: 'slag:item/golden_pickaxe_head' referenced from: slag:item/golden_pickaxe_head: java.io.FileNotFoundException: slag:models/item/golden_pickaxe_head.json
[11Aug2026 20:54:21.267] [Worker-Main-2/WARN] [net.minecraft.client.resources.model.ModelBakery/]: Unable to load model: 'slag:item/netherite_pickaxe_head' referenced from: slag:item/netherite_pickaxe_head: java.io.FileNotFoundException: slag:models/item/netherite_pickaxe_head.json
[11Aug2026 20:54:21.267] [Worker-Main-2/WARN] [net.minecraft.client.resources.model.ModelBakery/]: Unable to load model: 'slag:item/amethyst_sword_blade' referenced from: slag:item/amethyst_sword_blade: java.io.FileNotFoundException: slag:models/item/amethyst_sword_blade.json
[11Aug2026 20:54:21.267] [Worker-Main-2/WARN] [net.minecraft.client.resources.model.ModelBakery/]: Unable to load model: 'slag:item/stone_shovel_head' referenced from: slag:item/stone_shovel_head: java.io.FileNotFoundException: slag:models/item/stone_shovel_head.json
[11Aug2026 20:54:21.267] [Worker-Main-2/WARN] [net.minecraft.client.resources.model.ModelBakery/]: Unable to load model: 'slag:item/bone_hoe_head' referenced from: slag:item/bone_hoe_head: java.io.FileNotFoundException: slag:models/item/bone_hoe_head.json
[11Aug2026 20:54:21.268] [Worker-Main-2/WARN] [net.minecraft.client.resources.model.ModelBakery/]: Unable to load model: 'slag:item/rose_gold_boots' referenced from: slag:item/rose_gold_boots: java.io.FileNotFoundException: slag:models/item/rose_gold_boots.json
[11Aug2026 20:54:21.268] [Worker-Main-2/WARN] [net.minecraft.client.resources.model.ModelBakery/]: Unable to load model: 'slag:item/netherite_guard' referenced from: slag:item/netherite_guard: java.io.FileNotFoundException: slag:models/item/netherite_guard.json
[11Aug2026 20:54:21.268] [Worker-Main-2/WARN] [net.minecraft.client.resources.model.ModelBakery/]: Unable to load model: 'slag:item/deep_alloy_helmet' referenced from: slag:item/deep_alloy_helmet: java.io.FileNotFoundException: slag:models/item/deep_alloy_helmet.json
[11Aug2026 20:54:21.268] [Worker-Main-2/WARN] [net.minecraft.client.resources.model.ModelBakery/]: Unable to load model: 'slag:item/copper_leggings' referenced from: slag:item/copper_leggings: java.io.FileNotFoundException: slag:models/item/copper_leggings.json
[11Aug2026 20:54:21.268] [Worker-Main-2/WARN] [net.minecraft.client.resources.model.ModelBakery/]: Unable to load model: 'slag:item/netherite_boots' referenced from: slag:item/netherite_boots: java.io.FileNotFoundException: slag:models/item/netherite_boots.json
[11Aug2026 20:54:21.269] [Worker-Main-2/WARN] [net.minecraft.client.resources.model.ModelBakery/]: Unable to load model: 'slag:item/iron_shovel_head' referenced from: slag:item/iron_shovel_head: java.io.FileNotFoundException: slag:models/item/iron_shovel_head.json
[11Aug2026 20:54:21.269] [Worker-Main-2/WARN] [net.minecraft.client.resources.model.ModelBakery/]: Unable to load model: 'slag:item/quartz_axe_head' referenced from: slag:item/quartz_axe_head: java.io.FileNotFoundException: slag:models/item/quartz_axe_head.json
[11Aug2026 20:54:21.269] [Worker-Main-2/WARN] [net.minecraft.client.resources.model.ModelBakery/]: Unable to load model: 'ntgl:item/frame_item' referenced from: ntgl:item/frame_item: java.io.FileNotFoundException: ntgl:models/item/frame_item.json
[11Aug2026 20:54:21.269] [Worker-Main-2/WARN] [net.minecraft.client.resources.model.ModelBakery/]: Unable to load model: 'slag:item/quartz_shovel_head' referenced from: slag:item/quartz_shovel_head: java.io.FileNotFoundException: slag:models/item/quartz_shovel_head.json
[11Aug2026 20:54:21.269] [Worker-Main-2/WARN] [net.minecraft.client.resources.model.ModelBakery/]: Unable to load model: 'slag:item/diamond_boots' referenced from: slag:item/diamond_boots: java.io.FileNotFoundException: slag:models/item/diamond_boots.json
[11Aug2026 20:54:21.269] [Worker-Main-2/WARN] [net.minecraft.client.resources.model.ModelBakery/]: Unable to load model: 'slag:item/iron_helmet' referenced from: slag:item/iron_helmet: java.io.FileNotFoundException: slag:models/item/iron_helmet.json
[11Aug2026 20:54:21.269] [Worker-Main-2/WARN] [net.minecraft.client.resources.model.ModelBakery/]: Unable to load model: 'ntgl:item/holographic_sight' referenced from: ntgl:item/holographic_sight: java.io.FileNotFoundException: ntgl:models/item/holographic_sight.json
[11Aug2026 20:54:21.270] [Worker-Main-2/WARN] [net.minecraft.client.resources.model.ModelBakery/]: Unable to load model: 'slag:item/netherite_leggings' referenced from: slag:item/netherite_leggings: java.io.FileNotFoundException: slag:models/item/netherite_leggings.json
[11Aug2026 20:54:21.270] [Worker-Main-2/WARN] [net.minecraft.client.resources.model.ModelBakery/]: Unable to load model: 'slag:item/rose_gold_helmet' referenced from: slag:item/rose_gold_helmet: java.io.FileNotFoundException: slag:models/item/rose_gold_helmet.json
[11Aug2026 20:54:21.270] [Worker-Main-2/WARN] [net.minecraft.client.resources.model.ModelBakery/]: Unable to load model: 'slag:item/iron_sword_blade' referenced from: slag:item/iron_sword_blade: java.io.FileNotFoundException: slag:models/item/iron_sword_blade.json
[11Aug2026 20:54:21.270] [Worker-Main-2/WARN] [net.minecraft.client.resources.model.ModelBakery/]: Unable to load model: 'slag:item/flint_leggings' referenced from: slag:item/flint_leggings: java.io.FileNotFoundException: slag:models/item/flint_leggings.json
[11Aug2026 20:54:21.270] [Worker-Main-2/WARN] [net.minecraft.client.resources.model.ModelBakery/]: Unable to load model: 'slag:item/obsidian_boots' referenced from: slag:item/obsidian_boots: java.io.FileNotFoundException: slag:models/item/obsidian_boots.json
[11Aug2026 20:54:21.270] [Worker-Main-2/WARN] [net.minecraft.client.resources.model.ModelBakery/]: Unable to load model: 'slag:item/quartz_hoe_head' referenced from: slag:item/quartz_hoe_head: java.io.FileNotFoundException: slag:models/item/quartz_hoe_head.json
[11Aug2026 20:54:21.271] [Worker-Main-2/WARN] [net.minecraft.client.resources.model.ModelBakery/]: Unable to load model: 'slag:item/lapis_chestplate' referenced from: slag:item/lapis_chestplate: java.io.FileNotFoundException: slag:models/item/lapis_chestplate.json
[11Aug2026 20:54:21.271] [Worker-Main-2/WARN] [net.minecraft.client.resources.model.ModelBakery/]: Unable to load model: 'slag:item/golden_shovel_head' referenced from: slag:item/golden_shovel_head: java.io.FileNotFoundException: slag:models/item/golden_shovel_head.json
[11Aug2026 20:54:21.271] [Worker-Main-2/WARN] [net.minecraft.client.resources.model.ModelBakery/]: Unable to load model: 'slag:item/copper_boots' referenced from: slag:item/copper_boots: java.io.FileNotFoundException: slag:models/item/copper_boots.json
[11Aug2026 20:54:21.271] [Worker-Main-2/WARN] [net.minecraft.client.resources.model.ModelBakery/]: Unable to load model: 'slag:item/stone_hoe_head' referenced from: slag:item/stone_hoe_head: java.io.FileNotFoundException: slag:models/item/stone_hoe_head.json
[11Aug2026 20:54:21.271] [Worker-Main-2/WARN] [net.minecraft.client.resources.model.ModelBakery/]: Unable to load model: 'slag:item/echo_leggings' referenced from: slag:item/echo_leggings: java.io.FileNotFoundException: slag:models/item/echo_leggings.json
[11Aug2026 20:54:21.271] [Worker-Main-2/WARN] [net.minecraft.client.resources.model.ModelBakery/]: Unable to load model: 'slag:item/stone_axe_head' referenced from: slag:item/stone_axe_head: java.io.FileNotFoundException: slag:models/item/stone_axe_head.json
[11Aug2026 20:54:21.272] [Worker-Main-2/WARN] [net.minecraft.client.resources.model.ModelBakery/]: Unable to load model: 'slag:item/netherite_chestplate' referenced from: slag:item/netherite_chestplate: java.io.FileNotFoundException: slag:models/item/netherite_chestplate.json
[11Aug2026 20:54:21.272] [Worker-Main-2/WARN] [net.minecraft.client.resources.model.ModelBakery/]: Unable to load model: 'slag:item/deep_alloy_boots' referenced from: slag:item/deep_alloy_boots: java.io.FileNotFoundException: slag:models/item/deep_alloy_boots.json
[11Aug2026 20:54:24.063] [Worker-Main-2/WARN] [net.minecraft.client.resources.model.ModelBakery/]: Unable to load model: 'dndesires:block/gray_propeller' referenced from: dndesires:block/gray_propeller: java.io.FileNotFoundException: dndesires:models/block/gray_propeller.json
[11Aug2026 20:54:24.063] [Worker-Main-2/WARN] [net.minecraft.client.resources.model.ModelBakery/]: Unable to load model: 'dndesires:block/light_blue_propeller' referenced from: dndesires:block/light_blue_propeller: java.io.FileNotFoundException: dndesires:models/block/light_blue_propeller.json
[11Aug2026 20:54:24.064] [Worker-Main-2/WARN] [net.minecraft.client.resources.model.ModelBakery/]: Unable to load model: 'dndesires:block/red_propeller' referenced from: dndesires:block/red_propeller: java.io.FileNotFoundException: dndesires:models/block/red_propeller.json
[11Aug2026 20:54:24.064] [Worker-Main-2/WARN] [net.minecraft.client.resources.model.ModelBakery/]: Unable to load model: 'dndesires:block/cyan_propeller' referenced from: dndesires:block/cyan_propeller: java.io.FileNotFoundException: dndesires:models/block/cyan_propeller.json
[11Aug2026 20:54:24.065] [Worker-Main-2/WARN] [net.minecraft.client.resources.model.ModelBakery/]: Unable to load model: 'dndesires:block/light_gray_propeller' referenced from: dndesires:block/light_gray_propeller: java.io.FileNotFoundException: dndesires:models/block/light_gray_propeller.json
[11Aug2026 20:54:24.065] [Worker-Main-2/WARN] [net.minecraft.client.resources.model.ModelBakery/]: Unable to load model: 'irons_spellbooks:item/template_open_spell_book_model' referenced from: irons_spellbooks:item/template_open_spell_book_model: java.io.FileNotFoundException: irons_spellbooks:models/item/template_open_spell_book_model.json
[11Aug2026 20:54:24.065] [Worker-Main-2/WARN] [net.minecraft.client.resources.model.ModelBakery/]: Unable to load model: 'dndesires:block/white_propeller' referenced from: dndesires:block/white_propeller: java.io.FileNotFoundException: dndesires:models/block/white_propeller.json
[11Aug2026 20:54:24.065] [Worker-Main-2/WARN] [net.minecraft.client.resources.model.ModelBakery/]: Unable to load model: 'dndesires:block/yellow_propeller' referenced from: dndesires:block/yellow_propeller: java.io.FileNotFoundException: dndesires:models/block/yellow_propeller.json
[11Aug2026 20:54:24.065] [Worker-Main-2/WARN] [net.minecraft.client.resources.model.ModelBakery/]: Unable to load model: 'dndesires:block/purple_propeller' referenced from: dndesires:block/purple_propeller: java.io.FileNotFoundException: dndesires:models/block/purple_propeller.json
[11Aug2026 20:54:24.065] [Worker-Main-2/WARN] [net.minecraft.client.resources.model.ModelBakery/]: Unable to load model: 'dndesires:block/orange_propeller' referenced from: dndesires:block/orange_propeller: java.io.FileNotFoundException: dndesires:models/block/orange_propeller.json
[11Aug2026 20:54:24.066] [Worker-Main-2/WARN] [net.minecraft.client.resources.model.ModelBakery/]: Unable to load model: 'dndesires:block/lime_propeller' referenced from: dndesires:block/lime_propeller: java.io.FileNotFoundException: dndesires:models/block/lime_propeller.json
[11Aug2026 20:54:24.067] [Worker-Main-2/WARN] [net.minecraft.client.resources.model.ModelBakery/]: Unable to load model: 'dndesires:block/black_propeller' referenced from: dndesires:block/black_propeller: java.io.FileNotFoundException: dndesires:models/block/black_propeller.json
[11Aug2026 20:54:24.067] [Worker-Main-2/WARN] [net.minecraft.client.resources.model.ModelBakery/]: Unable to load model: 'dndesires:block/brown_propeller' referenced from: dndesires:block/brown_propeller: java.io.FileNotFoundException: dndesires:models/block/brown_propeller.json
[11Aug2026 20:54:24.067] [Worker-Main-2/WARN] [net.minecraft.client.resources.model.ModelBakery/]: Unable to load model: 'dndesires:block/green_propeller' referenced from: dndesires:block/green_propeller: java.io.FileNotFoundException: dndesires:models/block/green_propeller.json
[11Aug2026 20:54:24.067] [Worker-Main-2/WARN] [net.minecraft.client.resources.model.ModelBakery/]: Unable to load model: 'dndesires:block/pink_propeller' referenced from: dndesires:block/pink_propeller: java.io.FileNotFoundException: dndesires:models/block/pink_propeller.json
[11Aug2026 20:54:24.067] [Worker-Main-2/WARN] [net.minecraft.client.resources.model.ModelBakery/]: Unable to load model: 'dndesires:block/blue_propeller' referenced from: dndesires:block/blue_propeller: java.io.FileNotFoundException: dndesires:models/block/blue_propeller.json
[11Aug2026 20:54:24.067] [Worker-Main-2/WARN] [net.minecraft.client.resources.model.ModelBakery/]: Unable to load model: 'dndesires:block/magenta_propeller' referenced from: dndesires:block/magenta_propeller: java.io.FileNotFoundException: dndesires:models/block/magenta_propeller.json
[11Aug2026 20:54:26.430] [Worker-Main-2/WARN] [net.minecraft.client.resources.model.ModelManager/]: Missing textures in model create_connected:fan_soul_stripping_catalyst#inventory:
    minecraft:textures/atlas/blocks.png:createnetherindustry:block/soul_stripping_block
[11Aug2026 20:54:26.431] [Worker-Main-2/WARN] [net.minecraft.client.resources.model.ModelManager/]: Missing textures in model create_factory:spread#level=14:
    minecraft:textures/atlas/blocks.png:create_factory:blocks/spread_still
[11Aug2026 20:54:26.431] [Worker-Main-2/WARN] [net.minecraft.client.resources.model.ModelManager/]: Missing textures in model create_connected:fan_glooming_catalyst#:
    minecraft:textures/atlas/blocks.png:twilightforest:block/deadrock
    minecraft:textures/atlas/blocks.png:create_shimmer:block/ominous_campfire_fire
[11Aug2026 20:54:26.431] [Worker-Main-2/WARN] [net.minecraft.client.resources.model.ModelManager/]: Missing textures in model create_factory:nectar#level=5:
    minecraft:textures/atlas/blocks.png:create_factory:blocks/nectar_still
[11Aug2026 20:54:26.431] [Worker-Main-2/WARN] [net.minecraft.client.resources.model.ModelManager/]: Missing textures in model ntgl:t45_left_leg#inventory:
    minecraft:textures/atlas/blocks.png:nukacraft:item/power_armor/t45/t45_left_leg
[11Aug2026 20:54:26.431] [Worker-Main-2/WARN] [net.minecraft.client.resources.model.ModelManager/]: Missing textures in model create_connected:fan_transmutation_catalyst#:
    minecraft:textures/atlas/blocks.png:create_shimmer:fluid/shimmer_flow
[11Aug2026 20:54:26.431] [Worker-Main-2/WARN] [net.minecraft.client.resources.model.ModelManager/]: Missing textures in model ntgl:t45_helmet#inventory:
    minecraft:textures/atlas/blocks.png:nukacraft:item/power_armor/t45/t45_helmet
[11Aug2026 20:54:26.431] [Worker-Main-2/WARN] [net.minecraft.client.resources.model.ModelManager/]: Missing textures in model create_connected:fan_glooming_catalyst#inventory:
    minecraft:textures/atlas/blocks.png:twilightforest:block/deadrock
    minecraft:textures/atlas/blocks.png:create_shimmer:block/ominous_campfire_fire
[11Aug2026 20:54:26.431] [Worker-Main-2/WARN] [net.minecraft.client.resources.model.ModelManager/]: Missing textures in model create_bic_bit:mechanical_fryer#inventory:
    minecraft:textures/atlas/blocks.png:minecraft:block/pasted
[11Aug2026 20:54:26.431] [Worker-Main-2/WARN] [net.minecraft.client.resources.model.ModelManager/]: Missing textures in model ntgl:silencer#inventory:
    minecraft:textures/atlas/blocks.png:ntgl:item/silencer
[11Aug2026 20:54:26.431] [Worker-Main-2/WARN] [net.minecraft.client.resources.model.ModelManager/]: Missing textures in model create_factory:sweet_berries_jam#level=7:
    minecraft:textures/atlas/blocks.png:create_factory:blocks/sweet_berries_jam_still
[11Aug2026 20:54:26.431] [Worker-Main-2/WARN] [net.minecraft.client.resources.model.ModelManager/]: Missing textures in model create_connected:fan_enriched_catalyst#:
    minecraft:textures/atlas/blocks.png:createnuclear:block/enriched_soul_soil
    minecraft:textures/atlas/blocks.png:createnuclear:block/enriching/campfire/enriching_flame
[11Aug2026 20:54:26.431] [Worker-Main-2/WARN] [net.minecraft.client.resources.model.ModelManager/]: Missing textures in model ntgl:mini_nuke#inventory:
    minecraft:textures/atlas/blocks.png:ntgl:guns/fatman/mini_nuke
[11Aug2026 20:54:26.431] [Worker-Main-2/WARN] [net.minecraft.client.resources.model.ModelManager/]: Missing textures in model tfmg:block/fuse_block/fuse#standalone:
    minecraft:textures/atlas/blocks.png:tfmg:block/fuse_block
[11Aug2026 20:54:26.431] [Worker-Main-2/WARN] [net.minecraft.client.resources.model.ModelManager/]: Missing textures in model tfmg:constantan_truss#axis=y,waterlogged=false:
    minecraft:textures/atlas/blocks.png:tfmg:block/constantan_truss_truss
[11Aug2026 20:54:26.431] [Worker-Main-2/WARN] [net.minecraft.client.resources.model.ModelManager/]: Missing textures in model tfmg:constantan_truss#axis=z,waterlogged=true:
    minecraft:textures/atlas/blocks.png:tfmg:block/constantan_truss_truss
[11Aug2026 20:54:26.431] [Worker-Main-2/WARN] [net.minecraft.client.resources.model.ModelManager/]: Missing textures in model ntgl:t45_right_arm#inventory:
    minecraft:textures/atlas/blocks.png:nukacraft:item/power_armor/t45/t45_right_arm
[11Aug2026 20:54:26.431] [Worker-Main-2/WARN] [net.minecraft.client.resources.model.ModelManager/]: Missing textures in model ntgl:t45_right_leg#inventory:
    minecraft:textures/atlas/blocks.png:nukacraft:item/power_armor/t45/t45_right_leg
[11Aug2026 20:54:26.432] [Worker-Main-2/WARN] [net.minecraft.client.resources.model.ModelManager/]: Missing textures in model tfmg:constantan_truss#inventory:
    minecraft:textures/atlas/blocks.png:tfmg:block/constantan_truss_truss
[11Aug2026 20:54:26.432] [Worker-Main-2/WARN] [net.minecraft.client.resources.model.ModelManager/]: Missing textures in model ntgl:t45_left_arm#inventory:
    minecraft:textures/atlas/blocks.png:nukacraft:item/power_armor/t45/t45_left_arm
[11Aug2026 20:54:26.432] [Worker-Main-2/WARN] [net.minecraft.client.resources.model.ModelManager/]: Missing textures in model ntgl:t45_body#inventory:
    minecraft:textures/atlas/blocks.png:nukacraft:item/power_armor/t45/t45_body
[11Aug2026 20:54:26.432] [Worker-Main-2/WARN] [net.minecraft.client.resources.model.ModelManager/]: Missing textures in model ntgl:shotshell#inventory:
    minecraft:textures/atlas/blocks.png:ntgl:item/shotshell
[11Aug2026 20:54:26.432] [Worker-Main-2/WARN] [net.minecraft.client.resources.model.ModelManager/]: Missing textures in model create_factory:glow_berries_jam#level=10:
    minecraft:textures/atlas/blocks.png:create_factory:blocks/glow_berries_jam_still
[11Aug2026 20:54:26.432] [Worker-Main-2/WARN] [net.minecraft.client.resources.model.ModelManager/]: Missing textures in model create_connected:fan_enriched_catalyst#inventory:
    minecraft:textures/atlas/blocks.png:createnuclear:block/enriched_soul_soil
    minecraft:textures/atlas/blocks.png:createnuclear:block/enriching/campfire/enriching_flame
[11Aug2026 20:54:26.432] [Worker-Main-2/WARN] [net.minecraft.client.resources.model.ModelManager/]: Missing textures in model tfmg:constantan_truss#axis=x,waterlogged=true:
    minecraft:textures/atlas/blocks.png:tfmg:block/constantan_truss_truss
[11Aug2026 20:54:26.432] [Worker-Main-2/WARN] [net.minecraft.client.resources.model.ModelManager/]: Missing textures in model create_connected:fan_soul_stripping_catalyst#:
    minecraft:textures/atlas/blocks.png:createnetherindustry:block/soul_stripping_block
[11Aug2026 20:54:26.432] [Worker-Main-2/WARN] [net.minecraft.client.resources.model.ModelManager/]: Missing textures in model cgs:launcher#inventory:
    minecraft:textures/atlas/blocks.png:minecraft:launcher
[11Aug2026 20:54:26.432] [Worker-Main-2/WARN] [net.minecraft.client.resources.model.ModelManager/]: Missing textures in model create_connected:fan_transmutation_catalyst#inventory:
    minecraft:textures/atlas/blocks.png:create_shimmer:fluid/shimmer_flow
[11Aug2026 20:54:26.664] [Render thread/INFO] [Veil/]: Loaded 0 shader modifications
[11Aug2026 20:54:26.814] [Render thread/INFO] [Veil/]: Loaded 29 shaders from: pinwheel/shaders/program
[11Aug2026 20:54:26.822] [Worker-Main-11/INFO] [io.redspace.ironsspellbooks.IronsSpellbooks/]: Got IMC []
[11Aug2026 20:54:26.873] [Worker-Main-10/INFO] [snownee.jade.Jade/]: Start loading plugin from net.blay09.mods.cookingforblockheads.compat.NeoForgeJadeCookingForBlockheadsPlugin
[11Aug2026 20:54:26.891] [Worker-Main-10/INFO] [snownee.jade.Jade/]: Start loading plugin from net.blay09.mods.balm.neoforge.compat.hudinfo.NeoForgeJadeModCompat
[11Aug2026 20:54:26.892] [Worker-Main-10/INFO] [snownee.jade.Jade/]: Start loading plugin from blusunrize.immersiveengineering.common.util.compat.jade.IEWailaPlugin
[11Aug2026 20:54:26.894] [Worker-Main-10/INFO] [snownee.jade.Jade/]: Start loading plugin from snownee.jade.addon.vanilla.VanillaPlugin
[11Aug2026 20:54:26.918] [Worker-Main-10/INFO] [snownee.jade.Jade/]: Start loading plugin from snownee.jade.addon.universal.UniversalPlugin
[11Aug2026 20:54:26.925] [Worker-Main-10/INFO] [snownee.jade.Jade/]: Start loading plugin from snownee.jade.addon.debug.DebugPlugin
[11Aug2026 20:54:26.928] [Worker-Main-10/INFO] [snownee.jade.Jade/]: Start loading plugin from snownee.jade.addon.core.CorePlugin
[11Aug2026 20:54:26.932] [Worker-Main-10/INFO] [snownee.jade.Jade/]: Start loading plugin from snownee.jade.addon.access.AccessibilityPlugin
[11Aug2026 20:54:27.004] [Worker-Main-7/INFO] [PonderIndex/]: Registering Ponder Scenes took 168.2 ms
[11Aug2026 20:54:27.012] [Worker-Main-7/INFO] [PonderIndex/]: Registering Ponder Tags took 7.266 ms
[11Aug2026 20:54:28.219] [Render thread/WARN] [net.neoforged.fml.DeferredWorkQueue/LOADING]: Mod 'journeymap' took 1.160 s to run a deferred task.
[11Aug2026 20:54:28.610] [Render thread/WARN] [net.minecraft.client.sounds.SoundEngine/]: Missing sound for event: minecraft:item.goat_horn.play
[11Aug2026 20:54:28.610] [Render thread/WARN] [net.minecraft.client.sounds.SoundEngine/]: Missing sound for event: minecraft:entity.goat.screaming.horn_break
[11Aug2026 20:54:28.611] [Render thread/WARN] [net.minecraft.client.sounds.SoundEngine/]: Missing sound for event: irons_spellbooks:entity.generic.swing_weird
[11Aug2026 20:54:28.611] [Render thread/WARN] [net.minecraft.client.sounds.SoundEngine/]: Missing sound for event: irons_spellbooks:entity.dead_king.music.drum_loop
[11Aug2026 20:54:28.650] [Render thread/INFO] [com.mojang.blaze3d.audio.Library/]: OpenAL initialized on device OpenAL Soft on Dual Speakers (High Definition Audio Device)
[11Aug2026 20:54:28.651] [Render thread/INFO] [net.minecraft.client.sounds.SoundEngine/SOUNDS]: Sound engine started
[11Aug2026 20:54:28.798] [Render thread/INFO] [net.minecraft.client.renderer.texture.TextureAtlas/]: Created: 4096x2048x4 minecraft:textures/atlas/blocks.png-atlas
[11Aug2026 20:54:28.960] [Render thread/INFO] [net.minecraft.client.renderer.texture.TextureAtlas/]: Created: 256x256x4 minecraft:textures/atlas/signs.png-atlas
[11Aug2026 20:54:28.962] [Render thread/INFO] [net.minecraft.client.renderer.texture.TextureAtlas/]: Created: 1024x512x4 minecraft:textures/atlas/shield_patterns.png-atlas
[11Aug2026 20:54:28.965] [Render thread/INFO] [net.minecraft.client.renderer.texture.TextureAtlas/]: Created: 1024x512x4 minecraft:textures/atlas/banner_patterns.png-atlas
[11Aug2026 20:54:28.967] [Render thread/INFO] [net.minecraft.client.renderer.texture.TextureAtlas/]: Created: 2048x1024x4 minecraft:textures/atlas/armor_trims.png-atlas
[11Aug2026 20:54:28.980] [Render thread/INFO] [net.minecraft.client.renderer.texture.TextureAtlas/]: Created: 256x256x4 minecraft:textures/atlas/chest.png-atlas
[11Aug2026 20:54:28.981] [Render thread/INFO] [net.minecraft.client.renderer.texture.TextureAtlas/]: Created: 128x64x4 minecraft:textures/atlas/decorated_pot.png-atlas
[11Aug2026 20:54:28.982] [Render thread/INFO] [net.minecraft.client.renderer.texture.TextureAtlas/]: Created: 512x256x4 minecraft:textures/atlas/beds.png-atlas
[11Aug2026 20:54:28.983] [Render thread/INFO] [net.minecraft.client.renderer.texture.TextureAtlas/]: Created: 512x256x4 minecraft:textures/atlas/shulker_boxes.png-atlas
[11Aug2026 20:54:29.142] [Render thread/INFO] [net.minecraft.client.renderer.texture.TextureAtlas/]: Created: 1024x512x0 minecraft:textures/atlas/particles.png-atlas
[11Aug2026 20:54:29.147] [Render thread/INFO] [net.minecraft.client.renderer.texture.TextureAtlas/]: Created: 512x256x0 minecraft:textures/atlas/paintings.png-atlas
[11Aug2026 20:54:29.148] [Render thread/INFO] [net.minecraft.client.renderer.texture.TextureAtlas/]: Created: 256x256x0 minecraft:textures/atlas/mob_effects.png-atlas
[11Aug2026 20:54:29.149] [Render thread/INFO] [net.minecraft.client.renderer.texture.TextureAtlas/]: Created: 64x64x0 minecraft:textures/atlas/map_decorations.png-atlas
[11Aug2026 20:54:29.150] [Render thread/INFO] [net.minecraft.client.renderer.texture.TextureAtlas/]: Created: 1024x1024x0 minecraft:textures/atlas/gui.png-atlas
[11Aug2026 20:54:29.213] [Render thread/WARN] [net.minecraft.client.renderer.ShaderInstance/]: Shader rendertype_entity_translucent_emissive could not find sampler named Sampler2 in the specified shader program.
[11Aug2026 20:54:29.327] [Render thread/WARN] [net.minecraft.client.renderer.ShaderInstance/]: Shader journeymap:sepia_3 could not find uniform named ColorModulator in the specified shader program.
[11Aug2026 20:54:29.329] [Render thread/WARN] [net.minecraft.client.renderer.ShaderInstance/]: Shader journeymap:sepia_2 could not find uniform named ColorModulator in the specified shader program.
[11Aug2026 20:54:29.333] [Render thread/WARN] [net.minecraft.client.renderer.ShaderInstance/]: Shader journeymap:sepia_1 could not find uniform named ColorModulator in the specified shader program.
[11Aug2026 20:54:29.432] [Render thread/INFO] [net.minecraft.client.renderer.texture.TextureAtlas/]: Created: 256x256x0 jei:textures/atlas/gui.png-atlas
[11Aug2026 20:54:31.721] [Render thread/INFO] [Veil/]: Compiled 70 vanilla shaders in 2.360 s
[11Aug2026 20:54:31.902] [Render thread/INFO] [net.neoforged.neoforge.client.entity.animation.json.AnimationLoader/]: Loaded 0 entity animations
[11Aug2026 20:54:31.903] [Render thread/INFO] [Veil/]: Loaded 3 framebuffers
[11Aug2026 20:54:31.919] [Render thread/INFO] [Veil/]: Loaded 6 post pipelines
[11Aug2026 20:54:31.928] [Render thread/INFO] [Veil/]: Loaded 4 render types
[11Aug2026 20:54:31.929] [Render thread/INFO] [Veil/]: Enabled bloom pipeline
[11Aug2026 20:54:31.929] [Render thread/INFO] [Veil/]: Loaded 0 quasar particles
[11Aug2026 20:54:31.929] [Render thread/INFO] [Veil/]: Loaded 0 templates
[11Aug2026 20:54:31.930] [Render thread/INFO] [Veil/]: Loaded 0 modules
[11Aug2026 20:54:31.974] [Render thread/INFO] [flywheel/backend/shaders/]: Loaded 77 shader sources in 33.321 ms
[11Aug2026 20:54:32.000] [Render thread/INFO] [com.simibubi.create.Create/]: Loaded 58 train hat configurations.
[11Aug2026 20:54:32.001] [Render thread/INFO] [patchouli/]: BookContentResourceListenerLoader preloaded 96 jsons
[11Aug2026 20:54:32.670] [Render thread/WARN] [net.minecraft.client.renderer.ShaderInstance/]: Shader journeymap:sepia_1 could not find uniform named ColorModulator in the specified shader program.
[11Aug2026 20:54:32.838] [Render thread/WARN] [net.minecraft.client.renderer.ShaderInstance/]: Shader journeymap:sepia_2 could not find uniform named ColorModulator in the specified shader program.
[11Aug2026 20:54:33.059] [Render thread/WARN] [net.minecraft.client.renderer.ShaderInstance/]: Shader journeymap:sepia_3 could not find uniform named ColorModulator in the specified shader program.
[11Aug2026 20:54:33.210] [Render thread/INFO] [Veil/]: Finished uploading vanilla shaders
[11Aug2026 20:56:22.685] [Render thread/INFO] [com.simibubi.create.Create/]: Created 157 recipes which will be injected into the game
[11Aug2026 20:56:22.688] [Render thread/INFO] [com.simibubi.create.Create/]: Created 0 tags which will be injected into the game
[11Aug2026 20:56:22.694] [Render thread/INFO] [plus.dragons.createdragonsplus.data.runtime.RuntimePackResources/]: Starting provider [plus.dragons.createdragonsplus.data.internal.CDPRuntimeRecipeProvider@49f4de0e] for runtime resource [create_dragons_plus:runtime]
[11Aug2026 20:56:22.716] [Render thread/INFO] [plus.dragons.createdragonsplus.data.runtime.RuntimePackResources/]: plus.dragons.createdragonsplus.data.internal.CDPRuntimeRecipeProvider@49f4de0e finished after 21 ms
[11Aug2026 20:56:22.741] [Render thread/INFO] [tacz/GunPackFinder]: Start scanning for gun packs in C:\Users\jackc\curseforge\minecraft\Instances\Vindicterra Modded\tacz
[11Aug2026 20:56:22.742] [Render thread/INFO] [tacz/GunPackFinder]: - Create Armorer-v1.2.0.1-for117.zip, Main namespace: create_armorer
[11Aug2026 20:56:22.742] [Render thread/INFO] [tacz/GunPackFinder]: - tacz_default_gun, Main namespace: tacz
[11Aug2026 20:56:22.742] [Render thread/INFO] [tacz/GunPackFinder]: Found 2 possible gunpack(s) and added them to resource set.
[11Aug2026 20:56:23.495] [Worker-Main-12/ERROR] [net.minecraft.world.level.storage.loot.LootDataType/]: Couldn't parse element ResourceKey[minecraft:root / minecraft:loot_table]:create_connected:blocks/dye_depot_amber_fan_dyeing_catalyst - Unknown registry key in ResourceKey[minecraft:root / minecraft:item]: create_connected:dye_depot_amber_fan_dyeing_catalyst
[11Aug2026 20:56:23.516] [Worker-Main-12/ERROR] [net.minecraft.world.level.storage.loot.LootDataType/]: Couldn't parse element ResourceKey[minecraft:root / minecraft:loot_table]:create_connected:blocks/dye_depot_coral_fan_dyeing_catalyst - Unknown registry key in ResourceKey[minecraft:root / minecraft:item]: create_connected:dye_depot_coral_fan_dyeing_catalyst
[11Aug2026 20:56:23.528] [Worker-Main-12/ERROR] [net.minecraft.world.level.storage.loot.LootDataType/]: Couldn't parse element ResourceKey[minecraft:root / minecraft:loot_table]:create_connected:blocks/dye_depot_forest_fan_dyeing_catalyst - Unknown registry key in ResourceKey[minecraft:root / minecraft:item]: create_connected:dye_depot_forest_fan_dyeing_catalyst
[11Aug2026 20:56:23.547] [Worker-Main-12/ERROR] [net.minecraft.world.level.storage.loot.LootDataType/]: Couldn't parse element ResourceKey[minecraft:root / minecraft:loot_table]:create_enchantment_industry:blocks/gem_cutter - Unknown registry key in ResourceKey[minecraft:root / minecraft:item]: create_enchantment_industry:gem_cutter
[11Aug2026 20:56:23.561] [Worker-Main-12/ERROR] [net.minecraft.world.level.storage.loot.LootDataType/]: Couldn't parse element ResourceKey[minecraft:root / minecraft:loot_table]:create_connected:blocks/dye_depot_aqua_fan_dyeing_catalyst - Unknown registry key in ResourceKey[minecraft:root / minecraft:item]: create_connected:dye_depot_aqua_fan_dyeing_catalyst
[11Aug2026 20:56:23.570] [Worker-Main-12/ERROR] [net.minecraft.world.level.storage.loot.LootDataType/]: Couldn't parse element ResourceKey[minecraft:root / minecraft:loot_table]:create_connected:blocks/dye_depot_slate_fan_dyeing_catalyst - Unknown registry key in ResourceKey[minecraft:root / minecraft:item]: create_connected:dye_depot_slate_fan_dyeing_catalyst
[11Aug2026 20:56:23.584] [Worker-Main-12/ERROR] [net.minecraft.world.level.storage.loot.LootDataType/]: Couldn't parse element ResourceKey[minecraft:root / minecraft:loot_table]:create_connected:blocks/dye_depot_ginger_fan_dyeing_catalyst - Unknown registry key in ResourceKey[minecraft:root / minecraft:item]: create_connected:dye_depot_ginger_fan_dyeing_catalyst
[11Aug2026 20:56:23.602] [Worker-Main-12/ERROR] [net.minecraft.world.level.storage.loot.LootDataType/]: Couldn't parse element ResourceKey[minecraft:root / minecraft:loot_table]:create_connected:blocks/dye_depot_rose_fan_dyeing_catalyst - Unknown registry key in ResourceKey[minecraft:root / minecraft:item]: create_connected:dye_depot_rose_fan_dyeing_catalyst
[11Aug2026 20:56:23.609] [Worker-Main-12/ERROR] [net.minecraft.world.level.storage.loot.LootDataType/]: Couldn't parse element ResourceKey[minecraft:root / minecraft:loot_table]:irons_spellbooks:test/ring_gen_break_me - Unknown registry key in ResourceKey[minecraft:root / irons_spellbooks:spells]: minecraft:none
[11Aug2026 20:56:23.624] [Worker-Main-12/ERROR] [net.minecraft.world.level.storage.loot.LootDataType/]: Couldn't parse element ResourceKey[minecraft:root / minecraft:loot_table]:create_connected:blocks/dye_depot_maroon_fan_dyeing_catalyst - Unknown registry key in ResourceKey[minecraft:root / minecraft:item]: create_connected:dye_depot_maroon_fan_dyeing_catalyst
[11Aug2026 20:56:23.624] [Worker-Main-12/ERROR] [net.minecraft.world.level.storage.loot.LootDataType/]: Couldn't parse element ResourceKey[minecraft:root / minecraft:loot_table]:create_connected:blocks/dye_depot_mint_fan_dyeing_catalyst - Unknown registry key in ResourceKey[minecraft:root / minecraft:item]: create_connected:dye_depot_mint_fan_dyeing_catalyst
[11Aug2026 20:56:23.632] [Worker-Main-12/ERROR] [net.minecraft.world.level.storage.loot.LootDataType/]: Couldn't parse element ResourceKey[minecraft:root / minecraft:loot_table]:create_enchantment_industry:blocks/ender_woven_bag - Unknown registry key in ResourceKey[minecraft:root / minecraft:data_component_type]: create_enchantment_industry:stored_entities; Unknown registry key in ResourceKey[minecraft:root / minecraft:item]: create_enchantment_industry:ender_woven_bag
[11Aug2026 20:56:23.635] [Worker-Main-12/ERROR] [net.minecraft.world.level.storage.loot.LootDataType/]: Couldn't parse element ResourceKey[minecraft:root / minecraft:loot_table]:create_enchantment_industry:blocks/affix_augmentor - Unknown registry key in ResourceKey[minecraft:root / minecraft:item]: create_enchantment_industry:affix_augmentor
[11Aug2026 20:56:23.637] [Worker-Main-12/ERROR] [net.minecraft.world.level.storage.loot.LootDataType/]: Couldn't parse element ResourceKey[minecraft:root / minecraft:loot_table]:create_connected:blocks/dye_depot_olive_fan_dyeing_catalyst - Unknown registry key in ResourceKey[minecraft:root / minecraft:item]: create_connected:dye_depot_olive_fan_dyeing_catalyst
[11Aug2026 20:56:23.638] [Worker-Main-12/ERROR] [net.minecraft.world.level.storage.loot.LootDataType/]: Couldn't parse element ResourceKey[minecraft:root / minecraft:loot_table]:create_enchantment_industry:blocks/brass_bookshelf - Unknown registry key in ResourceKey[minecraft:root / minecraft:item]: create_enchantment_industry:brass_bookshelf
[11Aug2026 20:56:23.650] [Worker-Main-12/ERROR] [net.minecraft.world.level.storage.loot.LootDataType/]: Couldn't parse element ResourceKey[minecraft:root / minecraft:loot_table]:irons_jewelry:generate_jewelry_test_materials - Not a valid resource location: #irons_jewelry:gem Non [a-z0-9_.-] character in namespace of location: #irons_jewelry:gem; Not a valid resource location: #irons_jewelry:metal Non [a-z0-9_.-] character in namespace of location: #irons_jewelry:metal missed input: {"#irons_jewelry:metal":"irons_jewelry:gold","#irons_jewelry:gem":["irons_jewelry:ruby","irons_jewelry:diamond"]}
[11Aug2026 20:56:23.653] [Worker-Main-12/ERROR] [net.minecraft.world.level.storage.loot.LootDataType/]: Couldn't parse element ResourceKey[minecraft:root / minecraft:loot_table]:create_connected:blocks/dye_depot_verdant_fan_dyeing_catalyst - Unknown registry key in ResourceKey[minecraft:root / minecraft:item]: create_connected:dye_depot_verdant_fan_dyeing_catalyst
[11Aug2026 20:56:23.662] [Worker-Main-12/ERROR] [net.minecraft.world.level.storage.loot.LootDataType/]: Couldn't parse element ResourceKey[minecraft:root / minecraft:loot_table]:create_connected:blocks/dye_depot_beige_fan_dyeing_catalyst - Unknown registry key in ResourceKey[minecraft:root / minecraft:item]: create_connected:dye_depot_beige_fan_dyeing_catalyst
[11Aug2026 20:56:23.821] [Worker-Main-12/ERROR] [net.minecraft.world.level.storage.loot.LootDataType/]: Couldn't parse element ResourceKey[minecraft:root / minecraft:loot_table]:create_enchantment_industry:blocks/infuser - Unknown registry key in ResourceKey[minecraft:root / minecraft:item]: create_enchantment_industry:infuser
[11Aug2026 20:56:23.833] [Worker-Main-12/ERROR] [net.minecraft.world.level.storage.loot.LootDataType/]: Couldn't parse element ResourceKey[minecraft:root / minecraft:loot_table]:create_enchantment_industry:blocks/creative_bookshelf - Unknown registry key in ResourceKey[minecraft:root / minecraft:item]: create_enchantment_industry:creative_bookshelf
[11Aug2026 20:56:23.836] [Worker-Main-12/ERROR] [net.minecraft.world.level.storage.loot.LootDataType/]: Couldn't parse element ResourceKey[minecraft:root / minecraft:loot_table]:create_connected:blocks/dye_depot_teal_fan_dyeing_catalyst - Unknown registry key in ResourceKey[minecraft:root / minecraft:item]: create_connected:dye_depot_teal_fan_dyeing_catalyst
[11Aug2026 20:56:23.850] [Worker-Main-12/ERROR] [net.minecraft.world.level.storage.loot.LootDataType/]: Couldn't parse element ResourceKey[minecraft:root / minecraft:loot_table]:create_connected:blocks/dye_depot_tan_fan_dyeing_catalyst - Unknown registry key in ResourceKey[minecraft:root / minecraft:item]: create_connected:dye_depot_tan_fan_dyeing_catalyst
[11Aug2026 20:56:23.852] [Worker-Main-12/ERROR] [net.minecraft.world.level.storage.loot.LootDataType/]: Couldn't parse element ResourceKey[minecraft:root / minecraft:loot_table]:create_connected:blocks/dye_depot_indigo_fan_dyeing_catalyst - Unknown registry key in ResourceKey[minecraft:root / minecraft:item]: create_connected:dye_depot_indigo_fan_dyeing_catalyst
[11Aug2026 20:56:23.859] [Worker-Main-12/ERROR] [net.minecraft.world.level.storage.loot.LootDataType/]: Couldn't parse element ResourceKey[minecraft:root / minecraft:loot_table]:create_connected:blocks/dye_depot_navy_fan_dyeing_catalyst - Unknown registry key in ResourceKey[minecraft:root / minecraft:item]: create_connected:dye_depot_navy_fan_dyeing_catalyst
[11Aug2026 20:56:24.355] [Worker-Main-4/ERROR] [net.minecraft.tags.TagLoader/]: Couldn't read tag list minecraft:rabbit_food from minecraft:tags/item/rabbit_food.json in data pack mod/pamhc2crops
java.lang.IllegalStateException: Failed to parse either. First: Not a valid resource location: minecraft:GLOW_BERRIES Non [a-z0-9/._-] character in path of location: minecraft:GLOW_BERRIES; Second: Not a JSON object: "minecraft:GLOW_BERRIES"; Failed to parse either. First: Not a valid resource location: minecraft:SWEET_BERRIES Non [a-z0-9/._-] character in path of location: minecraft:SWEET_BERRIES; Second: Not a JSON object: "minecraft:SWEET_BERRIES"; Failed to parse either. First: Not a valid resource location: minecraft:MELON Non [a-z0-9/._-] character in path of location: minecraft:MELON; Second: Not a JSON object: "minecraft:MELON"; Failed to parse either. First: Not a valid resource location: pamhc2crops: blackberryitem Non [a-z0-9/._-] character in path of location: pamhc2crops: blackberryitem; Second: Not a JSON object: "pamhc2crops: blackberryitem"
	at MC-BOOTSTRAP/datafixerupper@8.0.16/com.mojang.serialization.DataResult$Error.getOrThrow(DataResult.java:287) ~[datafixerupper-8.0.16.jar%23150!/:?]
	at MC-BOOTSTRAP/datafixerupper@8.0.16/com.mojang.serialization.DataResult.getOrThrow(DataResult.java:81) ~[datafixerupper-8.0.16.jar%23150!/:?]
	at TRANSFORMER/minecraft@1.21.1/net.minecraft.tags.TagLoader.load(TagLoader.java:53) ~[client-1.21.1-20240808.144430-srg.jar%23257!/:?]
	at TRANSFORMER/minecraft@1.21.1/net.minecraft.tags.TagLoader.loadAndBuild(TagLoader.java:118) ~[client-1.21.1-20240808.144430-srg.jar%23257!/:?]
	at TRANSFORMER/minecraft@1.21.1/net.minecraft.tags.TagManager.lambda$createLoader$3(TagManager.java:46) ~[client-1.21.1-20240808.144430-srg.jar%23257!/:?]
	at java.base/java.util.concurrent.CompletableFuture$AsyncSupply.run(CompletableFuture.java:1768) [?:?]
	at java.base/java.util.concurrent.CompletableFuture$AsyncSupply.exec(CompletableFuture.java:1760) [?:?]
	at java.base/java.util.concurrent.ForkJoinTask.doExec(ForkJoinTask.java:387) [?:?]
	at java.base/java.util.concurrent.ForkJoinPool$WorkQueue.topLevelExec(ForkJoinPool.java:1312) [?:?]
	at java.base/java.util.concurrent.ForkJoinPool.scan(ForkJoinPool.java:1843) [?:?]
	at java.base/java.util.concurrent.ForkJoinPool.runWorker(ForkJoinPool.java:1808) [?:?]
	at java.base/java.util.concurrent.ForkJoinWorkerThread.run(ForkJoinWorkerThread.java:188) [?:?]
[11Aug2026 20:56:29.358] [Render thread/ERROR] [net.minecraft.world.item.crafting.RecipeManager/]: Parsing error loading recipe create_factory:caramel_roll
com.google.gson.JsonParseException: Failed to parse either. First: Failed to parse either. First: Unknown registry key in ResourceKey[minecraft:root / minecraft:fluid]: create_confectionery:caramel; Second: Failed to parse either. First: Unknown registry key in ResourceKey[minecraft:root / minecraft:fluid]: create_confectionery:caramel; Invalid Type: neoforge:single; Second: No key fluid_tag in MapLike[{"type":"neoforge:single","amount":250,"fluid":"create_confectionery:caramel"}]; Invalid Type: neoforge:single; Second: Failed to parse either. First: Not a json array: {"type":"neoforge:single","amount":250,"fluid":"create_confectionery:caramel"}; Second: Unknown registry key in ResourceKey[minecraft:root / neoforge:ingredient_serializer]: neoforge:single
	at MC-BOOTSTRAP/datafixerupper@8.0.16/com.mojang.serialization.DataResult$Error.getOrThrow(DataResult.java:287) ~[datafixerupper-8.0.16.jar%23150!/:?]
	at TRANSFORMER/minecraft@1.21.1/net.minecraft.world.item.crafting.RecipeManager.apply(RecipeManager.java:60) ~[client-1.21.1-20240808.144430-srg.jar%23257!/:?]
	at TRANSFORMER/minecraft@1.21.1/net.minecraft.world.item.crafting.RecipeManager.apply(RecipeManager.java:36) ~[client-1.21.1-20240808.144430-srg.jar%23257!/:?]
	at TRANSFORMER/minecraft@1.21.1/net.minecraft.server.packs.resources.SimplePreparableReloadListener.lambda$reload$1(SimplePreparableReloadListener.java:19) ~[client-1.21.1-20240808.144430-srg.jar%23257!/:?]
	at java.base/java.util.concurrent.CompletableFuture$UniAccept.tryFire(CompletableFuture.java:718) ~[?:?]
	at java.base/java.util.concurrent.CompletableFuture$Completion.run(CompletableFuture.java:482) ~[?:?]
	at TRANSFORMER/minecraft@1.21.1/net.minecraft.server.packs.resources.SimpleReloadInstance.lambda$new$3(SimpleReloadInstance.java:69) ~[client-1.21.1-20240808.144430-srg.jar%23257!/:?]
	at TRANSFORMER/minecraft@1.21.1/net.minecraft.util.thread.BlockableEventLoop.doRunTask(BlockableEventLoop.java:148) ~[client-1.21.1-20240808.144430-srg.jar%23257!/:?]
	at TRANSFORMER/minecraft@1.21.1/net.minecraft.util.thread.ReentrantBlockableEventLoop.doRunTask(ReentrantBlockableEventLoop.java:23) ~[client-1.21.1-20240808.144430-srg.jar%23257!/:?]
	at TRANSFORMER/minecraft@1.21.1/net.minecraft.util.thread.BlockableEventLoop.pollTask(BlockableEventLoop.java:122) ~[client-1.21.1-20240808.144430-srg.jar%23257!/:?]
	at TRANSFORMER/minecraft@1.21.1/net.minecraft.util.thread.BlockableEventLoop.managedBlock(BlockableEventLoop.java:132) ~[client-1.21.1-20240808.144430-srg.jar%23257!/:?]
	at TRANSFORMER/minecraft@1.21.1/net.minecraft.client.gui.screens.worldselection.WorldOpenFlows.loadWorldDataBlocking(WorldOpenFlows.java:201) ~[client-1.21.1-20240808.144430-srg.jar%23257!/:?]
	at TRANSFORMER/minecraft@1.21.1/net.minecraft.client.gui.screens.worldselection.WorldOpenFlows.loadWorldStem(WorldOpenFlows.java:142) ~[client-1.21.1-20240808.144430-srg.jar%23257!/:?]
	at TRANSFORMER/minecraft@1.21.1/net.minecraft.client.gui.screens.worldselection.WorldOpenFlows.openWorldLoadLevelStem(WorldOpenFlows.java:346) ~[client-1.21.1-20240808.144430-srg.jar%23257!/:?]
	at TRANSFORMER/minecraft@1.21.1/net.minecraft.client.gui.screens.worldselection.WorldOpenFlows.openWorldCheckVersionCompatibility(WorldOpenFlows.java:335) ~[client-1.21.1-20240808.144430-srg.jar%23257!/:?]
	at TRANSFORMER/minecraft@1.21.1/net.minecraft.client.gui.screens.worldselection.WorldOpenFlows.openWorldLoadLevelData(WorldOpenFlows.java:297) ~[client-1.21.1-20240808.144430-srg.jar%23257!/:?]
	at TRANSFORMER/minecraft@1.21.1/net.minecraft.client.gui.screens.worldselection.WorldOpenFlows.openWorld(WorldOpenFlows.java:261) ~[client-1.21.1-20240808.144430-srg.jar%23257!/:?]
	at TRANSFORMER/minecraft@1.21.1/net.minecraft.client.gui.screens.worldselection.WorldSelectionList$WorldListEntry.joinWorld(WorldSelectionList.java:498) ~[client-1.21.1-20240808.144430-srg.jar%23257!/:?]
	at java.base/java.util.Optional.ifPresent(Optional.java:178) ~[?:?]
	at TRANSFORMER/minecraft@1.21.1/net.minecraft.client.gui.screens.worldselection.SelectWorldScreen.lambda$init$1(SelectWorldScreen.java:53) ~[client-1.21.1-20240808.144430-srg.jar%23257!/:?]
	at TRANSFORMER/minecraft@1.21.1/net.minecraft.client.gui.components.Button.onPress(Button.java:41) ~[client-1.21.1-20240808.144430-srg.jar%23257!/:?]
	at TRANSFORMER/minecraft@1.21.1/net.minecraft.client.gui.components.AbstractButton.onClick(AbstractButton.java:47) ~[client-1.21.1-20240808.144430-srg.jar%23257!/:?]
	at TRANSFORMER/neoforge@21.1.248/net.neoforged.neoforge.client.extensions.IAbstractWidgetExtension.onClick(IAbstractWidgetExtension.java:36) ~[neoforge-21.1.248-universal.jar%23258!/:?]
	at TRANSFORMER/minecraft@1.21.1/net.minecraft.client.gui.components.AbstractWidget.mouseClicked(AbstractWidget.java:144) ~[client-1.21.1-20240808.144430-srg.jar%23257!/:?]
	at TRANSFORMER/minecraft@1.21.1/net.minecraft.client.gui.components.events.ContainerEventHandler.mouseClicked(ContainerEventHandler.java:38) ~[client-1.21.1-20240808.144430-srg.jar%23257!/:?]
	at TRANSFORMER/minecraft@1.21.1/net.minecraft.client.MouseHandler.redirect$dhn000$create_stats$createStats$localMouseClicked(MouseHandler.java:4514) ~[client-1.21.1-20240808.144430-srg.jar%23257!/:?]
	at TRANSFORMER/minecraft@1.21.1/net.minecraft.client.MouseHandler.lambda$onPress$0(MouseHandler.java:98) ~[client-1.21.1-20240808.144430-srg.jar%23257!/:?]
	at TRANSFORMER/minecraft@1.21.1/net.minecraft.client.gui.screens.Screen.wrapScreenError(Screen.java:451) ~[client-1.21.1-20240808.144430-srg.jar%23257!/:?]
	at TRANSFORMER/minecraft@1.21.1/net.minecraft.client.MouseHandler.onPress(MouseHandler.java:95) ~[client-1.21.1-20240808.144430-srg.jar%23257!/:?]
	at TRANSFORMER/minecraft@1.21.1/net.minecraft.client.MouseHandler.lambda$setup$4(MouseHandler.java:202) ~[client-1.21.1-20240808.144430-srg.jar%23257!/:?]
	at TRANSFORMER/minecraft@1.21.1/net.minecraft.util.thread.BlockableEventLoop.execute(BlockableEventLoop.java:98) ~[client-1.21.1-20240808.144430-srg.jar%23257!/:?]
	at TRANSFORMER/minecraft@1.21.1/net.minecraft.client.MouseHandler.lambda$setup$5(MouseHandler.java:202) ~[client-1.21.1-20240808.144430-srg.jar%23257!/:?]
	at MC-BOOTSTRAP/org.lwjgl.glfw@3.3.3+5/org.lwjgl.glfw.GLFWMouseButtonCallbackI.callback(GLFWMouseButtonCallbackI.java:43) ~[lwjgl-glfw-3.3.3.jar%23173!/:build 5]
	at MC-BOOTSTRAP/org.lwjgl@3.3.3+5/org.lwjgl.system.JNI.invokeV(Native Method) ~[lwjgl-3.3.3.jar%23185!/:build 5]
	at MC-BOOTSTRAP/org.lwjgl.glfw@3.3.3+5/org.lwjgl.glfw.GLFW.glfwPollEvents(GLFW.java:3438) ~[lwjgl-glfw-3.3.3.jar%23173!/:build 5]
	at TRANSFORMER/minecraft@1.21.1/com.mojang.blaze3d.systems.RenderSystem.pollEvents(RenderSystem.java:134) ~[client-1.21.1-20240808.144430-srg.jar%23257!/:?]
	at TRANSFORMER/minecraft@1.21.1/com.mojang.blaze3d.systems.RenderSystem.flipFrame(RenderSystem.java:147) ~[client-1.21.1-20240808.144430-srg.jar%23257!/:?]
	at TRANSFORMER/minecraft@1.21.1/com.mojang.blaze3d.platform.Window.updateDisplay(Window.java:292) ~[client-1.21.1-20240808.144430-srg.jar%23257!/:?]
	at TRANSFORMER/minecraft@1.21.1/net.minecraft.client.Minecraft.runTick(Minecraft.java:1217) ~[client-1.21.1-20240808.144430-srg.jar%23257!/:?]
	at TRANSFORMER/minecraft@1.21.1/net.minecraft.client.Minecraft.run(Minecraft.java:807) ~[client-1.21.1-20240808.144430-srg.jar%23257!/:?]
	at TRANSFORMER/minecraft@1.21.1/net.minecraft.client.main.Main.main(Main.java:230) ~[client-1.21.1-20240808.144430-srg.jar%23257!/:?]
	at java.base/jdk.internal.reflect.DirectMethodHandleAccessor.invoke(DirectMethodHandleAccessor.java:103) ~[?:?]
	at java.base/java.lang.reflect.Method.invoke(Method.java:580) ~[?:?]
	at MC-BOOTSTRAP/fml_loader@4.0.43/net.neoforged.fml.loading.targets.CommonLaunchHandler.runTarget(CommonLaunchHandler.java:136) ~[loader-4.0.43.jar%23107!/:4.0]
	at MC-BOOTSTRAP/fml_loader@4.0.43/net.neoforged.fml.loading.targets.CommonLaunchHandler.clientService(CommonLaunchHandler.java:124) ~[loader-4.0.43.jar%23107!/:4.0]
	at MC-BOOTSTRAP/fml_loader@4.0.43/net.neoforged.fml.loading.targets.CommonClientLaunchHandler.runService(CommonClientLaunchHandler.java:32) ~[loader-4.0.43.jar%23107!/:4.0]
	at MC-BOOTSTRAP/fml_loader@4.0.43/net.neoforged.fml.loading.targets.CommonLaunchHandler.lambda$launchService$4(CommonLaunchHandler.java:118) ~[loader-4.0.43.jar%23107!/:4.0]
	at MC-BOOTSTRAP/cpw.mods.modlauncher@11.0.5/cpw.mods.modlauncher.LaunchServiceHandlerDecorator.launch(LaunchServiceHandlerDecorator.java:30) [modlauncher-11.0.5.jar%23112!/:?]
	at MC-BOOTSTRAP/cpw.mods.modlauncher@11.0.5/cpw.mods.modlauncher.LaunchServiceHandler.launch(LaunchServiceHandler.java:53) [modlauncher-11.0.5.jar%23112!/:?]
	at MC-BOOTSTRAP/cpw.mods.modlauncher@11.0.5/cpw.mods.modlauncher.LaunchServiceHandler.launch(LaunchServiceHandler.java:71) [modlauncher-11.0.5.jar%23112!/:?]
	at MC-BOOTSTRAP/cpw.mods.modlauncher@11.0.5/cpw.mods.modlauncher.Launcher.run(Launcher.java:103) [modlauncher-11.0.5.jar%23112!/:?]
	at MC-BOOTSTRAP/cpw.mods.modlauncher@11.0.5/cpw.mods.modlauncher.Launcher.main(Launcher.java:74) [modlauncher-11.0.5.jar%23112!/:?]
	at MC-BOOTSTRAP/cpw.mods.modlauncher@11.0.5/cpw.mods.modlauncher.BootstrapLaunchConsumer.accept(BootstrapLaunchConsumer.java:26) [modlauncher-11.0.5.jar%23112!/:?]
	at MC-BOOTSTRAP/cpw.mods.modlauncher@11.0.5/cpw.mods.modlauncher.BootstrapLaunchConsumer.accept(BootstrapLaunchConsumer.java:23) [modlauncher-11.0.5.jar%23112!/:?]
	at cpw.mods.bootstraplauncher@2.0.2/cpw.mods.bootstraplauncher.BootstrapLauncher.run(BootstrapLauncher.java:210) [bootstraplauncher-2.0.2.jar:?]
	at cpw.mods.bootstraplauncher@2.0.2/cpw.mods.bootstraplauncher.BootstrapLauncher.main(BootstrapLauncher.java:69) [bootstraplauncher-2.0.2.jar:?]
[11Aug2026 20:56:29.423] [Render thread/ERROR] [net.minecraft.world.item.crafting.RecipeManager/]: Parsing error loading recipe createdeco:placard
com.google.gson.JsonParseException: Failed to parse either. First: Not a json array: {"id":"minecraft:white_dye"}; Second: No key tag in MapLike[{"id":"minecraft:white_dye"}]; No key item in MapLike[{"id":"minecraft:white_dye"}]
	at MC-BOOTSTRAP/datafixerupper@8.0.16/com.mojang.serialization.DataResult$Error.getOrThrow(DataResult.java:287) ~[datafixerupper-8.0.16.jar%23150!/:?]
	at TRANSFORMER/minecraft@1.21.1/net.minecraft.world.item.crafting.RecipeManager.apply(RecipeManager.java:60) ~[client-1.21.1-20240808.144430-srg.jar%23257!/:?]
	at TRANSFORMER/minecraft@1.21.1/net.minecraft.world.item.crafting.RecipeManager.apply(RecipeManager.java:36) ~[client-1.21.1-20240808.144430-srg.jar%23257!/:?]
	at TRANSFORMER/minecraft@1.21.1/net.minecraft.server.packs.resources.SimplePreparableReloadListener.lambda$reload$1(SimplePreparableReloadListener.java:19) ~[client-1.21.1-20240808.144430-srg.jar%23257!/:?]
	at java.base/java.util.concurrent.CompletableFuture$UniAccept.tryFire(CompletableFuture.java:718) ~[?:?]
	at java.base/java.util.concurrent.CompletableFuture$Completion.run(CompletableFuture.java:482) ~[?:?]
	at TRANSFORMER/minecraft@1.21.1/net.minecraft.server.packs.resources.SimpleReloadInstance.lambda$new$3(SimpleReloadInstance.java:69) ~[client-1.21.1-20240808.144430-srg.jar%23257!/:?]
	at TRANSFORMER/minecraft@1.21.1/net.minecraft.util.thread.BlockableEventLoop.doRunTask(BlockableEventLoop.java:148) ~[client-1.21.1-20240808.144430-srg.jar%23257!/:?]
	at TRANSFORMER/minecraft@1.21.1/net.minecraft.util.thread.ReentrantBlockableEventLoop.doRunTask(ReentrantBlockableEventLoop.java:23) ~[client-1.21.1-20240808.144430-srg.jar%23257!/:?]
	at TRANSFORMER/minecraft@1.21.1/net.minecraft.util.thread.BlockableEventLoop.pollTask(BlockableEventLoop.java:122) ~[client-1.21.1-20240808.144430-srg.jar%23257!/:?]
	at TRANSFORMER/minecraft@1.21.1/net.minecraft.util.thread.BlockableEventLoop.managedBlock(BlockableEventLoop.java:132) ~[client-1.21.1-20240808.144430-srg.jar%23257!/:?]
	at TRANSFORMER/minecraft@1.21.1/net.minecraft.client.gui.screens.worldselection.WorldOpenFlows.loadWorldDataBlocking(WorldOpenFlows.java:201) ~[client-1.21.1-20240808.144430-srg.jar%23257!/:?]
	at TRANSFORMER/minecraft@1.21.1/net.minecraft.client.gui.screens.worldselection.WorldOpenFlows.loadWorldStem(WorldOpenFlows.java:142) ~[client-1.21.1-20240808.144430-srg.jar%23257!/:?]
	at TRANSFORMER/minecraft@1.21.1/net.minecraft.client.gui.screens.worldselection.WorldOpenFlows.openWorldLoadLevelStem(WorldOpenFlows.java:346) ~[client-1.21.1-20240808.144430-srg.jar%23257!/:?]
	at TRANSFORMER/minecraft@1.21.1/net.minecraft.client.gui.screens.worldselection.WorldOpenFlows.openWorldCheckVersionCompatibility(WorldOpenFlows.java:335) ~[client-1.21.1-20240808.144430-srg.jar%23257!/:?]
	at TRANSFORMER/minecraft@1.21.1/net.minecraft.client.gui.screens.worldselection.WorldOpenFlows.openWorldLoadLevelData(WorldOpenFlows.java:297) ~[client-1.21.1-20240808.144430-srg.jar%23257!/:?]
	at TRANSFORMER/minecraft@1.21.1/net.minecraft.client.gui.screens.worldselection.WorldOpenFlows.openWorld(WorldOpenFlows.java:261) ~[client-1.21.1-20240808.144430-srg.jar%23257!/:?]
	at TRANSFORMER/minecraft@1.21.1/net.minecraft.client.gui.screens.worldselection.WorldSelectionList$WorldListEntry.joinWorld(WorldSelectionList.java:498) ~[client-1.21.1-20240808.144430-srg.jar%23257!/:?]
	at java.base/java.util.Optional.ifPresent(Optional.java:178) ~[?:?]
	at TRANSFORMER/minecraft@1.21.1/net.minecraft.client.gui.screens.worldselection.SelectWorldScreen.lambda$init$1(SelectWorldScreen.java:53) ~[client-1.21.1-20240808.144430-srg.jar%23257!/:?]
	at TRANSFORMER/minecraft@1.21.1/net.minecraft.client.gui.components.Button.onPress(Button.java:41) ~[client-1.21.1-20240808.144430-srg.jar%23257!/:?]
	at TRANSFORMER/minecraft@1.21.1/net.minecraft.client.gui.components.AbstractButton.onClick(AbstractButton.java:47) ~[client-1.21.1-20240808.144430-srg.jar%23257!/:?]
	at TRANSFORMER/neoforge@21.1.248/net.neoforged.neoforge.client.extensions.IAbstractWidgetExtension.onClick(IAbstractWidgetExtension.java:36) ~[neoforge-21.1.248-universal.jar%23258!/:?]
	at TRANSFORMER/minecraft@1.21.1/net.minecraft.client.gui.components.AbstractWidget.mouseClicked(AbstractWidget.java:144) ~[client-1.21.1-20240808.144430-srg.jar%23257!/:?]
	at TRANSFORMER/minecraft@1.21.1/net.minecraft.client.gui.components.events.ContainerEventHandler.mouseClicked(ContainerEventHandler.java:38) ~[client-1.21.1-20240808.144430-srg.jar%23257!/:?]
	at TRANSFORMER/minecraft@1.21.1/net.minecraft.client.MouseHandler.redirect$dhn000$create_stats$createStats$localMouseClicked(MouseHandler.java:4514) ~[client-1.21.1-20240808.144430-srg.jar%23257!/:?]
	at TRANSFORMER/minecraft@1.21.1/net.minecraft.client.MouseHandler.lambda$onPress$0(MouseHandler.java:98) ~[client-1.21.1-20240808.144430-srg.jar%23257!/:?]
	at TRANSFORMER/minecraft@1.21.1/net.minecraft.client.gui.screens.Screen.wrapScreenError(Screen.java:451) ~[client-1.21.1-20240808.144430-srg.jar%23257!/:?]
	at TRANSFORMER/minecraft@1.21.1/net.minecraft.client.MouseHandler.onPress(MouseHandler.java:95) ~[client-1.21.1-20240808.144430-srg.jar%23257!/:?]
	at TRANSFORMER/minecraft@1.21.1/net.minecraft.client.MouseHandler.lambda$setup$4(MouseHandler.java:202) ~[client-1.21.1-20240808.144430-srg.jar%23257!/:?]
	at TRANSFORMER/minecraft@1.21.1/net.minecraft.util.thread.BlockableEventLoop.execute(BlockableEventLoop.java:98) ~[client-1.21.1-20240808.144430-srg.jar%23257!/:?]
	at TRANSFORMER/minecraft@1.21.1/net.minecraft.client.MouseHandler.lambda$setup$5(MouseHandler.java:202) ~[client-1.21.1-20240808.144430-srg.jar%23257!/:?]
	at MC-BOOTSTRAP/org.lwjgl.glfw@3.3.3+5/org.lwjgl.glfw.GLFWMouseButtonCallbackI.callback(GLFWMouseButtonCallbackI.java:43) ~[lwjgl-glfw-3.3.3.jar%23173!/:build 5]
	at MC-BOOTSTRAP/org.lwjgl@3.3.3+5/org.lwjgl.system.JNI.invokeV(Native Method) ~[lwjgl-3.3.3.jar%23185!/:build 5]
	at MC-BOOTSTRAP/org.lwjgl.glfw@3.3.3+5/org.lwjgl.glfw.GLFW.glfwPollEvents(GLFW.java:3438) ~[lwjgl-glfw-3.3.3.jar%23173!/:build 5]
	at TRANSFORMER/minecraft@1.21.1/com.mojang.blaze3d.systems.RenderSystem.pollEvents(RenderSystem.java:134) ~[client-1.21.1-20240808.144430-srg.jar%23257!/:?]
	at TRANSFORMER/minecraft@1.21.1/com.mojang.blaze3d.systems.RenderSystem.flipFrame(RenderSystem.java:147) ~[client-1.21.1-20240808.144430-srg.jar%23257!/:?]
	at TRANSFORMER/minecraft@1.21.1/com.mojang.blaze3d.platform.Window.updateDisplay(Window.java:292) ~[client-1.21.1-20240808.144430-srg.jar%23257!/:?]
	at TRANSFORMER/minecraft@1.21.1/net.minecraft.client.Minecraft.runTick(Minecraft.java:1217) ~[client-1.21.1-20240808.144430-srg.jar%23257!/:?]
	at TRANSFORMER/minecraft@1.21.1/net.minecraft.client.Minecraft.run(Minecraft.java:807) ~[client-1.21.1-20240808.144430-srg.jar%23257!/:?]
	at TRANSFORMER/minecraft@1.21.1/net.minecraft.client.main.Main.main(Main.java:230) ~[client-1.21.1-20240808.144430-srg.jar%23257!/:?]
	at java.base/jdk.internal.reflect.DirectMethodHandleAccessor.invoke(DirectMethodHandleAccessor.java:103) ~[?:?]
	at java.base/java.lang.reflect.Method.invoke(Method.java:580) ~[?:?]
	at MC-BOOTSTRAP/fml_loader@4.0.43/net.neoforged.fml.loading.targets.CommonLaunchHandler.runTarget(CommonLaunchHandler.java:136) ~[loader-4.0.43.jar%23107!/:4.0]
	at MC-BOOTSTRAP/fml_loader@4.0.43/net.neoforged.fml.loading.targets.CommonLaunchHandler.clientService(CommonLaunchHandler.java:124) ~[loader-4.0.43.jar%23107!/:4.0]
	at MC-BOOTSTRAP/fml_loader@4.0.43/net.neoforged.fml.loading.targets.CommonClientLaunchHandler.runService(CommonClientLaunchHandler.java:32) ~[loader-4.0.43.jar%23107!/:4.0]
	at MC-BOOTSTRAP/fml_loader@4.0.43/net.neoforged.fml.loading.targets.CommonLaunchHandler.lambda$launchService$4(CommonLaunchHandler.java:118) ~[loader-4.0.43.jar%23107!/:4.0]
	at MC-BOOTSTRAP/cpw.mods.modlauncher@11.0.5/cpw.mods.modlauncher.LaunchServiceHandlerDecorator.launch(LaunchServiceHandlerDecorator.java:30) [modlauncher-11.0.5.jar%23112!/:?]
	at MC-BOOTSTRAP/cpw.mods.modlauncher@11.0.5/cpw.mods.modlauncher.LaunchServiceHandler.launch(LaunchServiceHandler.java:53) [modlauncher-11.0.5.jar%23112!/:?]
	at MC-BOOTSTRAP/cpw.mods.modlauncher@11.0.5/cpw.mods.modlauncher.LaunchServiceHandler.launch(LaunchServiceHandler.java:71) [modlauncher-11.0.5.jar%23112!/:?]
	at MC-BOOTSTRAP/cpw.mods.modlauncher@11.0.5/cpw.mods.modlauncher.Launcher.run(Launcher.java:103) [modlauncher-11.0.5.jar%23112!/:?]
	at MC-BOOTSTRAP/cpw.mods.modlauncher@11.0.5/cpw.mods.modlauncher.Launcher.main(Launcher.java:74) [modlauncher-11.0.5.jar%23112!/:?]
	at MC-BOOTSTRAP/cpw.mods.modlauncher@11.0.5/cpw.mods.modlauncher.BootstrapLaunchConsumer.accept(BootstrapLaunchConsumer.java:26) [modlauncher-11.0.5.jar%23112!/:?]
	at MC-BOOTSTRAP/cpw.mods.modlauncher@11.0.5/cpw.mods.modlauncher.BootstrapLaunchConsumer.accept(BootstrapLaunchConsumer.java:23) [modlauncher-11.0.5.jar%23112!/:?]
	at cpw.mods.bootstraplauncher@2.0.2/cpw.mods.bootstraplauncher.BootstrapLauncher.run(BootstrapLauncher.java:210) [bootstraplauncher-2.0.2.jar:?]
	at cpw.mods.bootstraplauncher@2.0.2/cpw.mods.bootstraplauncher.BootstrapLauncher.main(BootstrapLauncher.java:69) [bootstraplauncher-2.0.2.jar:?]
[11Aug2026 20:56:29.426] [Render thread/ERROR] [net.minecraft.world.item.crafting.RecipeManager/]: Parsing error loading recipe create_factory:caramel_waffle
com.google.gson.JsonParseException: Failed to parse either. First: Failed to parse either. First: Unknown registry key in ResourceKey[minecraft:root / minecraft:fluid]: create_confectionery:caramel; Second: Failed to parse either. First: Unknown registry key in ResourceKey[minecraft:root / minecraft:fluid]: create_confectionery:caramel; Invalid Type: neoforge:single; Second: No key fluid_tag in MapLike[{"type":"neoforge:single","amount":250,"fluid":"create_confectionery:caramel"}]; Invalid Type: neoforge:single; Second: Failed to parse either. First: Not a json array: {"type":"neoforge:single","amount":250,"fluid":"create_confectionery:caramel"}; Second: Unknown registry key in ResourceKey[minecraft:root / neoforge:ingredient_serializer]: neoforge:single
	at MC-BOOTSTRAP/datafixerupper@8.0.16/com.mojang.serialization.DataResult$Error.getOrThrow(DataResult.java:287) ~[datafixerupper-8.0.16.jar%23150!/:?]
	at TRANSFORMER/minecraft@1.21.1/net.minecraft.world.item.crafting.RecipeManager.apply(RecipeManager.java:60) ~[client-1.21.1-20240808.144430-srg.jar%23257!/:?]
	at TRANSFORMER/minecraft@1.21.1/net.minecraft.world.item.crafting.RecipeManager.apply(RecipeManager.java:36) ~[client-1.21.1-20240808.144430-srg.jar%23257!/:?]
	at TRANSFORMER/minecraft@1.21.1/net.minecraft.server.packs.resources.SimplePreparableReloadListener.lambda$reload$1(SimplePreparableReloadListener.java:19) ~[client-1.21.1-20240808.144430-srg.jar%23257!/:?]
	at java.base/java.util.concurrent.CompletableFuture$UniAccept.tryFire(CompletableFuture.java:718) ~[?:?]
	at java.base/java.util.concurrent.CompletableFuture$Completion.run(CompletableFuture.java:482) ~[?:?]
	at TRANSFORMER/minecraft@1.21.1/net.minecraft.server.packs.resources.SimpleReloadInstance.lambda$new$3(SimpleReloadInstance.java:69) ~[client-1.21.1-20240808.144430-srg.jar%23257!/:?]
	at TRANSFORMER/minecraft@1.21.1/net.minecraft.util.thread.BlockableEventLoop.doRunTask(BlockableEventLoop.java:148) ~[client-1.21.1-20240808.144430-srg.jar%23257!/:?]
	at TRANSFORMER/minecraft@1.21.1/net.minecraft.util.thread.ReentrantBlockableEventLoop.doRunTask(ReentrantBlockableEventLoop.java:23) ~[client-1.21.1-20240808.144430-srg.jar%23257!/:?]
	at TRANSFORMER/minecraft@1.21.1/net.minecraft.util.thread.BlockableEventLoop.pollTask(BlockableEventLoop.java:122) ~[client-1.21.1-20240808.144430-srg.jar%23257!/:?]
	at TRANSFORMER/minecraft@1.21.1/net.minecraft.util.thread.BlockableEventLoop.managedBlock(BlockableEventLoop.java:132) ~[client-1.21.1-20240808.144430-srg.jar%23257!/:?]
	at TRANSFORMER/minecraft@1.21.1/net.minecraft.client.gui.screens.worldselection.WorldOpenFlows.loadWorldDataBlocking(WorldOpenFlows.java:201) ~[client-1.21.1-20240808.144430-srg.jar%23257!/:?]
	at TRANSFORMER/minecraft@1.21.1/net.minecraft.client.gui.screens.worldselection.WorldOpenFlows.loadWorldStem(WorldOpenFlows.java:142) ~[client-1.21.1-20240808.144430-srg.jar%23257!/:?]
	at TRANSFORMER/minecraft@1.21.1/net.minecraft.client.gui.screens.worldselection.WorldOpenFlows.openWorldLoadLevelStem(WorldOpenFlows.java:346) ~[client-1.21.1-20240808.144430-srg.jar%23257!/:?]
	at TRANSFORMER/minecraft@1.21.1/net.minecraft.client.gui.screens.worldselection.WorldOpenFlows.openWorldCheckVersionCompatibility(WorldOpenFlows.java:335) ~[client-1.21.1-20240808.144430-srg.jar%23257!/:?]
	at TRANSFORMER/minecraft@1.21.1/net.minecraft.client.gui.screens.worldselection.WorldOpenFlows.openWorldLoadLevelData(WorldOpenFlows.java:297) ~[client-1.21.1-20240808.144430-srg.jar%23257!/:?]
	at TRANSFORMER/minecraft@1.21.1/net.minecraft.client.gui.screens.worldselection.WorldOpenFlows.openWorld(WorldOpenFlows.java:261) ~[client-1.21.1-20240808.144430-srg.jar%23257!/:?]
	at TRANSFORMER/minecraft@1.21.1/net.minecraft.client.gui.screens.worldselection.WorldSelectionList$WorldListEntry.joinWorld(WorldSelectionList.java:498) ~[client-1.21.1-20240808.144430-srg.jar%23257!/:?]
	at java.base/java.util.Optional.ifPresent(Optional.java:178) ~[?:?]
	at TRANSFORMER/minecraft@1.21.1/net.minecraft.client.gui.screens.worldselection.SelectWorldScreen.lambda$init$1(SelectWorldScreen.java:53) ~[client-1.21.1-20240808.144430-srg.jar%23257!/:?]
	at TRANSFORMER/minecraft@1.21.1/net.minecraft.client.gui.components.Button.onPress(Button.java:41) ~[client-1.21.1-20240808.144430-srg.jar%23257!/:?]
	at TRANSFORMER/minecraft@1.21.1/net.minecraft.client.gui.components.AbstractButton.onClick(AbstractButton.java:47) ~[client-1.21.1-20240808.144430-srg.jar%23257!/:?]
	at TRANSFORMER/neoforge@21.1.248/net.neoforged.neoforge.client.extensions.IAbstractWidgetExtension.onClick(IAbstractWidgetExtension.java:36) ~[neoforge-21.1.248-universal.jar%23258!/:?]
	at TRANSFORMER/minecraft@1.21.1/net.minecraft.client.gui.components.AbstractWidget.mouseClicked(AbstractWidget.java:144) ~[client-1.21.1-20240808.144430-srg.jar%23257!/:?]
	at TRANSFORMER/minecraft@1.21.1/net.minecraft.client.gui.components.events.ContainerEventHandler.mouseClicked(ContainerEventHandler.java:38) ~[client-1.21.1-20240808.144430-srg.jar%23257!/:?]
	at TRANSFORMER/minecraft@1.21.1/net.minecraft.client.MouseHandler.redirect$dhn000$create_stats$createStats$localMouseClicked(MouseHandler.java:4514) ~[client-1.21.1-20240808.144430-srg.jar%23257!/:?]
	at TRANSFORMER/minecraft@1.21.1/net.minecraft.client.MouseHandler.lambda$onPress$0(MouseHandler.java:98) ~[client-1.21.1-20240808.144430-srg.jar%23257!/:?]
	at TRANSFORMER/minecraft@1.21.1/net.minecraft.client.gui.screens.Screen.wrapScreenError(Screen.java:451) ~[client-1.21.1-20240808.144430-srg.jar%23257!/:?]
	at TRANSFORMER/minecraft@1.21.1/net.minecraft.client.MouseHandler.onPress(MouseHandler.java:95) ~[client-1.21.1-20240808.144430-srg.jar%23257!/:?]
	at TRANSFORMER/minecraft@1.21.1/net.minecraft.client.MouseHandler.lambda$setup$4(MouseHandler.java:202) ~[client-1.21.1-20240808.144430-srg.jar%23257!/:?]
	at TRANSFORMER/minecraft@1.21.1/net.minecraft.util.thread.BlockableEventLoop.execute(BlockableEventLoop.java:98) ~[client-1.21.1-20240808.144430-srg.jar%23257!/:?]
	at TRANSFORMER/minecraft@1.21.1/net.minecraft.client.MouseHandler.lambda$setup$5(MouseHandler.java:202) ~[client-1.21.1-20240808.144430-srg.jar%23257!/:?]
	at MC-BOOTSTRAP/org.lwjgl.glfw@3.3.3+5/org.lwjgl.glfw.GLFWMouseButtonCallbackI.callback(GLFWMouseButtonCallbackI.java:43) ~[lwjgl-glfw-3.3.3.jar%23173!/:build 5]
	at MC-BOOTSTRAP/org.lwjgl@3.3.3+5/org.lwjgl.system.JNI.invokeV(Native Method) ~[lwjgl-3.3.3.jar%23185!/:build 5]
	at MC-BOOTSTRAP/org.lwjgl.glfw@3.3.3+5/org.lwjgl.glfw.GLFW.glfwPollEvents(GLFW.java:3438) ~[lwjgl-glfw-3.3.3.jar%23173!/:build 5]
	at TRANSFORMER/minecraft@1.21.1/com.mojang.blaze3d.systems.RenderSystem.pollEvents(RenderSystem.java:134) ~[client-1.21.1-20240808.144430-srg.jar%23257!/:?]
	at TRANSFORMER/minecraft@1.21.1/com.mojang.blaze3d.systems.RenderSystem.flipFrame(RenderSystem.java:147) ~[client-1.21.1-20240808.144430-srg.jar%23257!/:?]
	at TRANSFORMER/minecraft@1.21.1/com.mojang.blaze3d.platform.Window.updateDisplay(Window.java:292) ~[client-1.21.1-20240808.144430-srg.jar%23257!/:?]
	at TRANSFORMER/minecraft@1.21.1/net.minecraft.client.Minecraft.runTick(Minecraft.java:1217) ~[client-1.21.1-20240808.144430-srg.jar%23257!/:?]
	at TRANSFORMER/minecraft@1.21.1/net.minecraft.client.Minecraft.run(Minecraft.java:807) ~[client-1.21.1-20240808.144430-srg.jar%23257!/:?]
	at TRANSFORMER/minecraft@1.21.1/net.minecraft.client.main.Main.main(Main.java:230) ~[client-1.21.1-20240808.144430-srg.jar%23257!/:?]
	at java.base/jdk.internal.reflect.DirectMethodHandleAccessor.invoke(DirectMethodHandleAccessor.java:103) ~[?:?]
	at java.base/java.lang.reflect.Method.invoke(Method.java:580) ~[?:?]
	at MC-BOOTSTRAP/fml_loader@4.0.43/net.neoforged.fml.loading.targets.CommonLaunchHandler.runTarget(CommonLaunchHandler.java:136) ~[loader-4.0.43.jar%23107!/:4.0]
	at MC-BOOTSTRAP/fml_loader@4.0.43/net.neoforged.fml.loading.targets.CommonLaunchHandler.clientService(CommonLaunchHandler.java:124) ~[loader-4.0.43.jar%23107!/:4.0]
	at MC-BOOTSTRAP/fml_loader@4.0.43/net.neoforged.fml.loading.targets.CommonClientLaunchHandler.runService(CommonClientLaunchHandler.java:32) ~[loader-4.0.43.jar%23107!/:4.0]
	at MC-BOOTSTRAP/fml_loader@4.0.43/net.neoforged.fml.loading.targets.CommonLaunchHandler.lambda$launchService$4(CommonLaunchHandler.java:118) ~[loader-4.0.43.jar%23107!/:4.0]
	at MC-BOOTSTRAP/cpw.mods.modlauncher@11.0.5/cpw.mods.modlauncher.LaunchServiceHandlerDecorator.launch(LaunchServiceHandlerDecorator.java:30) [modlauncher-11.0.5.jar%23112!/:?]
	at MC-BOOTSTRAP/cpw.mods.modlauncher@11.0.5/cpw.mods.modlauncher.LaunchServiceHandler.launch(LaunchServiceHandler.java:53) [modlauncher-11.0.5.jar%23112!/:?]
	at MC-BOOTSTRAP/cpw.mods.modlauncher@11.0.5/cpw.mods.modlauncher.LaunchServiceHandler.launch(LaunchServiceHandler.java:71) [modlauncher-11.0.5.jar%23112!/:?]
	at MC-BOOTSTRAP/cpw.mods.modlauncher@11.0.5/cpw.mods.modlauncher.Launcher.run(Launcher.java:103) [modlauncher-11.0.5.jar%23112!/:?]
	at MC-BOOTSTRAP/cpw.mods.modlauncher@11.0.5/cpw.mods.modlauncher.Launcher.main(Launcher.java:74) [modlauncher-11.0.5.jar%23112!/:?]
	at MC-BOOTSTRAP/cpw.mods.modlauncher@11.0.5/cpw.mods.modlauncher.BootstrapLaunchConsumer.accept(BootstrapLaunchConsumer.java:26) [modlauncher-11.0.5.jar%23112!/:?]
	at MC-BOOTSTRAP/cpw.mods.modlauncher@11.0.5/cpw.mods.modlauncher.BootstrapLaunchConsumer.accept(BootstrapLaunchConsumer.java:23) [modlauncher-11.0.5.jar%23112!/:?]
	at cpw.mods.bootstraplauncher@2.0.2/cpw.mods.bootstraplauncher.BootstrapLauncher.run(BootstrapLauncher.java:210) [bootstraplauncher-2.0.2.jar:?]
	at cpw.mods.bootstraplauncher@2.0.2/cpw.mods.bootstraplauncher.BootstrapLauncher.main(BootstrapLauncher.java:69) [bootstraplauncher-2.0.2.jar:?]
[11Aug2026 20:56:29.511] [Render thread/ERROR] [net.minecraft.world.item.crafting.RecipeManager/]: Parsing error loading recipe create_factory:caramel_apple
com.google.gson.JsonParseException: Failed to parse either. First: Failed to parse either. First: Unknown registry key in ResourceKey[minecraft:root / minecraft:fluid]: create_confectionery:caramel; Second: Failed to parse either. First: Unknown registry key in ResourceKey[minecraft:root / minecraft:fluid]: create_confectionery:caramel; Invalid Type: neoforge:single; Second: No key fluid_tag in MapLike[{"type":"neoforge:single","amount":250,"fluid":"create_confectionery:caramel"}]; Invalid Type: neoforge:single; Second: Failed to parse either. First: Not a json array: {"type":"neoforge:single","amount":250,"fluid":"create_confectionery:caramel"}; Second: Unknown registry key in ResourceKey[minecraft:root / neoforge:ingredient_serializer]: neoforge:single
	at MC-BOOTSTRAP/datafixerupper@8.0.16/com.mojang.serialization.DataResult$Error.getOrThrow(DataResult.java:287) ~[datafixerupper-8.0.16.jar%23150!/:?]
	at TRANSFORMER/minecraft@1.21.1/net.minecraft.world.item.crafting.RecipeManager.apply(RecipeManager.java:60) ~[client-1.21.1-20240808.144430-srg.jar%23257!/:?]
	at TRANSFORMER/minecraft@1.21.1/net.minecraft.world.item.crafting.RecipeManager.apply(RecipeManager.java:36) ~[client-1.21.1-20240808.144430-srg.jar%23257!/:?]
	at TRANSFORMER/minecraft@1.21.1/net.minecraft.server.packs.resources.SimplePreparableReloadListener.lambda$reload$1(SimplePreparableReloadListener.java:19) ~[client-1.21.1-20240808.144430-srg.jar%23257!/:?]
	at java.base/java.util.concurrent.CompletableFuture$UniAccept.tryFire(CompletableFuture.java:718) ~[?:?]
	at java.base/java.util.concurrent.CompletableFuture$Completion.run(CompletableFuture.java:482) ~[?:?]
	at TRANSFORMER/minecraft@1.21.1/net.minecraft.server.packs.resources.SimpleReloadInstance.lambda$new$3(SimpleReloadInstance.java:69) ~[client-1.21.1-20240808.144430-srg.jar%23257!/:?]
	at TRANSFORMER/minecraft@1.21.1/net.minecraft.util.thread.BlockableEventLoop.doRunTask(BlockableEventLoop.java:148) ~[client-1.21.1-20240808.144430-srg.jar%23257!/:?]
	at TRANSFORMER/minecraft@1.21.1/net.minecraft.util.thread.ReentrantBlockableEventLoop.doRunTask(ReentrantBlockableEventLoop.java:23) ~[client-1.21.1-20240808.144430-srg.jar%23257!/:?]
	at TRANSFORMER/minecraft@1.21.1/net.minecraft.util.thread.BlockableEventLoop.pollTask(BlockableEventLoop.java:122) ~[client-1.21.1-20240808.144430-srg.jar%23257!/:?]
	at TRANSFORMER/minecraft@1.21.1/net.minecraft.util.thread.BlockableEventLoop.managedBlock(BlockableEventLoop.java:132) ~[client-1.21.1-20240808.144430-srg.jar%23257!/:?]
	at TRANSFORMER/minecraft@1.21.1/net.minecraft.client.gui.screens.worldselection.WorldOpenFlows.loadWorldDataBlocking(WorldOpenFlows.java:201) ~[client-1.21.1-20240808.144430-srg.jar%23257!/:?]
	at TRANSFORMER/minecraft@1.21.1/net.minecraft.client.gui.screens.worldselection.WorldOpenFlows.loadWorldStem(WorldOpenFlows.java:142) ~[client-1.21.1-20240808.144430-srg.jar%23257!/:?]
	at TRANSFORMER/minecraft@1.21.1/net.minecraft.client.gui.screens.worldselection.WorldOpenFlows.openWorldLoadLevelStem(WorldOpenFlows.java:346) ~[client-1.21.1-20240808.144430-srg.jar%23257!/:?]
	at TRANSFORMER/minecraft@1.21.1/net.minecraft.client.gui.screens.worldselection.WorldOpenFlows.openWorldCheckVersionCompatibility(WorldOpenFlows.java:335) ~[client-1.21.1-20240808.144430-srg.jar%23257!/:?]
	at TRANSFORMER/minecraft@1.21.1/net.minecraft.client.gui.screens.worldselection.WorldOpenFlows.openWorldLoadLevelData(WorldOpenFlows.java:297) ~[client-1.21.1-20240808.144430-srg.jar%23257!/:?]
	at TRANSFORMER/minecraft@1.21.1/net.minecraft.client.gui.screens.worldselection.WorldOpenFlows.openWorld(WorldOpenFlows.java:261) ~[client-1.21.1-20240808.144430-srg.jar%23257!/:?]
	at TRANSFORMER/minecraft@1.21.1/net.minecraft.client.gui.screens.worldselection.WorldSelectionList$WorldListEntry.joinWorld(WorldSelectionList.java:498) ~[client-1.21.1-20240808.144430-srg.jar%23257!/:?]
	at java.base/java.util.Optional.ifPresent(Optional.java:178) ~[?:?]
	at TRANSFORMER/minecraft@1.21.1/net.minecraft.client.gui.screens.worldselection.SelectWorldScreen.lambda$init$1(SelectWorldScreen.java:53) ~[client-1.21.1-20240808.144430-srg.jar%23257!/:?]
	at TRANSFORMER/minecraft@1.21.1/net.minecraft.client.gui.components.Button.onPress(Button.java:41) ~[client-1.21.1-20240808.144430-srg.jar%23257!/:?]
	at TRANSFORMER/minecraft@1.21.1/net.minecraft.client.gui.components.AbstractButton.onClick(AbstractButton.java:47) ~[client-1.21.1-20240808.144430-srg.jar%23257!/:?]
	at TRANSFORMER/neoforge@21.1.248/net.neoforged.neoforge.client.extensions.IAbstractWidgetExtension.onClick(IAbstractWidgetExtension.java:36) ~[neoforge-21.1.248-universal.jar%23258!/:?]
	at TRANSFORMER/minecraft@1.21.1/net.minecraft.client.gui.components.AbstractWidget.mouseClicked(AbstractWidget.java:144) ~[client-1.21.1-20240808.144430-srg.jar%23257!/:?]
	at TRANSFORMER/minecraft@1.21.1/net.minecraft.client.gui.components.events.ContainerEventHandler.mouseClicked(ContainerEventHandler.java:38) ~[client-1.21.1-20240808.144430-srg.jar%23257!/:?]
	at TRANSFORMER/minecraft@1.21.1/net.minecraft.client.MouseHandler.redirect$dhn000$create_stats$createStats$localMouseClicked(MouseHandler.java:4514) ~[client-1.21.1-20240808.144430-srg.jar%23257!/:?]
	at TRANSFORMER/minecraft@1.21.1/net.minecraft.client.MouseHandler.lambda$onPress$0(MouseHandler.java:98) ~[client-1.21.1-20240808.144430-srg.jar%23257!/:?]
	at TRANSFORMER/minecraft@1.21.1/net.minecraft.client.gui.screens.Screen.wrapScreenError(Screen.java:451) ~[client-1.21.1-20240808.144430-srg.jar%23257!/:?]
	at TRANSFORMER/minecraft@1.21.1/net.minecraft.client.MouseHandler.onPress(MouseHandler.java:95) ~[client-1.21.1-20240808.144430-srg.jar%23257!/:?]
	at TRANSFORMER/minecraft@1.21.1/net.minecraft.client.MouseHandler.lambda$setup$4(MouseHandler.java:202) ~[client-1.21.1-20240808.144430-srg.jar%23257!/:?]
	at TRANSFORMER/minecraft@1.21.1/net.minecraft.util.thread.BlockableEventLoop.execute(BlockableEventLoop.java:98) ~[client-1.21.1-20240808.144430-srg.jar%23257!/:?]
	at TRANSFORMER/minecraft@1.21.1/net.minecraft.client.MouseHandler.lambda$setup$5(MouseHandler.java:202) ~[client-1.21.1-20240808.144430-srg.jar%23257!/:?]
	at MC-BOOTSTRAP/org.lwjgl.glfw@3.3.3+5/org.lwjgl.glfw.GLFWMouseButtonCallbackI.callback(GLFWMouseButtonCallbackI.java:43) ~[lwjgl-glfw-3.3.3.jar%23173!/:build 5]
	at MC-BOOTSTRAP/org.lwjgl@3.3.3+5/org.lwjgl.system.JNI.invokeV(Native Method) ~[lwjgl-3.3.3.jar%23185!/:build 5]
	at MC-BOOTSTRAP/org.lwjgl.glfw@3.3.3+5/org.lwjgl.glfw.GLFW.glfwPollEvents(GLFW.java:3438) ~[lwjgl-glfw-3.3.3.jar%23173!/:build 5]
	at TRANSFORMER/minecraft@1.21.1/com.mojang.blaze3d.systems.RenderSystem.pollEvents(RenderSystem.java:134) ~[client-1.21.1-20240808.144430-srg.jar%23257!/:?]
	at TRANSFORMER/minecraft@1.21.1/com.mojang.blaze3d.systems.RenderSystem.flipFrame(RenderSystem.java:147) ~[client-1.21.1-20240808.144430-srg.jar%23257!/:?]
	at TRANSFORMER/minecraft@1.21.1/com.mojang.blaze3d.platform.Window.updateDisplay(Window.java:292) ~[client-1.21.1-20240808.144430-srg.jar%23257!/:?]
	at TRANSFORMER/minecraft@1.21.1/net.minecraft.client.Minecraft.runTick(Minecraft.java:1217) ~[client-1.21.1-20240808.144430-srg.jar%23257!/:?]
	at TRANSFORMER/minecraft@1.21.1/net.minecraft.client.Minecraft.run(Minecraft.java:807) ~[client-1.21.1-20240808.144430-srg.jar%23257!/:?]
	at TRANSFORMER/minecraft@1.21.1/net.minecraft.client.main.Main.main(Main.java:230) ~[client-1.21.1-20240808.144430-srg.jar%23257!/:?]
	at java.base/jdk.internal.reflect.DirectMethodHandleAccessor.invoke(DirectMethodHandleAccessor.java:103) ~[?:?]
	at java.base/java.lang.reflect.Method.invoke(Method.java:580) ~[?:?]
	at MC-BOOTSTRAP/fml_loader@4.0.43/net.neoforged.fml.loading.targets.CommonLaunchHandler.runTarget(CommonLaunchHandler.java:136) ~[loader-4.0.43.jar%23107!/:4.0]
	at MC-BOOTSTRAP/fml_loader@4.0.43/net.neoforged.fml.loading.targets.CommonLaunchHandler.clientService(CommonLaunchHandler.java:124) ~[loader-4.0.43.jar%23107!/:4.0]
	at MC-BOOTSTRAP/fml_loader@4.0.43/net.neoforged.fml.loading.targets.CommonClientLaunchHandler.runService(CommonClientLaunchHandler.java:32) ~[loader-4.0.43.jar%23107!/:4.0]
	at MC-BOOTSTRAP/fml_loader@4.0.43/net.neoforged.fml.loading.targets.CommonLaunchHandler.lambda$launchService$4(CommonLaunchHandler.java:118) ~[loader-4.0.43.jar%23107!/:4.0]
	at MC-BOOTSTRAP/cpw.mods.modlauncher@11.0.5/cpw.mods.modlauncher.LaunchServiceHandlerDecorator.launch(LaunchServiceHandlerDecorator.java:30) [modlauncher-11.0.5.jar%23112!/:?]
	at MC-BOOTSTRAP/cpw.mods.modlauncher@11.0.5/cpw.mods.modlauncher.LaunchServiceHandler.launch(LaunchServiceHandler.java:53) [modlauncher-11.0.5.jar%23112!/:?]
	at MC-BOOTSTRAP/cpw.mods.modlauncher@11.0.5/cpw.mods.modlauncher.LaunchServiceHandler.launch(LaunchServiceHandler.java:71) [modlauncher-11.0.5.jar%23112!/:?]
	at MC-BOOTSTRAP/cpw.mods.modlauncher@11.0.5/cpw.mods.modlauncher.Launcher.run(Launcher.java:103) [modlauncher-11.0.5.jar%23112!/:?]
	at MC-BOOTSTRAP/cpw.mods.modlauncher@11.0.5/cpw.mods.modlauncher.Launcher.main(Launcher.java:74) [modlauncher-11.0.5.jar%23112!/:?]
	at MC-BOOTSTRAP/cpw.mods.modlauncher@11.0.5/cpw.mods.modlauncher.BootstrapLaunchConsumer.accept(BootstrapLaunchConsumer.java:26) [modlauncher-11.0.5.jar%23112!/:?]
	at MC-BOOTSTRAP/cpw.mods.modlauncher@11.0.5/cpw.mods.modlauncher.BootstrapLaunchConsumer.accept(BootstrapLaunchConsumer.java:23) [modlauncher-11.0.5.jar%23112!/:?]
	at cpw.mods.bootstraplauncher@2.0.2/cpw.mods.bootstraplauncher.BootstrapLauncher.run(BootstrapLauncher.java:210) [bootstraplauncher-2.0.2.jar:?]
	at cpw.mods.bootstraplauncher@2.0.2/cpw.mods.bootstraplauncher.BootstrapLauncher.main(BootstrapLauncher.java:69) [bootstraplauncher-2.0.2.jar:?]
[11Aug2026 20:56:29.575] [Render thread/INFO] [net.minecraft.world.item.crafting.RecipeManager/]: Loaded 9736 recipes
[11Aug2026 20:56:30.014] [Render thread/INFO] [net.minecraft.advancements.AdvancementTree/]: Loaded 7070 advancements
[11Aug2026 20:56:30.115] [Render thread/ERROR] [tacz/BlockDataLoader]: Failed to load data file create_armorer:create_workbench
com.google.gson.JsonSyntaxException: java.lang.IllegalStateException: No key id in MapLike[{"item":"tacz:modern_kinetic_gun","nbt":{"GunId":"create_armorer:pistol_revolver_torque"}}]
	at MC-BOOTSTRAP/com.google.gson@2.10.1/com.google.gson.internal.bind.ReflectiveTypeAdapterFactory$Adapter.read(ReflectiveTypeAdapterFactory.java:397) ~[gson-2.10.1.jar%23142!/:?]
	at MC-BOOTSTRAP/com.google.gson@2.10.1/com.google.gson.Gson.fromJson(Gson.java:1227) ~[gson-2.10.1.jar%23142!/:?]
	at MC-BOOTSTRAP/com.google.gson@2.10.1/com.google.gson.Gson.fromJson(Gson.java:1329) ~[gson-2.10.1.jar%23142!/:?]
	at MC-BOOTSTRAP/com.google.gson@2.10.1/com.google.gson.Gson.fromJson(Gson.java:1271) ~[gson-2.10.1.jar%23142!/:?]
	at TRANSFORMER/tacz@1.1.8-hotfix-r6/com.tacz.guns.resource.manager.JsonDataManager.parseJson(JsonDataManager.java:73) ~[tacz-neoforge-1.21.1-1.1.8-hotfix-r6.jar%23327!/:?]
	at TRANSFORMER/tacz@1.1.8-hotfix-r6/com.tacz.guns.resource.manager.JsonDataManager.apply(JsonDataManager.java:60) ~[tacz-neoforge-1.21.1-1.1.8-hotfix-r6.jar%23327!/:?]
	at TRANSFORMER/tacz@1.1.8-hotfix-r6/com.tacz.guns.resource.manager.CommonDataManager.apply(CommonDataManager.java:35) ~[tacz-neoforge-1.21.1-1.1.8-hotfix-r6.jar%23327!/:?]
	at TRANSFORMER/tacz@1.1.8-hotfix-r6/com.tacz.guns.resource.manager.CommonDataManager.apply(CommonDataManager.java:19) ~[tacz-neoforge-1.21.1-1.1.8-hotfix-r6.jar%23327!/:?]
	at TRANSFORMER/minecraft@1.21.1/net.minecraft.server.packs.resources.SimplePreparableReloadListener.lambda$reload$1(SimplePreparableReloadListener.java:19) ~[client-1.21.1-20240808.144430-srg.jar%23257!/:?]
	at java.base/java.util.concurrent.CompletableFuture$UniAccept.tryFire(CompletableFuture.java:718) ~[?:?]
	at java.base/java.util.concurrent.CompletableFuture$Completion.run(CompletableFuture.java:482) ~[?:?]
	at TRANSFORMER/minecraft@1.21.1/net.minecraft.server.packs.resources.SimpleReloadInstance.lambda$new$3(SimpleReloadInstance.java:69) ~[client-1.21.1-20240808.144430-srg.jar%23257!/:?]
	at TRANSFORMER/minecraft@1.21.1/net.minecraft.util.thread.BlockableEventLoop.doRunTask(BlockableEventLoop.java:148) ~[client-1.21.1-20240808.144430-srg.jar%23257!/:?]
	at TRANSFORMER/minecraft@1.21.1/net.minecraft.util.thread.ReentrantBlockableEventLoop.doRunTask(ReentrantBlockableEventLoop.java:23) ~[client-1.21.1-20240808.144430-srg.jar%23257!/:?]
	at TRANSFORMER/minecraft@1.21.1/net.minecraft.util.thread.BlockableEventLoop.pollTask(BlockableEventLoop.java:122) ~[client-1.21.1-20240808.144430-srg.jar%23257!/:?]
	at TRANSFORMER/minecraft@1.21.1/net.minecraft.util.thread.BlockableEventLoop.managedBlock(BlockableEventLoop.java:132) ~[client-1.21.1-20240808.144430-srg.jar%23257!/:?]
	at TRANSFORMER/minecraft@1.21.1/net.minecraft.client.gui.screens.worldselection.WorldOpenFlows.loadWorldDataBlocking(WorldOpenFlows.java:201) ~[client-1.21.1-20240808.144430-srg.jar%23257!/:?]
	at TRANSFORMER/minecraft@1.21.1/net.minecraft.client.gui.screens.worldselection.WorldOpenFlows.loadWorldStem(WorldOpenFlows.java:142) ~[client-1.21.1-20240808.144430-srg.jar%23257!/:?]
	at TRANSFORMER/minecraft@1.21.1/net.minecraft.client.gui.screens.worldselection.WorldOpenFlows.openWorldLoadLevelStem(WorldOpenFlows.java:346) ~[client-1.21.1-20240808.144430-srg.jar%23257!/:?]
	at TRANSFORMER/minecraft@1.21.1/net.minecraft.client.gui.screens.worldselection.WorldOpenFlows.openWorldCheckVersionCompatibility(WorldOpenFlows.java:335) ~[client-1.21.1-20240808.144430-srg.jar%23257!/:?]
	at TRANSFORMER/minecraft@1.21.1/net.minecraft.client.gui.screens.worldselection.WorldOpenFlows.openWorldLoadLevelData(WorldOpenFlows.java:297) ~[client-1.21.1-20240808.144430-srg.jar%23257!/:?]
	at TRANSFORMER/minecraft@1.21.1/net.minecraft.client.gui.screens.worldselection.WorldOpenFlows.openWorld(WorldOpenFlows.java:261) ~[client-1.21.1-20240808.144430-srg.jar%23257!/:?]
	at TRANSFORMER/minecraft@1.21.1/net.minecraft.client.gui.screens.worldselection.WorldSelectionList$WorldListEntry.joinWorld(WorldSelectionList.java:498) ~[client-1.21.1-20240808.144430-srg.jar%23257!/:?]
	at java.base/java.util.Optional.ifPresent(Optional.java:178) ~[?:?]
	at TRANSFORMER/minecraft@1.21.1/net.minecraft.client.gui.screens.worldselection.SelectWorldScreen.lambda$init$1(SelectWorldScreen.java:53) ~[client-1.21.1-20240808.144430-srg.jar%23257!/:?]
	at TRANSFORMER/minecraft@1.21.1/net.minecraft.client.gui.components.Button.onPress(Button.java:41) ~[client-1.21.1-20240808.144430-srg.jar%23257!/:?]
	at TRANSFORMER/minecraft@1.21.1/net.minecraft.client.gui.components.AbstractButton.onClick(AbstractButton.java:47) ~[client-1.21.1-20240808.144430-srg.jar%23257!/:?]
	at TRANSFORMER/neoforge@21.1.248/net.neoforged.neoforge.client.extensions.IAbstractWidgetExtension.onClick(IAbstractWidgetExtension.java:36) ~[neoforge-21.1.248-universal.jar%23258!/:?]
	at TRANSFORMER/minecraft@1.21.1/net.minecraft.client.gui.components.AbstractWidget.mouseClicked(AbstractWidget.java:144) ~[client-1.21.1-20240808.144430-srg.jar%23257!/:?]
	at TRANSFORMER/minecraft@1.21.1/net.minecraft.client.gui.components.events.ContainerEventHandler.mouseClicked(ContainerEventHandler.java:38) ~[client-1.21.1-20240808.144430-srg.jar%23257!/:?]
	at TRANSFORMER/minecraft@1.21.1/net.minecraft.client.MouseHandler.redirect$dhn000$create_stats$createStats$localMouseClicked(MouseHandler.java:4514) ~[client-1.21.1-20240808.144430-srg.jar%23257!/:?]
	at TRANSFORMER/minecraft@1.21.1/net.minecraft.client.MouseHandler.lambda$onPress$0(MouseHandler.java:98) ~[client-1.21.1-20240808.144430-srg.jar%23257!/:?]
	at TRANSFORMER/minecraft@1.21.1/net.minecraft.client.gui.screens.Screen.wrapScreenError(Screen.java:451) ~[client-1.21.1-20240808.144430-srg.jar%23257!/:?]
	at TRANSFORMER/minecraft@1.21.1/net.minecraft.client.MouseHandler.onPress(MouseHandler.java:95) ~[client-1.21.1-20240808.144430-srg.jar%23257!/:?]
	at TRANSFORMER/minecraft@1.21.1/net.minecraft.client.MouseHandler.lambda$setup$4(MouseHandler.java:202) ~[client-1.21.1-20240808.144430-srg.jar%23257!/:?]
	at TRANSFORMER/minecraft@1.21.1/net.minecraft.util.thread.BlockableEventLoop.execute(BlockableEventLoop.java:98) ~[client-1.21.1-20240808.144430-srg.jar%23257!/:?]
	at TRANSFORMER/minecraft@1.21.1/net.minecraft.client.MouseHandler.lambda$setup$5(MouseHandler.java:202) ~[client-1.21.1-20240808.144430-srg.jar%23257!/:?]
	at MC-BOOTSTRAP/org.lwjgl.glfw@3.3.3+5/org.lwjgl.glfw.GLFWMouseButtonCallbackI.callback(GLFWMouseButtonCallbackI.java:43) ~[lwjgl-glfw-3.3.3.jar%23173!/:build 5]
	at MC-BOOTSTRAP/org.lwjgl@3.3.3+5/org.lwjgl.system.JNI.invokeV(Native Method) ~[lwjgl-3.3.3.jar%23185!/:build 5]
	at MC-BOOTSTRAP/org.lwjgl.glfw@3.3.3+5/org.lwjgl.glfw.GLFW.glfwPollEvents(GLFW.java:3438) ~[lwjgl-glfw-3.3.3.jar%23173!/:build 5]
	at TRANSFORMER/minecraft@1.21.1/com.mojang.blaze3d.systems.RenderSystem.pollEvents(RenderSystem.java:134) ~[client-1.21.1-20240808.144430-srg.jar%23257!/:?]
	at TRANSFORMER/minecraft@1.21.1/com.mojang.blaze3d.systems.RenderSystem.flipFrame(RenderSystem.java:147) ~[client-1.21.1-20240808.144430-srg.jar%23257!/:?]
	at TRANSFORMER/minecraft@1.21.1/com.mojang.blaze3d.platform.Window.updateDisplay(Window.java:292) ~[client-1.21.1-20240808.144430-srg.jar%23257!/:?]
	at TRANSFORMER/minecraft@1.21.1/net.minecraft.client.Minecraft.runTick(Minecraft.java:1217) ~[client-1.21.1-20240808.144430-srg.jar%23257!/:?]
	at TRANSFORMER/minecraft@1.21.1/net.minecraft.client.Minecraft.run(Minecraft.java:807) ~[client-1.21.1-20240808.144430-srg.jar%23257!/:?]
	at TRANSFORMER/minecraft@1.21.1/net.minecraft.client.main.Main.main(Main.java:230) ~[client-1.21.1-20240808.144430-srg.jar%23257!/:?]
	at java.base/jdk.internal.reflect.DirectMethodHandleAccessor.invoke(DirectMethodHandleAccessor.java:103) ~[?:?]
	at java.base/java.lang.reflect.Method.invoke(Method.java:580) ~[?:?]
	at MC-BOOTSTRAP/fml_loader@4.0.43/net.neoforged.fml.loading.targets.CommonLaunchHandler.runTarget(CommonLaunchHandler.java:136) ~[loader-4.0.43.jar%23107!/:4.0]
	at MC-BOOTSTRAP/fml_loader@4.0.43/net.neoforged.fml.loading.targets.CommonLaunchHandler.clientService(CommonLaunchHandler.java:124) ~[loader-4.0.43.jar%23107!/:4.0]
	at MC-BOOTSTRAP/fml_loader@4.0.43/net.neoforged.fml.loading.targets.CommonClientLaunchHandler.runService(CommonClientLaunchHandler.java:32) ~[loader-4.0.43.jar%23107!/:4.0]
	at MC-BOOTSTRAP/fml_loader@4.0.43/net.neoforged.fml.loading.targets.CommonLaunchHandler.lambda$launchService$4(CommonLaunchHandler.java:118) ~[loader-4.0.43.jar%23107!/:4.0]
	at MC-BOOTSTRAP/cpw.mods.modlauncher@11.0.5/cpw.mods.modlauncher.LaunchServiceHandlerDecorator.launch(LaunchServiceHandlerDecorator.java:30) [modlauncher-11.0.5.jar%23112!/:?]
	at MC-BOOTSTRAP/cpw.mods.modlauncher@11.0.5/cpw.mods.modlauncher.LaunchServiceHandler.launch(LaunchServiceHandler.java:53) [modlauncher-11.0.5.jar%23112!/:?]
	at MC-BOOTSTRAP/cpw.mods.modlauncher@11.0.5/cpw.mods.modlauncher.LaunchServiceHandler.launch(LaunchServiceHandler.java:71) [modlauncher-11.0.5.jar%23112!/:?]
	at MC-BOOTSTRAP/cpw.mods.modlauncher@11.0.5/cpw.mods.modlauncher.Launcher.run(Launcher.java:103) [modlauncher-11.0.5.jar%23112!/:?]
	at MC-BOOTSTRAP/cpw.mods.modlauncher@11.0.5/cpw.mods.modlauncher.Launcher.main(Launcher.java:74) [modlauncher-11.0.5.jar%23112!/:?]
	at MC-BOOTSTRAP/cpw.mods.modlauncher@11.0.5/cpw.mods.modlauncher.BootstrapLaunchConsumer.accept(BootstrapLaunchConsumer.java:26) [modlauncher-11.0.5.jar%23112!/:?]
	at MC-BOOTSTRAP/cpw.mods.modlauncher@11.0.5/cpw.mods.modlauncher.BootstrapLaunchConsumer.accept(BootstrapLaunchConsumer.java:23) [modlauncher-11.0.5.jar%23112!/:?]
	at cpw.mods.bootstraplauncher@2.0.2/cpw.mods.bootstraplauncher.BootstrapLauncher.run(BootstrapLauncher.java:210) [bootstraplauncher-2.0.2.jar:?]
	at cpw.mods.bootstraplauncher@2.0.2/cpw.mods.bootstraplauncher.BootstrapLauncher.main(BootstrapLauncher.java:69) [bootstraplauncher-2.0.2.jar:?]
Caused by: java.lang.IllegalStateException: No key id in MapLike[{"item":"tacz:modern_kinetic_gun","nbt":{"GunId":"create_armorer:pistol_revolver_torque"}}]
	at MC-BOOTSTRAP/datafixerupper@8.0.16/com.mojang.serialization.DataResult$Error.getOrThrow(DataResult.java:287) ~[datafixerupper-8.0.16.jar%23150!/:?]
	at MC-BOOTSTRAP/datafixerupper@8.0.16/com.mojang.serialization.DataResult.getOrThrow(DataResult.java:81) ~[datafixerupper-8.0.16.jar%23150!/:?]
	at TRANSFORMER/tacz@1.1.8-hotfix-r6/com.tacz.guns.resource.pojo.data.block.TabConfig$Deserializer.deserialize(TabConfig.java:70) ~[tacz-neoforge-1.21.1-1.1.8-hotfix-r6.jar%23327!/:?]
	at TRANSFORMER/tacz@1.1.8-hotfix-r6/com.tacz.guns.resource.pojo.data.block.TabConfig$Deserializer.deserialize(TabConfig.java:59) ~[tacz-neoforge-1.21.1-1.1.8-hotfix-r6.jar%23327!/:?]
	at MC-BOOTSTRAP/com.google.gson@2.10.1/com.google.gson.internal.bind.TreeTypeAdapter.read(TreeTypeAdapter.java:76) ~[gson-2.10.1.jar%23142!/:?]
	at MC-BOOTSTRAP/com.google.gson@2.10.1/com.google.gson.internal.bind.TypeAdapterRuntimeTypeWrapper.read(TypeAdapterRuntimeTypeWrapper.java:40) ~[gson-2.10.1.jar%23142!/:?]
	at MC-BOOTSTRAP/com.google.gson@2.10.1/com.google.gson.internal.bind.CollectionTypeAdapterFactory$Adapter.read(CollectionTypeAdapterFactory.java:82) ~[gson-2.10.1.jar%23142!/:?]
	at MC-BOOTSTRAP/com.google.gson@2.10.1/com.google.gson.internal.bind.CollectionTypeAdapterFactory$Adapter.read(CollectionTypeAdapterFactory.java:61) ~[gson-2.10.1.jar%23142!/:?]
	at MC-BOOTSTRAP/com.google.gson@2.10.1/com.google.gson.internal.bind.ReflectiveTypeAdapterFactory$1.readIntoField(ReflectiveTypeAdapterFactory.java:212) ~[gson-2.10.1.jar%23142!/:?]
	at MC-BOOTSTRAP/com.google.gson@2.10.1/com.google.gson.internal.bind.ReflectiveTypeAdapterFactory$FieldReflectionAdapter.readField(ReflectiveTypeAdapterFactory.java:433) ~[gson-2.10.1.jar%23142!/:?]
	at MC-BOOTSTRAP/com.google.gson@2.10.1/com.google.gson.internal.bind.ReflectiveTypeAdapterFactory$Adapter.read(ReflectiveTypeAdapterFactory.java:393) ~[gson-2.10.1.jar%23142!/:?]
	... 60 more
[11Aug2026 20:56:30.128] [Render thread/ERROR] [tacz/BlockIndexLoader]: Failed to load data file create_armorer:create_workbench
com.google.gson.JsonParseException: there is no corresponding data file
	at TRANSFORMER/tacz@1.1.8-hotfix-r6/com.tacz.guns.resource.serialize.CommonBlockIndexSerializer.deserialize(CommonBlockIndexSerializer.java:19) ~[tacz-neoforge-1.21.1-1.1.8-hotfix-r6.jar%23327!/:?]
	at TRANSFORMER/tacz@1.1.8-hotfix-r6/com.tacz.guns.resource.serialize.CommonBlockIndexSerializer.deserialize(CommonBlockIndexSerializer.java:12) ~[tacz-neoforge-1.21.1-1.1.8-hotfix-r6.jar%23327!/:?]
	at MC-BOOTSTRAP/com.google.gson@2.10.1/com.google.gson.internal.bind.TreeTypeAdapter.read(TreeTypeAdapter.java:76) ~[gson-2.10.1.jar%23142!/:?]
	at MC-BOOTSTRAP/com.google.gson@2.10.1/com.google.gson.Gson.fromJson(Gson.java:1227) ~[gson-2.10.1.jar%23142!/:?]
	at MC-BOOTSTRAP/com.google.gson@2.10.1/com.google.gson.Gson.fromJson(Gson.java:1329) ~[gson-2.10.1.jar%23142!/:?]
	at MC-BOOTSTRAP/com.google.gson@2.10.1/com.google.gson.Gson.fromJson(Gson.java:1271) ~[gson-2.10.1.jar%23142!/:?]
	at TRANSFORMER/tacz@1.1.8-hotfix-r6/com.tacz.guns.resource.manager.JsonDataManager.parseJson(JsonDataManager.java:73) ~[tacz-neoforge-1.21.1-1.1.8-hotfix-r6.jar%23327!/:?]
	at TRANSFORMER/tacz@1.1.8-hotfix-r6/com.tacz.guns.resource.manager.JsonDataManager.apply(JsonDataManager.java:60) ~[tacz-neoforge-1.21.1-1.1.8-hotfix-r6.jar%23327!/:?]
	at TRANSFORMER/tacz@1.1.8-hotfix-r6/com.tacz.guns.resource.manager.CommonDataManager.apply(CommonDataManager.java:35) ~[tacz-neoforge-1.21.1-1.1.8-hotfix-r6.jar%23327!/:?]
	at TRANSFORMER/tacz@1.1.8-hotfix-r6/com.tacz.guns.resource.manager.CommonDataManager.apply(CommonDataManager.java:19) ~[tacz-neoforge-1.21.1-1.1.8-hotfix-r6.jar%23327!/:?]
	at TRANSFORMER/minecraft@1.21.1/net.minecraft.server.packs.resources.SimplePreparableReloadListener.lambda$reload$1(SimplePreparableReloadListener.java:19) ~[client-1.21.1-20240808.144430-srg.jar%23257!/:?]
	at java.base/java.util.concurrent.CompletableFuture$UniAccept.tryFire(CompletableFuture.java:718) ~[?:?]
	at java.base/java.util.concurrent.CompletableFuture$Completion.run(CompletableFuture.java:482) ~[?:?]
	at TRANSFORMER/minecraft@1.21.1/net.minecraft.server.packs.resources.SimpleReloadInstance.lambda$new$3(SimpleReloadInstance.java:69) ~[client-1.21.1-20240808.144430-srg.jar%23257!/:?]
	at TRANSFORMER/minecraft@1.21.1/net.minecraft.util.thread.BlockableEventLoop.doRunTask(BlockableEventLoop.java:148) ~[client-1.21.1-20240808.144430-srg.jar%23257!/:?]
	at TRANSFORMER/minecraft@1.21.1/net.minecraft.util.thread.ReentrantBlockableEventLoop.doRunTask(ReentrantBlockableEventLoop.java:23) ~[client-1.21.1-20240808.144430-srg.jar%23257!/:?]
	at TRANSFORMER/minecraft@1.21.1/net.minecraft.util.thread.BlockableEventLoop.pollTask(BlockableEventLoop.java:122) ~[client-1.21.1-20240808.144430-srg.jar%23257!/:?]
	at TRANSFORMER/minecraft@1.21.1/net.minecraft.util.thread.BlockableEventLoop.managedBlock(BlockableEventLoop.java:132) ~[client-1.21.1-20240808.144430-srg.jar%23257!/:?]
	at TRANSFORMER/minecraft@1.21.1/net.minecraft.client.gui.screens.worldselection.WorldOpenFlows.loadWorldDataBlocking(WorldOpenFlows.java:201) ~[client-1.21.1-20240808.144430-srg.jar%23257!/:?]
	at TRANSFORMER/minecraft@1.21.1/net.minecraft.client.gui.screens.worldselection.WorldOpenFlows.loadWorldStem(WorldOpenFlows.java:142) ~[client-1.21.1-20240808.144430-srg.jar%23257!/:?]
	at TRANSFORMER/minecraft@1.21.1/net.minecraft.client.gui.screens.worldselection.WorldOpenFlows.openWorldLoadLevelStem(WorldOpenFlows.java:346) ~[client-1.21.1-20240808.144430-srg.jar%23257!/:?]
	at TRANSFORMER/minecraft@1.21.1/net.minecraft.client.gui.screens.worldselection.WorldOpenFlows.openWorldCheckVersionCompatibility(WorldOpenFlows.java:335) ~[client-1.21.1-20240808.144430-srg.jar%23257!/:?]
	at TRANSFORMER/minecraft@1.21.1/net.minecraft.client.gui.screens.worldselection.WorldOpenFlows.openWorldLoadLevelData(WorldOpenFlows.java:297) ~[client-1.21.1-20240808.144430-srg.jar%23257!/:?]
	at TRANSFORMER/minecraft@1.21.1/net.minecraft.client.gui.screens.worldselection.WorldOpenFlows.openWorld(WorldOpenFlows.java:261) ~[client-1.21.1-20240808.144430-srg.jar%23257!/:?]
	at TRANSFORMER/minecraft@1.21.1/net.minecraft.client.gui.screens.worldselection.WorldSelectionList$WorldListEntry.joinWorld(WorldSelectionList.java:498) ~[client-1.21.1-20240808.144430-srg.jar%23257!/:?]
	at java.base/java.util.Optional.ifPresent(Optional.java:178) ~[?:?]
	at TRANSFORMER/minecraft@1.21.1/net.minecraft.client.gui.screens.worldselection.SelectWorldScreen.lambda$init$1(SelectWorldScreen.java:53) ~[client-1.21.1-20240808.144430-srg.jar%23257!/:?]
	at TRANSFORMER/minecraft@1.21.1/net.minecraft.client.gui.components.Button.onPress(Button.java:41) ~[client-1.21.1-20240808.144430-srg.jar%23257!/:?]
	at TRANSFORMER/minecraft@1.21.1/net.minecraft.client.gui.components.AbstractButton.onClick(AbstractButton.java:47) ~[client-1.21.1-20240808.144430-srg.jar%23257!/:?]
	at TRANSFORMER/neoforge@21.1.248/net.neoforged.neoforge.client.extensions.IAbstractWidgetExtension.onClick(IAbstractWidgetExtension.java:36) ~[neoforge-21.1.248-universal.jar%23258!/:?]
	at TRANSFORMER/minecraft@1.21.1/net.minecraft.client.gui.components.AbstractWidget.mouseClicked(AbstractWidget.java:144) ~[client-1.21.1-20240808.144430-srg.jar%23257!/:?]
	at TRANSFORMER/minecraft@1.21.1/net.minecraft.client.gui.components.events.ContainerEventHandler.mouseClicked(ContainerEventHandler.java:38) ~[client-1.21.1-20240808.144430-srg.jar%23257!/:?]
	at TRANSFORMER/minecraft@1.21.1/net.minecraft.client.MouseHandler.redirect$dhn000$create_stats$createStats$localMouseClicked(MouseHandler.java:4514) ~[client-1.21.1-20240808.144430-srg.jar%23257!/:?]
	at TRANSFORMER/minecraft@1.21.1/net.minecraft.client.MouseHandler.lambda$onPress$0(MouseHandler.java:98) ~[client-1.21.1-20240808.144430-srg.jar%23257!/:?]
	at TRANSFORMER/minecraft@1.21.1/net.minecraft.client.gui.screens.Screen.wrapScreenError(Screen.java:451) ~[client-1.21.1-20240808.144430-srg.jar%23257!/:?]
	at TRANSFORMER/minecraft@1.21.1/net.minecraft.client.MouseHandler.onPress(MouseHandler.java:95) ~[client-1.21.1-20240808.144430-srg.jar%23257!/:?]
	at TRANSFORMER/minecraft@1.21.1/net.minecraft.client.MouseHandler.lambda$setup$4(MouseHandler.java:202) ~[client-1.21.1-20240808.144430-srg.jar%23257!/:?]
	at TRANSFORMER/minecraft@1.21.1/net.minecraft.util.thread.BlockableEventLoop.execute(BlockableEventLoop.java:98) ~[client-1.21.1-20240808.144430-srg.jar%23257!/:?]
	at TRANSFORMER/minecraft@1.21.1/net.minecraft.client.MouseHandler.lambda$setup$5(MouseHandler.java:202) ~[client-1.21.1-20240808.144430-srg.jar%23257!/:?]
	at MC-BOOTSTRAP/org.lwjgl.glfw@3.3.3+5/org.lwjgl.glfw.GLFWMouseButtonCallbackI.callback(GLFWMouseButtonCallbackI.java:43) ~[lwjgl-glfw-3.3.3.jar%23173!/:build 5]
	at MC-BOOTSTRAP/org.lwjgl@3.3.3+5/org.lwjgl.system.JNI.invokeV(Native Method) ~[lwjgl-3.3.3.jar%23185!/:build 5]
	at MC-BOOTSTRAP/org.lwjgl.glfw@3.3.3+5/org.lwjgl.glfw.GLFW.glfwPollEvents(GLFW.java:3438) ~[lwjgl-glfw-3.3.3.jar%23173!/:build 5]
	at TRANSFORMER/minecraft@1.21.1/com.mojang.blaze3d.systems.RenderSystem.pollEvents(RenderSystem.java:134) ~[client-1.21.1-20240808.144430-srg.jar%23257!/:?]
	at TRANSFORMER/minecraft@1.21.1/com.mojang.blaze3d.systems.RenderSystem.flipFrame(RenderSystem.java:147) ~[client-1.21.1-20240808.144430-srg.jar%23257!/:?]
	at TRANSFORMER/minecraft@1.21.1/com.mojang.blaze3d.platform.Window.updateDisplay(Window.java:292) ~[client-1.21.1-20240808.144430-srg.jar%23257!/:?]
	at TRANSFORMER/minecraft@1.21.1/net.minecraft.client.Minecraft.runTick(Minecraft.java:1217) ~[client-1.21.1-20240808.144430-srg.jar%23257!/:?]
	at TRANSFORMER/minecraft@1.21.1/net.minecraft.client.Minecraft.run(Minecraft.java:807) ~[client-1.21.1-20240808.144430-srg.jar%23257!/:?]
	at TRANSFORMER/minecraft@1.21.1/net.minecraft.client.main.Main.main(Main.java:230) ~[client-1.21.1-20240808.144430-srg.jar%23257!/:?]
	at java.base/jdk.internal.reflect.DirectMethodHandleAccessor.invoke(DirectMethodHandleAccessor.java:103) ~[?:?]
	at java.base/java.lang.reflect.Method.invoke(Method.java:580) ~[?:?]
	at MC-BOOTSTRAP/fml_loader@4.0.43/net.neoforged.fml.loading.targets.CommonLaunchHandler.runTarget(CommonLaunchHandler.java:136) ~[loader-4.0.43.jar%23107!/:4.0]
	at MC-BOOTSTRAP/fml_loader@4.0.43/net.neoforged.fml.loading.targets.CommonLaunchHandler.clientService(CommonLaunchHandler.java:124) ~[loader-4.0.43.jar%23107!/:4.0]
	at MC-BOOTSTRAP/fml_loader@4.0.43/net.neoforged.fml.loading.targets.CommonClientLaunchHandler.runService(CommonClientLaunchHandler.java:32) ~[loader-4.0.43.jar%23107!/:4.0]
	at MC-BOOTSTRAP/fml_loader@4.0.43/net.neoforged.fml.loading.targets.CommonLaunchHandler.lambda$launchService$4(CommonLaunchHandler.java:118) ~[loader-4.0.43.jar%23107!/:4.0]
	at MC-BOOTSTRAP/cpw.mods.modlauncher@11.0.5/cpw.mods.modlauncher.LaunchServiceHandlerDecorator.launch(LaunchServiceHandlerDecorator.java:30) [modlauncher-11.0.5.jar%23112!/:?]
	at MC-BOOTSTRAP/cpw.mods.modlauncher@11.0.5/cpw.mods.modlauncher.LaunchServiceHandler.launch(LaunchServiceHandler.java:53) [modlauncher-11.0.5.jar%23112!/:?]
	at MC-BOOTSTRAP/cpw.mods.modlauncher@11.0.5/cpw.mods.modlauncher.LaunchServiceHandler.launch(LaunchServiceHandler.java:71) [modlauncher-11.0.5.jar%23112!/:?]
	at MC-BOOTSTRAP/cpw.mods.modlauncher@11.0.5/cpw.mods.modlauncher.Launcher.run(Launcher.java:103) [modlauncher-11.0.5.jar%23112!/:?]
	at MC-BOOTSTRAP/cpw.mods.modlauncher@11.0.5/cpw.mods.modlauncher.Launcher.main(Launcher.java:74) [modlauncher-11.0.5.jar%23112!/:?]
	at MC-BOOTSTRAP/cpw.mods.modlauncher@11.0.5/cpw.mods.modlauncher.BootstrapLaunchConsumer.accept(BootstrapLaunchConsumer.java:26) [modlauncher-11.0.5.jar%23112!/:?]
	at MC-BOOTSTRAP/cpw.mods.modlauncher@11.0.5/cpw.mods.modlauncher.BootstrapLaunchConsumer.accept(BootstrapLaunchConsumer.java:23) [modlauncher-11.0.5.jar%23112!/:?]
	at cpw.mods.bootstraplauncher@2.0.2/cpw.mods.bootstraplauncher.BootstrapLauncher.run(BootstrapLauncher.java:210) [bootstraplauncher-2.0.2.jar:?]
	at cpw.mods.bootstraplauncher@2.0.2/cpw.mods.bootstraplauncher.BootstrapLauncher.main(BootstrapLauncher.java:69) [bootstraplauncher-2.0.2.jar:?]
[11Aug2026 20:56:30.142] [Render thread/INFO] [Curios API/]: Loaded 13 curio slots
[11Aug2026 20:56:30.146] [Render thread/INFO] [Curios API/]: Loaded 1 curio entities
[11Aug2026 20:56:30.173] [Render thread/INFO] [com.drmangotea.tfmg.TFMG/]: Added 8 Engine Fuel Types
[11Aug2026 20:56:30.182] [Render thread/INFO] [placebo/]: Registered 0 gear_sets.
[11Aug2026 20:56:30.185] [Render thread/INFO] [placebo/]: Registered 0 wanderer_trades.
[11Aug2026 20:56:30.186] [Render thread/INFO] [placebo/]: Registered 0 brewing_mixes.
[11Aug2026 20:56:30.196] [Render thread/WARN] [net.minecraft.core.MappedRegistry/]: Not all defined tags for registry ResourceKey[minecraft:root / minecraft:item] are present in data pack: c:axe_heads, c:bootss, c:chestplates, c:guards, c:helmets, c:hoe_heads, c:leggingss, c:nuggets/emerald, c:pickaxe_heads, c:shovel_heads, c:storage_blocks/amethyst, c:sword_blades
[11Aug2026 20:56:30.214] [Render thread/WARN] [net.minecraft.core.MappedRegistry/]: Not all defined tags for registry ResourceKey[minecraft:root / irons_jewelry:pattern] are present in data pack: irons_jewelry:nether_findable
[11Aug2026 20:56:34.031] [Server thread/INFO] [net.minecraft.client.server.IntegratedServer/]: Starting integrated minecraft server version 1.21.1
[11Aug2026 20:56:34.031] [Server thread/INFO] [net.minecraft.server.MinecraftServer/]: Generating keypair
[11Aug2026 20:56:34.148] [Server thread/INFO] [spark/]: Starting background profiler...
[11Aug2026 20:56:34.160] [Server thread/INFO] [spark/]: The async-profiler engine is not supported for your os/arch (windows10/amd64), so the built-in Java engine will be used instead.
[11Aug2026 20:56:34.268] [Server thread/INFO] [dev.ryanhcode.sable.Sable/]: Creating physics pipeline for ResourceKey[minecraft:dimension / minecraft:overworld] using RapierPhysicsPipelineProvider
[11Aug2026 20:56:34.931] [Server thread/INFO] [dev.ryanhcode.sable.Sable/]: Creating physics pipeline for ResourceKey[minecraft:dimension / minecraft:the_nether] using RapierPhysicsPipelineProvider
[11Aug2026 20:56:36.109] [Server thread/INFO] [dev.ryanhcode.sable.Sable/]: Creating physics pipeline for ResourceKey[minecraft:dimension / irons_spellbooks:pocket_dimension] using RapierPhysicsPipelineProvider
[11Aug2026 20:56:36.149] [Server thread/INFO] [dev.ryanhcode.sable.Sable/]: Creating physics pipeline for ResourceKey[minecraft:dimension / minecraft:the_end] using RapierPhysicsPipelineProvider
[11Aug2026 20:56:36.185] [Server thread/INFO] [net.minecraft.server.MinecraftServer/]: Preparing start region for dimension minecraft:overworld
[11Aug2026 20:56:36.451] [Render thread/INFO] [net.minecraft.server.level.progress.LoggerChunkProgressListener/]: Preparing spawn area: 0%
[11Aug2026 20:56:36.569] [Server thread/INFO] [net.neoforged.neoforge.server.permission.PermissionAPI/]: Successfully initialized permission handler neoforge:default_handler
[11Aug2026 20:56:36.583] [Render thread/INFO] [net.minecraft.server.level.progress.LoggerChunkProgressListener/]: Time elapsed: 386 ms
[11Aug2026 20:56:36.682] [Server thread/INFO] [patchouli/]: Sending reload packet to clients
[11Aug2026 20:56:36.718] [VoiceChatServerThread/INFO] [voicechat/]: [voicechat] Voice chat server started at port 59511
[11Aug2026 20:56:36.782] [Server thread/INFO] [immersiveengineering/]: Couldn't fully analyze 1 irons_spellbooks:paladin_chestplate, missing knowledge for {1 irons_spellbooks:priest_chestplate=1.0}
[11Aug2026 20:56:36.782] [Server thread/INFO] [immersiveengineering/]: Couldn't fully analyze 1 create_stats:pilot_helmet, missing knowledge for {1 minecraft:diamond_helmet=1.0}
[11Aug2026 20:56:36.783] [Server thread/INFO] [immersiveengineering/]: Couldn't fully analyze 1 irons_spellbooks:infernal_sorcerer_chestplate, missing knowledge for {1 irons_spellbooks:pyromancer_chestplate=1.0}
[11Aug2026 20:56:36.783] [Server thread/INFO] [immersiveengineering/]: Finished recipe profiler for Arc Recycling, took 69 milliseconds
[11Aug2026 20:56:36.934] [Server thread/INFO] [net.minecraft.client.server.IntegratedServer/]: Changing view distance to 12, from 10
[11Aug2026 20:56:36.935] [Server thread/INFO] [net.minecraft.client.server.IntegratedServer/]: Changing simulation distance to 12, from 0
[11Aug2026 20:56:37.080] [Render thread/INFO] [dev.ryanhcode.sable.Sable/]: Adding local UDP server channel future
[11Aug2026 20:56:37.098] [Render thread/WARN] [io.netty.bootstrap.Bootstrap/]: Unknown channel option 'SO_BROADCAST' for channel '[id: 0xf5721d48]'
[11Aug2026 20:56:37.109] [Netty Server IO #1/INFO] [dev.ryanhcode.sable.Sable/]: Server UDP channel active
[11Aug2026 20:56:37.140] [Render thread/INFO] [dev.ryanhcode.sable.Sable/]: Starting local client UDP channel future
[11Aug2026 20:56:37.143] [Netty Local Client IO #1/INFO] [dev.ryanhcode.sable.Sable/]: Client UDP channel active
[11Aug2026 20:56:37.512] [Render thread/INFO] [com.simibubi.create.Create/]: Created 157 recipes which will be injected into the game
[11Aug2026 20:56:37.514] [Render thread/INFO] [com.simibubi.create.Create/]: Created 0 tags which will be injected into the game
[11Aug2026 20:56:37.515] [Render thread/INFO] [plus.dragons.createdragonsplus.data.runtime.RuntimePackResources/]: Starting provider [plus.dragons.createdragonsplus.data.internal.CDPRuntimeRecipeProvider@18759ed] for runtime resource [create_dragons_plus:runtime]
[11Aug2026 20:56:37.524] [Render thread/INFO] [plus.dragons.createdragonsplus.data.runtime.RuntimePackResources/]: plus.dragons.createdragonsplus.data.internal.CDPRuntimeRecipeProvider@18759ed finished after 8 ms
[11Aug2026 20:56:37.535] [Render thread/INFO] [tacz/GunPackFinder]: Start scanning for gun packs in C:\Users\jackc\curseforge\minecraft\Instances\Vindicterra Modded\tacz
[11Aug2026 20:56:37.536] [Render thread/INFO] [tacz/GunPackFinder]: - Create Armorer-v1.2.0.1-for117.zip, Main namespace: create_armorer
[11Aug2026 20:56:37.536] [Render thread/INFO] [tacz/GunPackFinder]: - tacz_default_gun, Main namespace: tacz
[11Aug2026 20:56:37.537] [Render thread/INFO] [tacz/GunPackFinder]: Found 2 possible gunpack(s) and added them to resource set.
[11Aug2026 20:56:37.982] [Server thread/INFO] [net.minecraft.server.players.PlayerList/]: _MrSeven[local:E:ba8963de] logged in with entity id 68 at (-37.5, 70.0, 56.5)
[11Aug2026 20:56:37.989] [Server thread/INFO] [dev.ryanhcode.sable.Sable/]: Beginning attempted authentication with player _MrSeven
[11Aug2026 20:56:37.992] [Server thread/INFO] [dev.lopyluna.slag.SlagEmbers/]: Loaded 22 materials from datapack registry
[11Aug2026 20:56:37.993] [Server thread/INFO] [dev.lopyluna.slag.SlagEmbers/]: Loaded 11 parts from datapack registry
[11Aug2026 20:56:38.120] [Server thread/INFO] [net.minecraft.server.MinecraftServer/]: _MrSeven joined the game
[11Aug2026 20:56:38.165] [Server thread/INFO] [dev.lopyluna.slag.SlagEmbers/]: Syncing player _MrSeven
[11Aug2026 20:56:38.209] [Render thread/INFO] [ChunkBuilder/]: Started 6 worker threads
[11Aug2026 20:56:38.244] [Netty Server IO #2/INFO] [immersiveengineering/]: Recipes for potions: irons_spellbooks:instant_mana_two, irons_spellbooks:instant_mana_three, minecraft:weaving, minecraft:strong_regeneration, minecraft:strong_strength, minecraft:oozing, minecraft:strong_leaping, minecraft:long_weakness, minecraft:harming, minecraft:turtle_master, minecraft:strong_healing, minecraft:leaping, minecraft:strong_swiftness, minecraft:regeneration, minecraft:wind_charged, minecraft:long_invisibility, irons_spellbooks:instant_mana_four, minecraft:poison, minecraft:infested, minecraft:healing, minecraft:strength, minecraft:strong_slowness, minecraft:night_vision, minecraft:long_turtle_master, minecraft:weakness, irons_spellbooks:instant_mana_one, minecraft:long_poison, minecraft:long_strength, minecraft:strong_turtle_master, minecraft:long_water_breathing, minecraft:awkward, minecraft:slowness, minecraft:swiftness, minecraft:long_swiftness, minecraft:water, minecraft:long_slow_falling, minecraft:slow_falling, minecraft:fire_resistance, minecraft:long_night_vision, minecraft:strong_harming, minecraft:long_fire_resistance, minecraft:water_breathing, minecraft:strong_poison, minecraft:long_regeneration, minecraft:invisibility, minecraft:long_leaping, minecraft:long_slowness
[11Aug2026 20:56:38.286] [Render thread/INFO] [io.redspace.atlasapi.AtlasApi/]: Atlas irons_jewelry:atlas/jewelry: Building custom contents start
[11Aug2026 20:56:38.333] [Render thread/INFO] [net.minecraft.client.renderer.texture.TextureAtlas/]: Created: 1024x512x0 irons_jewelry:atlas/jewelry-atlas
[11Aug2026 20:56:38.339] [Render thread/INFO] [io.redspace.atlasapi.AtlasApi/]: Built Atlas: irons_jewelry:atlas/jewelry (1024x512, 1081 sprites, 53 ms)
[11Aug2026 20:56:38.340] [Render thread/INFO] [voicechat/]: [voicechat] Sending secret request to the server
[11Aug2026 20:56:38.355] [Render thread/INFO] [flywheel/]: Started 6 worker threads
[11Aug2026 20:56:38.377] [Render thread/WARN] [tacz/]: Failed to parse data from network for BLOCK_DATA with id create_armorer:create_workbench
com.google.gson.JsonSyntaxException: java.lang.IllegalStateException: No key id in MapLike[{"item":"tacz:modern_kinetic_gun","nbt":{"GunId":"create_armorer:pistol_revolver_torque"}}]
	at MC-BOOTSTRAP/com.google.gson@2.10.1/com.google.gson.internal.bind.ReflectiveTypeAdapterFactory$Adapter.read(ReflectiveTypeAdapterFactory.java:397) ~[gson-2.10.1.jar%23142!/:?]
	at MC-BOOTSTRAP/com.google.gson@2.10.1/com.google.gson.Gson.fromJson(Gson.java:1227) ~[gson-2.10.1.jar%23142!/:?]
	at MC-BOOTSTRAP/com.google.gson@2.10.1/com.google.gson.Gson.fromJson(Gson.java:1137) ~[gson-2.10.1.jar%23142!/:?]
	at MC-BOOTSTRAP/com.google.gson@2.10.1/com.google.gson.Gson.fromJson(Gson.java:1047) ~[gson-2.10.1.jar%23142!/:?]
	at MC-BOOTSTRAP/com.google.gson@2.10.1/com.google.gson.Gson.fromJson(Gson.java:982) ~[gson-2.10.1.jar%23142!/:?]
	at TRANSFORMER/tacz@1.1.8-hotfix-r6/com.tacz.guns.resource.network.CommonNetworkCache.parse(CommonNetworkCache.java:162) ~[tacz-neoforge-1.21.1-1.1.8-hotfix-r6.jar%23327!/:?]
	at TRANSFORMER/tacz@1.1.8-hotfix-r6/com.tacz.guns.resource.network.CommonNetworkCache.fromNetwork(CommonNetworkCache.java:215) ~[tacz-neoforge-1.21.1-1.1.8-hotfix-r6.jar%23327!/:?]
	at TRANSFORMER/tacz@1.1.8-hotfix-r6/com.tacz.guns.resource.network.CommonNetworkCache.fromNetwork(CommonNetworkCache.java:152) ~[tacz-neoforge-1.21.1-1.1.8-hotfix-r6.jar%23327!/:?]
	at TRANSFORMER/tacz@1.1.8-hotfix-r6/com.tacz.guns.network.message.ServerMessageSyncGunPack.doSync(ServerMessageSyncGunPack.java:60) ~[tacz-neoforge-1.21.1-1.1.8-hotfix-r6.jar%23327!/:?]
	at TRANSFORMER/tacz@1.1.8-hotfix-r6/com.tacz.guns.network.message.ServerMessageSyncGunPack.lambda$handle$0(ServerMessageSyncGunPack.java:46) ~[tacz-neoforge-1.21.1-1.1.8-hotfix-r6.jar%23327!/:?]
	at TRANSFORMER/neoforge@21.1.248/net.neoforged.neoforge.network.handling.ClientPayloadContext.enqueueWork(ClientPayloadContext.java:31) ~[neoforge-21.1.248-universal.jar%23258!/:?]
	at TRANSFORMER/tacz@1.1.8-hotfix-r6/com.tacz.guns.network.message.ServerMessageSyncGunPack.handle(ServerMessageSyncGunPack.java:44) ~[tacz-neoforge-1.21.1-1.1.8-hotfix-r6.jar%23327!/:?]
	at TRANSFORMER/neoforge@21.1.248/net.neoforged.neoforge.network.handling.MainThreadPayloadHandler.lambda$handle$0(MainThreadPayloadHandler.java:16) ~[neoforge-21.1.248-universal.jar%23258!/:?]
	at TRANSFORMER/minecraft@1.21.1/net.minecraft.util.thread.BlockableEventLoop.lambda$submitAsync$0(BlockableEventLoop.java:60) ~[client-1.21.1-20240808.144430-srg.jar%23257!/:?]
	at java.base/java.util.concurrent.CompletableFuture$AsyncSupply.run(CompletableFuture.java:1768) ~[?:?]
	at TRANSFORMER/minecraft@1.21.1/net.minecraft.util.thread.BlockableEventLoop.doRunTask(BlockableEventLoop.java:148) ~[client-1.21.1-20240808.144430-srg.jar%23257!/:?]
	at TRANSFORMER/minecraft@1.21.1/net.minecraft.util.thread.ReentrantBlockableEventLoop.doRunTask(ReentrantBlockableEventLoop.java:23) ~[client-1.21.1-20240808.144430-srg.jar%23257!/:?]
	at TRANSFORMER/minecraft@1.21.1/net.minecraft.util.thread.BlockableEventLoop.pollTask(BlockableEventLoop.java:122) ~[client-1.21.1-20240808.144430-srg.jar%23257!/:?]
	at TRANSFORMER/minecraft@1.21.1/net.minecraft.util.thread.BlockableEventLoop.runAllTasks(BlockableEventLoop.java:111) ~[client-1.21.1-20240808.144430-srg.jar%23257!/:?]
	at TRANSFORMER/minecraft@1.21.1/net.minecraft.client.Minecraft.runTick(Minecraft.java:1155) ~[client-1.21.1-20240808.144430-srg.jar%23257!/:?]
	at TRANSFORMER/minecraft@1.21.1/net.minecraft.client.Minecraft.run(Minecraft.java:807) ~[client-1.21.1-20240808.144430-srg.jar%23257!/:?]
	at TRANSFORMER/minecraft@1.21.1/net.minecraft.client.main.Main.main(Main.java:230) ~[client-1.21.1-20240808.144430-srg.jar%23257!/:?]
	at java.base/jdk.internal.reflect.DirectMethodHandleAccessor.invoke(DirectMethodHandleAccessor.java:103) ~[?:?]
	at java.base/java.lang.reflect.Method.invoke(Method.java:580) ~[?:?]
	at MC-BOOTSTRAP/fml_loader@4.0.43/net.neoforged.fml.loading.targets.CommonLaunchHandler.runTarget(CommonLaunchHandler.java:136) ~[loader-4.0.43.jar%23107!/:4.0]
	at MC-BOOTSTRAP/fml_loader@4.0.43/net.neoforged.fml.loading.targets.CommonLaunchHandler.clientService(CommonLaunchHandler.java:124) ~[loader-4.0.43.jar%23107!/:4.0]
	at MC-BOOTSTRAP/fml_loader@4.0.43/net.neoforged.fml.loading.targets.CommonClientLaunchHandler.runService(CommonClientLaunchHandler.java:32) ~[loader-4.0.43.jar%23107!/:4.0]
	at MC-BOOTSTRAP/fml_loader@4.0.43/net.neoforged.fml.loading.targets.CommonLaunchHandler.lambda$launchService$4(CommonLaunchHandler.java:118) ~[loader-4.0.43.jar%23107!/:4.0]
	at MC-BOOTSTRAP/cpw.mods.modlauncher@11.0.5/cpw.mods.modlauncher.LaunchServiceHandlerDecorator.launch(LaunchServiceHandlerDecorator.java:30) [modlauncher-11.0.5.jar%23112!/:?]
	at MC-BOOTSTRAP/cpw.mods.modlauncher@11.0.5/cpw.mods.modlauncher.LaunchServiceHandler.launch(LaunchServiceHandler.java:53) [modlauncher-11.0.5.jar%23112!/:?]
	at MC-BOOTSTRAP/cpw.mods.modlauncher@11.0.5/cpw.mods.modlauncher.LaunchServiceHandler.launch(LaunchServiceHandler.java:71) [modlauncher-11.0.5.jar%23112!/:?]
	at MC-BOOTSTRAP/cpw.mods.modlauncher@11.0.5/cpw.mods.modlauncher.Launcher.run(Launcher.java:103) [modlauncher-11.0.5.jar%23112!/:?]
	at MC-BOOTSTRAP/cpw.mods.modlauncher@11.0.5/cpw.mods.modlauncher.Launcher.main(Launcher.java:74) [modlauncher-11.0.5.jar%23112!/:?]
	at MC-BOOTSTRAP/cpw.mods.modlauncher@11.0.5/cpw.mods.modlauncher.BootstrapLaunchConsumer.accept(BootstrapLaunchConsumer.java:26) [modlauncher-11.0.5.jar%23112!/:?]
	at MC-BOOTSTRAP/cpw.mods.modlauncher@11.0.5/cpw.mods.modlauncher.BootstrapLaunchConsumer.accept(BootstrapLaunchConsumer.java:23) [modlauncher-11.0.5.jar%23112!/:?]
	at cpw.mods.bootstraplauncher@2.0.2/cpw.mods.bootstraplauncher.BootstrapLauncher.run(BootstrapLauncher.java:210) [bootstraplauncher-2.0.2.jar:?]
	at cpw.mods.bootstraplauncher@2.0.2/cpw.mods.bootstraplauncher.BootstrapLauncher.main(BootstrapLauncher.java:69) [bootstraplauncher-2.0.2.jar:?]
Caused by: java.lang.IllegalStateException: No key id in MapLike[{"item":"tacz:modern_kinetic_gun","nbt":{"GunId":"create_armorer:pistol_revolver_torque"}}]
	at MC-BOOTSTRAP/datafixerupper@8.0.16/com.mojang.serialization.DataResult$Error.getOrThrow(DataResult.java:287) ~[datafixerupper-8.0.16.jar%23150!/:?]
	at MC-BOOTSTRAP/datafixerupper@8.0.16/com.mojang.serialization.DataResult.getOrThrow(DataResult.java:81) ~[datafixerupper-8.0.16.jar%23150!/:?]
	at TRANSFORMER/tacz@1.1.8-hotfix-r6/com.tacz.guns.resource.pojo.data.block.TabConfig$Deserializer.deserialize(TabConfig.java:70) ~[tacz-neoforge-1.21.1-1.1.8-hotfix-r6.jar%23327!/:?]
	at TRANSFORMER/tacz@1.1.8-hotfix-r6/com.tacz.guns.resource.pojo.data.block.TabConfig$Deserializer.deserialize(TabConfig.java:59) ~[tacz-neoforge-1.21.1-1.1.8-hotfix-r6.jar%23327!/:?]
	at MC-BOOTSTRAP/com.google.gson@2.10.1/com.google.gson.internal.bind.TreeTypeAdapter.read(TreeTypeAdapter.java:76) ~[gson-2.10.1.jar%23142!/:?]
	at MC-BOOTSTRAP/com.google.gson@2.10.1/com.google.gson.internal.bind.TypeAdapterRuntimeTypeWrapper.read(TypeAdapterRuntimeTypeWrapper.java:40) ~[gson-2.10.1.jar%23142!/:?]
	at MC-BOOTSTRAP/com.google.gson@2.10.1/com.google.gson.internal.bind.CollectionTypeAdapterFactory$Adapter.read(CollectionTypeAdapterFactory.java:82) ~[gson-2.10.1.jar%23142!/:?]
	at MC-BOOTSTRAP/com.google.gson@2.10.1/com.google.gson.internal.bind.CollectionTypeAdapterFactory$Adapter.read(CollectionTypeAdapterFactory.java:61) ~[gson-2.10.1.jar%23142!/:?]
	at MC-BOOTSTRAP/com.google.gson@2.10.1/com.google.gson.internal.bind.ReflectiveTypeAdapterFactory$1.readIntoField(ReflectiveTypeAdapterFactory.java:212) ~[gson-2.10.1.jar%23142!/:?]
	at MC-BOOTSTRAP/com.google.gson@2.10.1/com.google.gson.internal.bind.ReflectiveTypeAdapterFactory$FieldReflectionAdapter.readField(ReflectiveTypeAdapterFactory.java:433) ~[gson-2.10.1.jar%23142!/:?]
	at MC-BOOTSTRAP/com.google.gson@2.10.1/com.google.gson.internal.bind.ReflectiveTypeAdapterFactory$Adapter.read(ReflectiveTypeAdapterFactory.java:393) ~[gson-2.10.1.jar%23142!/:?]
	... 36 more
[11Aug2026 20:56:38.449] [Server thread/INFO] [dev.lopyluna.slag.SlagEmbers/]: Syncing player _MrSeven
[11Aug2026 20:56:38.449] [Server thread/INFO] [dev.lopyluna.slag.SlagEmbers/]: Synced material registry to all players
[11Aug2026 20:56:38.453] [Render thread/WARN] [tacz/]: Failed to parse data from network for BLOCK_INDEX with id create_armorer:create_workbench
com.google.gson.JsonParseException: there is no corresponding data file
	at TRANSFORMER/tacz@1.1.8-hotfix-r6/com.tacz.guns.resource.serialize.CommonBlockIndexSerializer.deserialize(CommonBlockIndexSerializer.java:19) ~[tacz-neoforge-1.21.1-1.1.8-hotfix-r6.jar%23327!/:?]
	at TRANSFORMER/tacz@1.1.8-hotfix-r6/com.tacz.guns.resource.serialize.CommonBlockIndexSerializer.deserialize(CommonBlockIndexSerializer.java:12) ~[tacz-neoforge-1.21.1-1.1.8-hotfix-r6.jar%23327!/:?]
	at MC-BOOTSTRAP/com.google.gson@2.10.1/com.google.gson.internal.bind.TreeTypeAdapter.read(TreeTypeAdapter.java:76) ~[gson-2.10.1.jar%23142!/:?]
	at MC-BOOTSTRAP/com.google.gson@2.10.1/com.google.gson.Gson.fromJson(Gson.java:1227) ~[gson-2.10.1.jar%23142!/:?]
	at MC-BOOTSTRAP/com.google.gson@2.10.1/com.google.gson.Gson.fromJson(Gson.java:1137) ~[gson-2.10.1.jar%23142!/:?]
	at MC-BOOTSTRAP/com.google.gson@2.10.1/com.google.gson.Gson.fromJson(Gson.java:1047) ~[gson-2.10.1.jar%23142!/:?]
	at MC-BOOTSTRAP/com.google.gson@2.10.1/com.google.gson.Gson.fromJson(Gson.java:982) ~[gson-2.10.1.jar%23142!/:?]
	at TRANSFORMER/tacz@1.1.8-hotfix-r6/com.tacz.guns.resource.network.CommonNetworkCache.parse(CommonNetworkCache.java:162) ~[tacz-neoforge-1.21.1-1.1.8-hotfix-r6.jar%23327!/:?]
	at TRANSFORMER/tacz@1.1.8-hotfix-r6/com.tacz.guns.resource.network.CommonNetworkCache.fromNetwork(CommonNetworkCache.java:213) ~[tacz-neoforge-1.21.1-1.1.8-hotfix-r6.jar%23327!/:?]
	at TRANSFORMER/tacz@1.1.8-hotfix-r6/com.tacz.guns.resource.network.CommonNetworkCache.fromNetwork(CommonNetworkCache.java:156) ~[tacz-neoforge-1.21.1-1.1.8-hotfix-r6.jar%23327!/:?]
	at TRANSFORMER/tacz@1.1.8-hotfix-r6/com.tacz.guns.network.message.ServerMessageSyncGunPack.doSync(ServerMessageSyncGunPack.java:60) ~[tacz-neoforge-1.21.1-1.1.8-hotfix-r6.jar%23327!/:?]
	at TRANSFORMER/tacz@1.1.8-hotfix-r6/com.tacz.guns.network.message.ServerMessageSyncGunPack.lambda$handle$0(ServerMessageSyncGunPack.java:46) ~[tacz-neoforge-1.21.1-1.1.8-hotfix-r6.jar%23327!/:?]
	at TRANSFORMER/neoforge@21.1.248/net.neoforged.neoforge.network.handling.ClientPayloadContext.enqueueWork(ClientPayloadContext.java:31) ~[neoforge-21.1.248-universal.jar%23258!/:?]
	at TRANSFORMER/tacz@1.1.8-hotfix-r6/com.tacz.guns.network.message.ServerMessageSyncGunPack.handle(ServerMessageSyncGunPack.java:44) ~[tacz-neoforge-1.21.1-1.1.8-hotfix-r6.jar%23327!/:?]
	at TRANSFORMER/neoforge@21.1.248/net.neoforged.neoforge.network.handling.MainThreadPayloadHandler.lambda$handle$0(MainThreadPayloadHandler.java:16) ~[neoforge-21.1.248-universal.jar%23258!/:?]
	at TRANSFORMER/minecraft@1.21.1/net.minecraft.util.thread.BlockableEventLoop.lambda$submitAsync$0(BlockableEventLoop.java:60) ~[client-1.21.1-20240808.144430-srg.jar%23257!/:?]
	at java.base/java.util.concurrent.CompletableFuture$AsyncSupply.run(CompletableFuture.java:1768) ~[?:?]
	at TRANSFORMER/minecraft@1.21.1/net.minecraft.util.thread.BlockableEventLoop.doRunTask(BlockableEventLoop.java:148) ~[client-1.21.1-20240808.144430-srg.jar%23257!/:?]
	at TRANSFORMER/minecraft@1.21.1/net.minecraft.util.thread.ReentrantBlockableEventLoop.doRunTask(ReentrantBlockableEventLoop.java:23) ~[client-1.21.1-20240808.144430-srg.jar%23257!/:?]
	at TRANSFORMER/minecraft@1.21.1/net.minecraft.util.thread.BlockableEventLoop.pollTask(BlockableEventLoop.java:122) ~[client-1.21.1-20240808.144430-srg.jar%23257!/:?]
	at TRANSFORMER/minecraft@1.21.1/net.minecraft.util.thread.BlockableEventLoop.runAllTasks(BlockableEventLoop.java:111) ~[client-1.21.1-20240808.144430-srg.jar%23257!/:?]
	at TRANSFORMER/minecraft@1.21.1/net.minecraft.client.Minecraft.runTick(Minecraft.java:1155) ~[client-1.21.1-20240808.144430-srg.jar%23257!/:?]
	at TRANSFORMER/minecraft@1.21.1/net.minecraft.client.Minecraft.run(Minecraft.java:807) ~[client-1.21.1-20240808.144430-srg.jar%23257!/:?]
	at TRANSFORMER/minecraft@1.21.1/net.minecraft.client.main.Main.main(Main.java:230) ~[client-1.21.1-20240808.144430-srg.jar%23257!/:?]
	at java.base/jdk.internal.reflect.DirectMethodHandleAccessor.invoke(DirectMethodHandleAccessor.java:103) ~[?:?]
	at java.base/java.lang.reflect.Method.invoke(Method.java:580) ~[?:?]
	at MC-BOOTSTRAP/fml_loader@4.0.43/net.neoforged.fml.loading.targets.CommonLaunchHandler.runTarget(CommonLaunchHandler.java:136) ~[loader-4.0.43.jar%23107!/:4.0]
	at MC-BOOTSTRAP/fml_loader@4.0.43/net.neoforged.fml.loading.targets.CommonLaunchHandler.clientService(CommonLaunchHandler.java:124) ~[loader-4.0.43.jar%23107!/:4.0]
	at MC-BOOTSTRAP/fml_loader@4.0.43/net.neoforged.fml.loading.targets.CommonClientLaunchHandler.runService(CommonClientLaunchHandler.java:32) ~[loader-4.0.43.jar%23107!/:4.0]
	at MC-BOOTSTRAP/fml_loader@4.0.43/net.neoforged.fml.loading.targets.CommonLaunchHandler.lambda$launchService$4(CommonLaunchHandler.java:118) ~[loader-4.0.43.jar%23107!/:4.0]
	at MC-BOOTSTRAP/cpw.mods.modlauncher@11.0.5/cpw.mods.modlauncher.LaunchServiceHandlerDecorator.launch(LaunchServiceHandlerDecorator.java:30) [modlauncher-11.0.5.jar%23112!/:?]
	at MC-BOOTSTRAP/cpw.mods.modlauncher@11.0.5/cpw.mods.modlauncher.LaunchServiceHandler.launch(LaunchServiceHandler.java:53) [modlauncher-11.0.5.jar%23112!/:?]
	at MC-BOOTSTRAP/cpw.mods.modlauncher@11.0.5/cpw.mods.modlauncher.LaunchServiceHandler.launch(LaunchServiceHandler.java:71) [modlauncher-11.0.5.jar%23112!/:?]
	at MC-BOOTSTRAP/cpw.mods.modlauncher@11.0.5/cpw.mods.modlauncher.Launcher.run(Launcher.java:103) [modlauncher-11.0.5.jar%23112!/:?]
	at MC-BOOTSTRAP/cpw.mods.modlauncher@11.0.5/cpw.mods.modlauncher.Launcher.main(Launcher.java:74) [modlauncher-11.0.5.jar%23112!/:?]
	at MC-BOOTSTRAP/cpw.mods.modlauncher@11.0.5/cpw.mods.modlauncher.BootstrapLaunchConsumer.accept(BootstrapLaunchConsumer.java:26) [modlauncher-11.0.5.jar%23112!/:?]
	at MC-BOOTSTRAP/cpw.mods.modlauncher@11.0.5/cpw.mods.modlauncher.BootstrapLaunchConsumer.accept(BootstrapLaunchConsumer.java:23) [modlauncher-11.0.5.jar%23112!/:?]
	at cpw.mods.bootstraplauncher@2.0.2/cpw.mods.bootstraplauncher.BootstrapLauncher.run(BootstrapLauncher.java:210) [bootstraplauncher-2.0.2.jar:?]
	at cpw.mods.bootstraplauncher@2.0.2/cpw.mods.bootstraplauncher.BootstrapLauncher.main(BootstrapLauncher.java:69) [bootstraplauncher-2.0.2.jar:?]
[11Aug2026 20:56:38.469] [Render thread/INFO] [io.redspace.ironsspellbooks.IronsSpellbooks/]: Handling spell config sync 0 files
[11Aug2026 20:56:38.475] [Render thread/INFO] [placebo/]: Starting sync for brewing_mixes
[11Aug2026 20:56:38.476] [Render thread/INFO] [placebo/]: Registered 0 brewing_mixes.
[11Aug2026 20:56:38.476] [Render thread/INFO] [placebo/]: Completed sync for brewing_mixes
[11Aug2026 20:56:38.838] [Render thread/INFO] [Veil/]: Multi-Bind supported, using core
[11Aug2026 20:56:38.947] [Render thread/WARN] [net.minecraft.client.ClientRecipeBook/]: Unknown recipe category: create_winery:maturing/create_winery:cider_recipe
[11Aug2026 20:56:38.948] [Render thread/WARN] [net.minecraft.client.ClientRecipeBook/]: Unknown recipe category: create_winery:maturing/create_winery:merlot_recipe
[11Aug2026 20:56:38.949] [Render thread/WARN] [net.minecraft.client.ClientRecipeBook/]: Unknown recipe category: create_winery:maturing/create_winery:pinot_noir_recipe
[11Aug2026 20:56:38.949] [Render thread/WARN] [net.minecraft.client.ClientRecipeBook/]: Unknown recipe category: create_winery:maturing/create_winery:cabernet_sauvignon_recipe
[11Aug2026 20:56:38.949] [Render thread/WARN] [net.minecraft.client.ClientRecipeBook/]: Unknown recipe category: create_winery:maturing/create_winery:chardonnay_recipe
[11Aug2026 20:56:38.949] [Render thread/WARN] [net.minecraft.client.ClientRecipeBook/]: Unknown recipe category: create_winery:maturing/create_winery:zinfandel_recipe
[11Aug2026 20:56:38.949] [Render thread/WARN] [net.minecraft.client.ClientRecipeBook/]: Unknown recipe category: create_winery:maturing/create_winery:champaign_recipe
[11Aug2026 20:56:38.949] [Render thread/WARN] [net.minecraft.client.ClientRecipeBook/]: Unknown recipe category: create_winery:maturing/create_winery:bordeaux_recipe
[11Aug2026 20:56:38.949] [Render thread/WARN] [net.minecraft.client.ClientRecipeBook/]: Unknown recipe category: create_winery:maturing/create_winery:riesling_recipe
[11Aug2026 20:56:38.962] [Render thread/WARN] [net.minecraft.client.ClientRecipeBook/]: Unknown recipe category: create_winery:maturing_blend/create_winery:rose_recipe_2
[11Aug2026 20:56:38.962] [Render thread/WARN] [net.minecraft.client.ClientRecipeBook/]: Unknown recipe category: create_winery:maturing_blend/create_winery:rose_recipe
[11Aug2026 20:56:39.039] [Render thread/INFO] [mezz.jei.core.util.LoggedTimer/]: Starting JEI...
[11Aug2026 20:56:39.047] [Render thread/INFO] [mezz.jei.library.load.PluginCaller/]: Registering item subtypes...
[11Aug2026 20:56:39.061] [Render thread/INFO] [mezz.jei.library.load.PluginCaller/]: Registering item subtypes took 13.49 milliseconds
[11Aug2026 20:56:39.061] [Render thread/INFO] [mezz.jei.library.load.PluginCaller/]: Registering fluid subtypes...
[11Aug2026 20:56:39.063] [Render thread/ERROR] [mezz.jei.library.load.registration.SubtypeRegistration/]: An interpreter is already registered for this: create:potion
java.lang.IllegalArgumentException: null
	at TRANSFORMER/jei@19.27.0.336/mezz.jei.library.load.registration.SubtypeRegistration.registerSubtypeInterpreter(SubtypeRegistration.java:26) ~[jei-1.21.1-neoforge-19.27.0.336.jar%23305!/:19.27.0.336]
	at TRANSFORMER/create@6.0.10/com.simibubi.create.compat.jei.CreateJEI.registerFluidSubtypes(CreateJEI.java:364) ~[create-1.21.1-6.0.10.jar%23273!/:6.0.10]
	at TRANSFORMER/jei@19.27.0.336/mezz.jei.library.load.PluginLoader.lambda$registerSubtypes$1(PluginLoader.java:74) ~[jei-1.21.1-neoforge-19.27.0.336.jar%23305!/:19.27.0.336]
	at TRANSFORMER/jei@19.27.0.336/mezz.jei.library.load.PluginCaller.callOnPlugins(PluginCaller.java:26) ~[jei-1.21.1-neoforge-19.27.0.336.jar%23305!/:19.27.0.336]
	at TRANSFORMER/jei@19.27.0.336/mezz.jei.library.load.PluginLoader.registerSubtypes(PluginLoader.java:73) ~[jei-1.21.1-neoforge-19.27.0.336.jar%23305!/:19.27.0.336]
	at TRANSFORMER/jei@19.27.0.336/mezz.jei.library.startup.JeiStarter.start(JeiStarter.java:112) ~[jei-1.21.1-neoforge-19.27.0.336.jar%23305!/:19.27.0.336]
	at TRANSFORMER/jei@19.27.0.336/mezz.jei.neoforge.startup.StartEventObserver.transitionState(StartEventObserver.java:175) ~[jei-1.21.1-neoforge-19.27.0.336.jar%23305!/:19.27.0.336]
	at TRANSFORMER/jei@19.27.0.336/mezz.jei.neoforge.startup.StartEventObserver.onEvent(StartEventObserver.java:120) ~[jei-1.21.1-neoforge-19.27.0.336.jar%23305!/:19.27.0.336]
	at MC-BOOTSTRAP/net.neoforged.bus/net.neoforged.bus.ConsumerEventHandler.invoke(ConsumerEventHandler.java:27) ~[bus-8.0.5.jar%23110!/:?]
	at MC-BOOTSTRAP/net.neoforged.bus/net.neoforged.bus.EventBus.post(EventBus.java:360) ~[bus-8.0.5.jar%23110!/:?]
	at MC-BOOTSTRAP/net.neoforged.bus/net.neoforged.bus.EventBus.post(EventBus.java:328) ~[bus-8.0.5.jar%23110!/:?]
	at TRANSFORMER/neoforge@21.1.248/net.neoforged.neoforge.client.ClientHooks.onRecipesUpdated(ClientHooks.java:664) ~[neoforge-21.1.248-universal.jar%23258!/:?]
	at TRANSFORMER/minecraft@1.21.1/net.minecraft.client.multiplayer.ClientPacketListener.handleUpdateRecipes(ClientPacketListener.java:1506) ~[client-1.21.1-20240808.144430-srg.jar%23257!/:?]
	at TRANSFORMER/minecraft@1.21.1/net.minecraft.network.protocol.game.ClientboundUpdateRecipesPacket.handle(ClientboundUpdateRecipesPacket.java:32) ~[client-1.21.1-20240808.144430-srg.jar%23257!/:?]
	at TRANSFORMER/minecraft@1.21.1/net.minecraft.network.protocol.game.ClientboundUpdateRecipesPacket.handle(ClientboundUpdateRecipesPacket.java:13) ~[client-1.21.1-20240808.144430-srg.jar%23257!/:?]
	at TRANSFORMER/minecraft@1.21.1/net.minecraft.network.protocol.PacketUtils.lambda$ensureRunningOnSameThread$0(PacketUtils.java:27) ~[client-1.21.1-20240808.144430-srg.jar%23257!/:?]
	at TRANSFORMER/minecraft@1.21.1/net.minecraft.util.thread.BlockableEventLoop.doRunTask(BlockableEventLoop.java:148) ~[client-1.21.1-20240808.144430-srg.jar%23257!/:?]
	at TRANSFORMER/minecraft@1.21.1/net.minecraft.util.thread.ReentrantBlockableEventLoop.doRunTask(ReentrantBlockableEventLoop.java:23) ~[client-1.21.1-20240808.144430-srg.jar%23257!/:?]
	at TRANSFORMER/minecraft@1.21.1/net.minecraft.util.thread.BlockableEventLoop.pollTask(BlockableEventLoop.java:122) ~[client-1.21.1-20240808.144430-srg.jar%23257!/:?]
	at TRANSFORMER/minecraft@1.21.1/net.minecraft.util.thread.BlockableEventLoop.runAllTasks(BlockableEventLoop.java:111) ~[client-1.21.1-20240808.144430-srg.jar%23257!/:?]
	at TRANSFORMER/minecraft@1.21.1/net.minecraft.client.Minecraft.runTick(Minecraft.java:1155) ~[client-1.21.1-20240808.144430-srg.jar%23257!/:?]
	at TRANSFORMER/minecraft@1.21.1/net.minecraft.client.Minecraft.run(Minecraft.java:807) ~[client-1.21.1-20240808.144430-srg.jar%23257!/:?]
	at TRANSFORMER/minecraft@1.21.1/net.minecraft.client.main.Main.main(Main.java:230) ~[client-1.21.1-20240808.144430-srg.jar%23257!/:?]
	at java.base/jdk.internal.reflect.DirectMethodHandleAccessor.invoke(DirectMethodHandleAccessor.java:103) ~[?:?]
	at java.base/java.lang.reflect.Method.invoke(Method.java:580) ~[?:?]
	at MC-BOOTSTRAP/fml_loader@4.0.43/net.neoforged.fml.loading.targets.CommonLaunchHandler.runTarget(CommonLaunchHandler.java:136) ~[loader-4.0.43.jar%23107!/:4.0]
	at MC-BOOTSTRAP/fml_loader@4.0.43/net.neoforged.fml.loading.targets.CommonLaunchHandler.clientService(CommonLaunchHandler.java:124) ~[loader-4.0.43.jar%23107!/:4.0]
	at MC-BOOTSTRAP/fml_loader@4.0.43/net.neoforged.fml.loading.targets.CommonClientLaunchHandler.runService(CommonClientLaunchHandler.java:32) ~[loader-4.0.43.jar%23107!/:4.0]
	at MC-BOOTSTRAP/fml_loader@4.0.43/net.neoforged.fml.loading.targets.CommonLaunchHandler.lambda$launchService$4(CommonLaunchHandler.java:118) ~[loader-4.0.43.jar%23107!/:4.0]
	at MC-BOOTSTRAP/cpw.mods.modlauncher@11.0.5/cpw.mods.modlauncher.LaunchServiceHandlerDecorator.launch(LaunchServiceHandlerDecorator.java:30) [modlauncher-11.0.5.jar%23112!/:?]
	at MC-BOOTSTRAP/cpw.mods.modlauncher@11.0.5/cpw.mods.modlauncher.LaunchServiceHandler.launch(LaunchServiceHandler.java:53) [modlauncher-11.0.5.jar%23112!/:?]
	at MC-BOOTSTRAP/cpw.mods.modlauncher@11.0.5/cpw.mods.modlauncher.LaunchServiceHandler.launch(LaunchServiceHandler.java:71) [modlauncher-11.0.5.jar%23112!/:?]
	at MC-BOOTSTRAP/cpw.mods.modlauncher@11.0.5/cpw.mods.modlauncher.Launcher.run(Launcher.java:103) [modlauncher-11.0.5.jar%23112!/:?]
	at MC-BOOTSTRAP/cpw.mods.modlauncher@11.0.5/cpw.mods.modlauncher.Launcher.main(Launcher.java:74) [modlauncher-11.0.5.jar%23112!/:?]
	at MC-BOOTSTRAP/cpw.mods.modlauncher@11.0.5/cpw.mods.modlauncher.BootstrapLaunchConsumer.accept(BootstrapLaunchConsumer.java:26) [modlauncher-11.0.5.jar%23112!/:?]
	at MC-BOOTSTRAP/cpw.mods.modlauncher@11.0.5/cpw.mods.modlauncher.BootstrapLaunchConsumer.accept(BootstrapLaunchConsumer.java:23) [modlauncher-11.0.5.jar%23112!/:?]
	at cpw.mods.bootstraplauncher@2.0.2/cpw.mods.bootstraplauncher.BootstrapLauncher.run(BootstrapLauncher.java:210) [bootstraplauncher-2.0.2.jar:?]
	at cpw.mods.bootstraplauncher@2.0.2/cpw.mods.bootstraplauncher.BootstrapLauncher.main(BootstrapLauncher.java:69) [bootstraplauncher-2.0.2.jar:?]
[11Aug2026 20:56:39.064] [Render thread/ERROR] [mezz.jei.library.load.registration.SubtypeRegistration/]: An interpreter is already registered for this: create:flowing_potion
java.lang.IllegalArgumentException: null
	at TRANSFORMER/jei@19.27.0.336/mezz.jei.library.load.registration.SubtypeRegistration.registerSubtypeInterpreter(SubtypeRegistration.java:26) ~[jei-1.21.1-neoforge-19.27.0.336.jar%23305!/:19.27.0.336]
	at TRANSFORMER/create@6.0.10/com.simibubi.create.compat.jei.CreateJEI.registerFluidSubtypes(CreateJEI.java:365) ~[create-1.21.1-6.0.10.jar%23273!/:6.0.10]
	at TRANSFORMER/jei@19.27.0.336/mezz.jei.library.load.PluginLoader.lambda$registerSubtypes$1(PluginLoader.java:74) ~[jei-1.21.1-neoforge-19.27.0.336.jar%23305!/:19.27.0.336]
	at TRANSFORMER/jei@19.27.0.336/mezz.jei.library.load.PluginCaller.callOnPlugins(PluginCaller.java:26) ~[jei-1.21.1-neoforge-19.27.0.336.jar%23305!/:19.27.0.336]
	at TRANSFORMER/jei@19.27.0.336/mezz.jei.library.load.PluginLoader.registerSubtypes(PluginLoader.java:73) ~[jei-1.21.1-neoforge-19.27.0.336.jar%23305!/:19.27.0.336]
	at TRANSFORMER/jei@19.27.0.336/mezz.jei.library.startup.JeiStarter.start(JeiStarter.java:112) ~[jei-1.21.1-neoforge-19.27.0.336.jar%23305!/:19.27.0.336]
	at TRANSFORMER/jei@19.27.0.336/mezz.jei.neoforge.startup.StartEventObserver.transitionState(StartEventObserver.java:175) ~[jei-1.21.1-neoforge-19.27.0.336.jar%23305!/:19.27.0.336]
	at TRANSFORMER/jei@19.27.0.336/mezz.jei.neoforge.startup.StartEventObserver.onEvent(StartEventObserver.java:120) ~[jei-1.21.1-neoforge-19.27.0.336.jar%23305!/:19.27.0.336]
	at MC-BOOTSTRAP/net.neoforged.bus/net.neoforged.bus.ConsumerEventHandler.invoke(ConsumerEventHandler.java:27) ~[bus-8.0.5.jar%23110!/:?]
	at MC-BOOTSTRAP/net.neoforged.bus/net.neoforged.bus.EventBus.post(EventBus.java:360) ~[bus-8.0.5.jar%23110!/:?]
	at MC-BOOTSTRAP/net.neoforged.bus/net.neoforged.bus.EventBus.post(EventBus.java:328) ~[bus-8.0.5.jar%23110!/:?]
	at TRANSFORMER/neoforge@21.1.248/net.neoforged.neoforge.client.ClientHooks.onRecipesUpdated(ClientHooks.java:664) ~[neoforge-21.1.248-universal.jar%23258!/:?]
	at TRANSFORMER/minecraft@1.21.1/net.minecraft.client.multiplayer.ClientPacketListener.handleUpdateRecipes(ClientPacketListener.java:1506) ~[client-1.21.1-20240808.144430-srg.jar%23257!/:?]
	at TRANSFORMER/minecraft@1.21.1/net.minecraft.network.protocol.game.ClientboundUpdateRecipesPacket.handle(ClientboundUpdateRecipesPacket.java:32) ~[client-1.21.1-20240808.144430-srg.jar%23257!/:?]
	at TRANSFORMER/minecraft@1.21.1/net.minecraft.network.protocol.game.ClientboundUpdateRecipesPacket.handle(ClientboundUpdateRecipesPacket.java:13) ~[client-1.21.1-20240808.144430-srg.jar%23257!/:?]
	at TRANSFORMER/minecraft@1.21.1/net.minecraft.network.protocol.PacketUtils.lambda$ensureRunningOnSameThread$0(PacketUtils.java:27) ~[client-1.21.1-20240808.144430-srg.jar%23257!/:?]
	at TRANSFORMER/minecraft@1.21.1/net.minecraft.util.thread.BlockableEventLoop.doRunTask(BlockableEventLoop.java:148) ~[client-1.21.1-20240808.144430-srg.jar%23257!/:?]
	at TRANSFORMER/minecraft@1.21.1/net.minecraft.util.thread.ReentrantBlockableEventLoop.doRunTask(ReentrantBlockableEventLoop.java:23) ~[client-1.21.1-20240808.144430-srg.jar%23257!/:?]
	at TRANSFORMER/minecraft@1.21.1/net.minecraft.util.thread.BlockableEventLoop.pollTask(BlockableEventLoop.java:122) ~[client-1.21.1-20240808.144430-srg.jar%23257!/:?]
	at TRANSFORMER/minecraft@1.21.1/net.minecraft.util.thread.BlockableEventLoop.runAllTasks(BlockableEventLoop.java:111) ~[client-1.21.1-20240808.144430-srg.jar%23257!/:?]
	at TRANSFORMER/minecraft@1.21.1/net.minecraft.client.Minecraft.runTick(Minecraft.java:1155) ~[client-1.21.1-20240808.144430-srg.jar%23257!/:?]
	at TRANSFORMER/minecraft@1.21.1/net.minecraft.client.Minecraft.run(Minecraft.java:807) ~[client-1.21.1-20240808.144430-srg.jar%23257!/:?]
	at TRANSFORMER/minecraft@1.21.1/net.minecraft.client.main.Main.main(Main.java:230) ~[client-1.21.1-20240808.144430-srg.jar%23257!/:?]
	at java.base/jdk.internal.reflect.DirectMethodHandleAccessor.invoke(DirectMethodHandleAccessor.java:103) ~[?:?]
	at java.base/java.lang.reflect.Method.invoke(Method.java:580) ~[?:?]
	at MC-BOOTSTRAP/fml_loader@4.0.43/net.neoforged.fml.loading.targets.CommonLaunchHandler.runTarget(CommonLaunchHandler.java:136) ~[loader-4.0.43.jar%23107!/:4.0]
	at MC-BOOTSTRAP/fml_loader@4.0.43/net.neoforged.fml.loading.targets.CommonLaunchHandler.clientService(CommonLaunchHandler.java:124) ~[loader-4.0.43.jar%23107!/:4.0]
	at MC-BOOTSTRAP/fml_loader@4.0.43/net.neoforged.fml.loading.targets.CommonClientLaunchHandler.runService(CommonClientLaunchHandler.java:32) ~[loader-4.0.43.jar%23107!/:4.0]
	at MC-BOOTSTRAP/fml_loader@4.0.43/net.neoforged.fml.loading.targets.CommonLaunchHandler.lambda$launchService$4(CommonLaunchHandler.java:118) ~[loader-4.0.43.jar%23107!/:4.0]
	at MC-BOOTSTRAP/cpw.mods.modlauncher@11.0.5/cpw.mods.modlauncher.LaunchServiceHandlerDecorator.launch(LaunchServiceHandlerDecorator.java:30) [modlauncher-11.0.5.jar%23112!/:?]
	at MC-BOOTSTRAP/cpw.mods.modlauncher@11.0.5/cpw.mods.modlauncher.LaunchServiceHandler.launch(LaunchServiceHandler.java:53) [modlauncher-11.0.5.jar%23112!/:?]
	at MC-BOOTSTRAP/cpw.mods.modlauncher@11.0.5/cpw.mods.modlauncher.LaunchServiceHandler.launch(LaunchServiceHandler.java:71) [modlauncher-11.0.5.jar%23112!/:?]
	at MC-BOOTSTRAP/cpw.mods.modlauncher@11.0.5/cpw.mods.modlauncher.Launcher.run(Launcher.java:103) [modlauncher-11.0.5.jar%23112!/:?]
	at MC-BOOTSTRAP/cpw.mods.modlauncher@11.0.5/cpw.mods.modlauncher.Launcher.main(Launcher.java:74) [modlauncher-11.0.5.jar%23112!/:?]
	at MC-BOOTSTRAP/cpw.mods.modlauncher@11.0.5/cpw.mods.modlauncher.BootstrapLaunchConsumer.accept(BootstrapLaunchConsumer.java:26) [modlauncher-11.0.5.jar%23112!/:?]
	at MC-BOOTSTRAP/cpw.mods.modlauncher@11.0.5/cpw.mods.modlauncher.BootstrapLaunchConsumer.accept(BootstrapLaunchConsumer.java:23) [modlauncher-11.0.5.jar%23112!/:?]
	at cpw.mods.bootstraplauncher@2.0.2/cpw.mods.bootstraplauncher.BootstrapLauncher.run(BootstrapLauncher.java:210) [bootstraplauncher-2.0.2.jar:?]
	at cpw.mods.bootstraplauncher@2.0.2/cpw.mods.bootstraplauncher.BootstrapLauncher.main(BootstrapLauncher.java:69) [bootstraplauncher-2.0.2.jar:?]
[11Aug2026 20:56:39.065] [Render thread/INFO] [mezz.jei.library.load.PluginCaller/]: Registering fluid subtypes took 4.269 milliseconds
[11Aug2026 20:56:39.067] [Render thread/INFO] [mezz.jei.library.load.PluginCaller/]: Registering ingredients...
[11Aug2026 20:56:39.457] [Render thread/INFO] [mezz.jei.library.load.PluginCallerTimerRunnable/]: Registering ingredients: jei:minecraft took 389.8 milliseconds
[11Aug2026 20:56:39.459] [Render thread/INFO] [mezz.jei.library.load.PluginCaller/]: Registering ingredients took 391.6 milliseconds
[11Aug2026 20:56:39.459] [Render thread/INFO] [mezz.jei.library.load.PluginCaller/]: Registering extra ingredients...
[11Aug2026 20:56:39.470] [Render thread/INFO] [mezz.jei.library.load.PluginCaller/]: Registering extra ingredients took 10.52 milliseconds
[11Aug2026 20:56:39.470] [Render thread/INFO] [mezz.jei.library.load.PluginCaller/]: Registering search ingredient aliases...
[11Aug2026 20:56:39.472] [Render thread/INFO] [mezz.jei.library.load.PluginCaller/]: Registering search ingredient aliases took 1.782 milliseconds
[11Aug2026 20:56:39.487] [Render thread/INFO] [mezz.jei.library.load.PluginCaller/]: Registering Mod Info...
[11Aug2026 20:56:39.488] [Render thread/INFO] [mezz.jei.library.load.PluginCaller/]: Registering Mod Info took 1.454 milliseconds
[11Aug2026 20:56:39.510] [Render thread/INFO] [mezz.jei.library.load.PluginCaller/]: Registering categories...
[11Aug2026 20:56:39.529] [Render thread/INFO] [mezz.jei.library.load.PluginCallerTimerRunnable/]: Registering categories: jei:minecraft took 18.55 milliseconds
[11Aug2026 20:56:39.546] [Render thread/INFO] [mezz.jei.library.load.PluginCallerTimerRunnable/]: Registering categories: createbigcannons:jei_plugin took 16.69 milliseconds
[11Aug2026 20:56:39.575] [Render thread/INFO] [mezz.jei.library.load.PluginCallerTimerRunnable/]: Registering categories: tfmg:jei_plugin took 13.30 milliseconds
[11Aug2026 20:56:39.588] [Render thread/INFO] [mezz.jei.library.load.PluginCallerTimerRunnable/]: Registering categories: immersiveengineering:main took 12.17 milliseconds
[11Aug2026 20:56:39.620] [Render thread/INFO] [mezz.jei.library.load.PluginCallerTimerRunnable/]: Registering categories: create:jei_plugin took 32.88 milliseconds
[11Aug2026 20:56:39.649] [Render thread/INFO] [mezz.jei.library.load.PluginCaller/]: Registering categories took 139.1 milliseconds
[11Aug2026 20:56:39.649] [Render thread/INFO] [mezz.jei.library.load.PluginCaller/]: Registering vanilla category extensions...
[11Aug2026 20:56:39.656] [Render thread/INFO] [mezz.jei.library.load.PluginCaller/]: Registering vanilla category extensions took 6.074 milliseconds
[11Aug2026 20:56:39.657] [Render thread/INFO] [mezz.jei.library.load.PluginCaller/]: Registering recipe catalysts...
[11Aug2026 20:56:39.663] [Render thread/INFO] [mezz.jei.library.load.PluginCaller/]: Registering recipe catalysts took 6.326 milliseconds
[11Aug2026 20:56:39.664] [Render thread/INFO] [mezz.jei.core.util.LoggedTimer/]: Building recipe registry...
[11Aug2026 20:56:39.699] [Render thread/INFO] [mezz.jei.core.util.LoggedTimer/]: Building recipe registry took 35.39 milliseconds
[11Aug2026 20:56:39.701] [Render thread/INFO] [mezz.jei.library.load.PluginCaller/]: Registering advanced plugins...
[11Aug2026 20:56:39.704] [Render thread/INFO] [mezz.jei.library.load.registration.AdvancedRegistration/]: Added recipe category decorator: class com.almostreliable.unified.compat.viewer.AlmostJEI$Decorator for recipe type: minecraft:crafting
[11Aug2026 20:56:39.704] [Render thread/INFO] [mezz.jei.library.load.registration.AdvancedRegistration/]: Added recipe category decorator: class com.almostreliable.unified.compat.viewer.AlmostJEI$Decorator for recipe type: minecraft:stonecutting
[11Aug2026 20:56:39.704] [Render thread/INFO] [mezz.jei.library.load.registration.AdvancedRegistration/]: Added recipe category decorator: class com.almostreliable.unified.compat.viewer.AlmostJEI$Decorator for recipe type: minecraft:smelting
[11Aug2026 20:56:39.704] [Render thread/INFO] [mezz.jei.library.load.registration.AdvancedRegistration/]: Added recipe category decorator: class com.almostreliable.unified.compat.viewer.AlmostJEI$Decorator for recipe type: minecraft:smoking
[11Aug2026 20:56:39.704] [Render thread/INFO] [mezz.jei.library.load.registration.AdvancedRegistration/]: Added recipe category decorator: class com.almostreliable.unified.compat.viewer.AlmostJEI$Decorator for recipe type: minecraft:blasting
[11Aug2026 20:56:39.704] [Render thread/INFO] [mezz.jei.library.load.registration.AdvancedRegistration/]: Added recipe category decorator: class com.almostreliable.unified.compat.viewer.AlmostJEI$Decorator for recipe type: minecraft:campfire_cooking
[11Aug2026 20:56:39.704] [Render thread/INFO] [mezz.jei.library.load.registration.AdvancedRegistration/]: Added recipe category decorator: class com.almostreliable.unified.compat.viewer.AlmostJEI$Decorator for recipe type: minecraft:smithing
[11Aug2026 20:56:39.704] [Render thread/INFO] [mezz.jei.library.load.registration.AdvancedRegistration/]: Added recipe category decorator: class com.almostreliable.unified.compat.viewer.AlmostJEI$Decorator for recipe type: minecraft:compostable
[11Aug2026 20:56:39.704] [Render thread/INFO] [mezz.jei.library.load.registration.AdvancedRegistration/]: Added recipe category decorator: class com.almostreliable.unified.compat.viewer.AlmostJEI$Decorator for recipe type: minecraft:fuel
[11Aug2026 20:56:39.704] [Render thread/INFO] [mezz.jei.library.load.registration.AdvancedRegistration/]: Added recipe category decorator: class com.almostreliable.unified.compat.viewer.AlmostJEI$Decorator for recipe type: minecraft:brewing
[11Aug2026 20:56:39.704] [Render thread/INFO] [mezz.jei.library.load.registration.AdvancedRegistration/]: Added recipe category decorator: class com.almostreliable.unified.compat.viewer.AlmostJEI$Decorator for recipe type: minecraft:anvil
[11Aug2026 20:56:39.704] [Render thread/INFO] [mezz.jei.library.load.registration.AdvancedRegistration/]: Added recipe category decorator: class com.almostreliable.unified.compat.viewer.AlmostJEI$Decorator for recipe type: minecraft:grindstone
[11Aug2026 20:56:39.704] [Render thread/INFO] [mezz.jei.library.load.registration.AdvancedRegistration/]: Added recipe category decorator: class com.almostreliable.unified.compat.viewer.AlmostJEI$Decorator for recipe type: createbigcannons:melting
[11Aug2026 20:56:39.704] [Render thread/INFO] [mezz.jei.library.load.registration.AdvancedRegistration/]: Added recipe category decorator: class com.almostreliable.unified.compat.viewer.AlmostJEI$Decorator for recipe type: createbigcannons:cannon_casting
[11Aug2026 20:56:39.704] [Render thread/INFO] [mezz.jei.library.load.registration.AdvancedRegistration/]: Added recipe category decorator: class com.almostreliable.unified.compat.viewer.AlmostJEI$Decorator for recipe type: createbigcannons:built_up_heating
[11Aug2026 20:56:39.704] [Render thread/INFO] [mezz.jei.library.load.registration.AdvancedRegistration/]: Added recipe category decorator: class com.almostreliable.unified.compat.viewer.AlmostJEI$Decorator for recipe type: createbigcannons:drill_boring
[11Aug2026 20:56:39.704] [Render thread/INFO] [mezz.jei.library.load.registration.AdvancedRegistration/]: Added recipe category decorator: class com.almostreliable.unified.compat.viewer.AlmostJEI$Decorator for recipe type: createbigcannons:incomplete_cannon_blocks
[11Aug2026 20:56:39.704] [Render thread/INFO] [mezz.jei.library.load.registration.AdvancedRegistration/]: Added recipe category decorator: class com.almostreliable.unified.compat.viewer.AlmostJEI$Decorator for recipe type: slag:double_smelting
[11Aug2026 20:56:39.704] [Render thread/INFO] [mezz.jei.library.load.registration.AdvancedRegistration/]: Added recipe category decorator: class com.almostreliable.unified.compat.viewer.AlmostJEI$Decorator for recipe type: slag:melting
[11Aug2026 20:56:39.704] [Render thread/INFO] [mezz.jei.library.load.registration.AdvancedRegistration/]: Added recipe category decorator: class com.almostreliable.unified.compat.viewer.AlmostJEI$Decorator for recipe type: slag:table_casting
[11Aug2026 20:56:39.704] [Render thread/INFO] [mezz.jei.library.load.registration.AdvancedRegistration/]: Added recipe category decorator: class com.almostreliable.unified.compat.viewer.AlmostJEI$Decorator for recipe type: slag:basin_casting
[11Aug2026 20:56:39.704] [Render thread/INFO] [mezz.jei.library.load.registration.AdvancedRegistration/]: Added recipe category decorator: class com.almostreliable.unified.compat.viewer.AlmostJEI$Decorator for recipe type: slag:alloying
[11Aug2026 20:56:39.705] [Render thread/INFO] [mezz.jei.library.load.registration.AdvancedRegistration/]: Added recipe category decorator: class com.almostreliable.unified.compat.viewer.AlmostJEI$Decorator for recipe type: tacz:gun_smith_table/tacz_gun_smith_table
[11Aug2026 20:56:39.705] [Render thread/INFO] [mezz.jei.library.load.registration.AdvancedRegistration/]: Added recipe category decorator: class com.almostreliable.unified.compat.viewer.AlmostJEI$Decorator for recipe type: tacz:gun_smith_table/tacz_attachment_workbench
[11Aug2026 20:56:39.705] [Render thread/INFO] [mezz.jei.library.load.registration.AdvancedRegistration/]: Added recipe category decorator: class com.almostreliable.unified.compat.viewer.AlmostJEI$Decorator for recipe type: tacz:gun_smith_table/tacz_ammo_workbench
[11Aug2026 20:56:39.705] [Render thread/INFO] [mezz.jei.library.load.registration.AdvancedRegistration/]: Added recipe category decorator: class com.almostreliable.unified.compat.viewer.AlmostJEI$Decorator for recipe type: tacz:attachment_query
[11Aug2026 20:56:39.705] [Render thread/INFO] [mezz.jei.library.load.registration.AdvancedRegistration/]: Added recipe category decorator: class com.almostreliable.unified.compat.viewer.AlmostJEI$Decorator for recipe type: ntgl:workbench
[11Aug2026 20:56:39.705] [Render thread/INFO] [mezz.jei.library.load.registration.AdvancedRegistration/]: Added recipe category decorator: class com.almostreliable.unified.compat.viewer.AlmostJEI$Decorator for recipe type: cookingforblockheads:cow_jar
[11Aug2026 20:56:39.705] [Render thread/INFO] [mezz.jei.library.load.registration.AdvancedRegistration/]: Added recipe category decorator: class com.almostreliable.unified.compat.viewer.AlmostJEI$Decorator for recipe type: create:frying
[11Aug2026 20:56:39.705] [Render thread/INFO] [mezz.jei.library.load.registration.AdvancedRegistration/]: Added recipe category decorator: class com.almostreliable.unified.compat.viewer.AlmostJEI$Decorator for recipe type: create:advanced_distillation
[11Aug2026 20:56:39.705] [Render thread/INFO] [mezz.jei.library.load.registration.AdvancedRegistration/]: Added recipe category decorator: class com.almostreliable.unified.compat.viewer.AlmostJEI$Decorator for recipe type: create:coking
[11Aug2026 20:56:39.705] [Render thread/INFO] [mezz.jei.library.load.registration.AdvancedRegistration/]: Added recipe category decorator: class com.almostreliable.unified.compat.viewer.AlmostJEI$Decorator for recipe type: create:chemical_vat
[11Aug2026 20:56:39.705] [Render thread/INFO] [mezz.jei.library.load.registration.AdvancedRegistration/]: Added recipe category decorator: class com.almostreliable.unified.compat.viewer.AlmostJEI$Decorator for recipe type: create:industrial_blasting
[11Aug2026 20:56:39.705] [Render thread/INFO] [mezz.jei.library.load.registration.AdvancedRegistration/]: Added recipe category decorator: class com.almostreliable.unified.compat.viewer.AlmostJEI$Decorator for recipe type: create:casting
[11Aug2026 20:56:39.705] [Render thread/INFO] [mezz.jei.library.load.registration.AdvancedRegistration/]: Added recipe category decorator: class com.almostreliable.unified.compat.viewer.AlmostJEI$Decorator for recipe type: create:hot_blast
[11Aug2026 20:56:39.705] [Render thread/INFO] [mezz.jei.library.load.registration.AdvancedRegistration/]: Added recipe category decorator: class com.almostreliable.unified.compat.viewer.AlmostJEI$Decorator for recipe type: create:polarizing
[11Aug2026 20:56:39.705] [Render thread/INFO] [mezz.jei.library.load.registration.AdvancedRegistration/]: Added recipe category decorator: class com.almostreliable.unified.compat.viewer.AlmostJEI$Decorator for recipe type: create:winding
[11Aug2026 20:56:39.705] [Render thread/INFO] [mezz.jei.library.load.registration.AdvancedRegistration/]: Added recipe category decorator: class com.almostreliable.unified.compat.viewer.AlmostJEI$Decorator for recipe type: create_winery:maturing
[11Aug2026 20:56:39.705] [Render thread/INFO] [mezz.jei.library.load.registration.AdvancedRegistration/]: Added recipe category decorator: class com.almostreliable.unified.compat.viewer.AlmostJEI$Decorator for recipe type: create_winery:maturing_blend
[11Aug2026 20:56:39.705] [Render thread/INFO] [mezz.jei.library.load.registration.AdvancedRegistration/]: Added recipe category decorator: class com.almostreliable.unified.compat.viewer.AlmostJEI$Decorator for recipe type: psi:trick
[11Aug2026 20:56:39.705] [Render thread/INFO] [mezz.jei.library.load.registration.AdvancedRegistration/]: Added recipe category decorator: class com.almostreliable.unified.compat.viewer.AlmostJEI$Decorator for recipe type: immersiveengineering:coke_oven
[11Aug2026 20:56:39.705] [Render thread/INFO] [mezz.jei.library.load.registration.AdvancedRegistration/]: Added recipe category decorator: class com.almostreliable.unified.compat.viewer.AlmostJEI$Decorator for recipe type: immersiveengineering:alloy
[11Aug2026 20:56:39.705] [Render thread/INFO] [mezz.jei.library.load.registration.AdvancedRegistration/]: Added recipe category decorator: class com.almostreliable.unified.compat.viewer.AlmostJEI$Decorator for recipe type: immersiveengineering:blast_furnace
[11Aug2026 20:56:39.705] [Render thread/INFO] [mezz.jei.library.load.registration.AdvancedRegistration/]: Added recipe category decorator: class com.almostreliable.unified.compat.viewer.AlmostJEI$Decorator for recipe type: immersiveengineering:blast_furnace_fuel
[11Aug2026 20:56:39.705] [Render thread/INFO] [mezz.jei.library.load.registration.AdvancedRegistration/]: Added recipe category decorator: class com.almostreliable.unified.compat.viewer.AlmostJEI$Decorator for recipe type: immersiveengineering:cloche
[11Aug2026 20:56:39.705] [Render thread/INFO] [mezz.jei.library.load.registration.AdvancedRegistration/]: Added recipe category decorator: class com.almostreliable.unified.compat.viewer.AlmostJEI$Decorator for recipe type: immersiveengineering:fertilizer
[11Aug2026 20:56:39.705] [Render thread/INFO] [mezz.jei.library.load.registration.AdvancedRegistration/]: Added recipe category decorator: class com.almostreliable.unified.compat.viewer.AlmostJEI$Decorator for recipe type: immersiveengineering:metal_press
[11Aug2026 20:56:39.705] [Render thread/INFO] [mezz.jei.library.load.registration.AdvancedRegistration/]: Added recipe category decorator: class com.almostreliable.unified.compat.viewer.AlmostJEI$Decorator for recipe type: immersiveengineering:crusher
[11Aug2026 20:56:39.706] [Render thread/INFO] [mezz.jei.library.load.registration.AdvancedRegistration/]: Added recipe category decorator: class com.almostreliable.unified.compat.viewer.AlmostJEI$Decorator for recipe type: immersiveengineering:sawmill
[11Aug2026 20:56:39.706] [Render thread/INFO] [mezz.jei.library.load.registration.AdvancedRegistration/]: Added recipe category decorator: class com.almostreliable.unified.compat.viewer.AlmostJEI$Decorator for recipe type: immersiveengineering:blueprint
[11Aug2026 20:56:39.706] [Render thread/INFO] [mezz.jei.library.load.registration.AdvancedRegistration/]: Added recipe category decorator: class com.almostreliable.unified.compat.viewer.AlmostJEI$Decorator for recipe type: immersiveengineering:squeezer
[11Aug2026 20:56:39.706] [Render thread/INFO] [mezz.jei.library.load.registration.AdvancedRegistration/]: Added recipe category decorator: class com.almostreliable.unified.compat.viewer.AlmostJEI$Decorator for recipe type: immersiveengineering:fermenter
[11Aug2026 20:56:39.706] [Render thread/INFO] [mezz.jei.library.load.registration.AdvancedRegistration/]: Added recipe category decorator: class com.almostreliable.unified.compat.viewer.AlmostJEI$Decorator for recipe type: immersiveengineering:refinery
[11Aug2026 20:56:39.706] [Render thread/INFO] [mezz.jei.library.load.registration.AdvancedRegistration/]: Added recipe category decorator: class com.almostreliable.unified.compat.viewer.AlmostJEI$Decorator for recipe type: immersiveengineering:arc_furnace
[11Aug2026 20:56:39.706] [Render thread/INFO] [mezz.jei.library.load.registration.AdvancedRegistration/]: Added recipe category decorator: class com.almostreliable.unified.compat.viewer.AlmostJEI$Decorator for recipe type: immersiveengineering:arc_recycling
[11Aug2026 20:56:39.706] [Render thread/INFO] [mezz.jei.library.load.registration.AdvancedRegistration/]: Added recipe category decorator: class com.almostreliable.unified.compat.viewer.AlmostJEI$Decorator for recipe type: immersiveengineering:mixer
[11Aug2026 20:56:39.706] [Render thread/INFO] [mezz.jei.library.load.registration.AdvancedRegistration/]: Added recipe category decorator: class com.almostreliable.unified.compat.viewer.AlmostJEI$Decorator for recipe type: immersiveengineering:mixer_potions
[11Aug2026 20:56:39.706] [Render thread/INFO] [mezz.jei.library.load.registration.AdvancedRegistration/]: Added recipe category decorator: class com.almostreliable.unified.compat.viewer.AlmostJEI$Decorator for recipe type: immersiveengineering:bottling_machine
[11Aug2026 20:56:39.706] [Render thread/INFO] [mezz.jei.library.load.registration.AdvancedRegistration/]: Added recipe category decorator: class com.almostreliable.unified.compat.viewer.AlmostJEI$Decorator for recipe type: immersiveengineering:bottling_potions
[11Aug2026 20:56:39.706] [Render thread/INFO] [mezz.jei.library.load.registration.AdvancedRegistration/]: Added recipe category decorator: class com.almostreliable.unified.compat.viewer.AlmostJEI$Decorator for recipe type: immersiveengineering:bottling_buckets
[11Aug2026 20:56:39.706] [Render thread/INFO] [mezz.jei.library.load.registration.AdvancedRegistration/]: Added recipe category decorator: class com.almostreliable.unified.compat.viewer.AlmostJEI$Decorator for recipe type: create:milling
[11Aug2026 20:56:39.706] [Render thread/INFO] [mezz.jei.library.load.registration.AdvancedRegistration/]: Added recipe category decorator: class com.almostreliable.unified.compat.viewer.AlmostJEI$Decorator for recipe type: create:crushing
[11Aug2026 20:56:39.706] [Render thread/INFO] [mezz.jei.library.load.registration.AdvancedRegistration/]: Added recipe category decorator: class com.almostreliable.unified.compat.viewer.AlmostJEI$Decorator for recipe type: create:pressing
[11Aug2026 20:56:39.706] [Render thread/INFO] [mezz.jei.library.load.registration.AdvancedRegistration/]: Added recipe category decorator: class com.almostreliable.unified.compat.viewer.AlmostJEI$Decorator for recipe type: create:fan_washing
[11Aug2026 20:56:39.706] [Render thread/INFO] [mezz.jei.library.load.registration.AdvancedRegistration/]: Added recipe category decorator: class com.almostreliable.unified.compat.viewer.AlmostJEI$Decorator for recipe type: create:fan_smoking
[11Aug2026 20:56:39.706] [Render thread/INFO] [mezz.jei.library.load.registration.AdvancedRegistration/]: Added recipe category decorator: class com.almostreliable.unified.compat.viewer.AlmostJEI$Decorator for recipe type: create:fan_blasting
[11Aug2026 20:56:39.706] [Render thread/INFO] [mezz.jei.library.load.registration.AdvancedRegistration/]: Added recipe category decorator: class com.almostreliable.unified.compat.viewer.AlmostJEI$Decorator for recipe type: create:fan_haunting
[11Aug2026 20:56:39.706] [Render thread/INFO] [mezz.jei.library.load.registration.AdvancedRegistration/]: Added recipe category decorator: class com.almostreliable.unified.compat.viewer.AlmostJEI$Decorator for recipe type: create:mixing
[11Aug2026 20:56:39.706] [Render thread/INFO] [mezz.jei.library.load.registration.AdvancedRegistration/]: Added recipe category decorator: class com.almostreliable.unified.compat.viewer.AlmostJEI$Decorator for recipe type: create:automatic_shapeless
[11Aug2026 20:56:39.706] [Render thread/INFO] [mezz.jei.library.load.registration.AdvancedRegistration/]: Added recipe category decorator: class com.almostreliable.unified.compat.viewer.AlmostJEI$Decorator for recipe type: create:automatic_brewing
[11Aug2026 20:56:39.706] [Render thread/INFO] [mezz.jei.library.load.registration.AdvancedRegistration/]: Added recipe category decorator: class com.almostreliable.unified.compat.viewer.AlmostJEI$Decorator for recipe type: create:packing
[11Aug2026 20:56:39.706] [Render thread/INFO] [mezz.jei.library.load.registration.AdvancedRegistration/]: Added recipe category decorator: class com.almostreliable.unified.compat.viewer.AlmostJEI$Decorator for recipe type: create:automatic_packing
[11Aug2026 20:56:39.706] [Render thread/INFO] [mezz.jei.library.load.registration.AdvancedRegistration/]: Added recipe category decorator: class com.almostreliable.unified.compat.viewer.AlmostJEI$Decorator for recipe type: create:sawing
[11Aug2026 20:56:39.706] [Render thread/INFO] [mezz.jei.library.load.registration.AdvancedRegistration/]: Added recipe category decorator: class com.almostreliable.unified.compat.viewer.AlmostJEI$Decorator for recipe type: create:block_cutting
[11Aug2026 20:56:39.706] [Render thread/INFO] [mezz.jei.library.load.registration.AdvancedRegistration/]: Added recipe category decorator: class com.almostreliable.unified.compat.viewer.AlmostJEI$Decorator for recipe type: create:sandpaper_polishing
[11Aug2026 20:56:39.707] [Render thread/INFO] [mezz.jei.library.load.registration.AdvancedRegistration/]: Added recipe category decorator: class com.almostreliable.unified.compat.viewer.AlmostJEI$Decorator for recipe type: create:item_application
[11Aug2026 20:56:39.707] [Render thread/INFO] [mezz.jei.library.load.registration.AdvancedRegistration/]: Added recipe category decorator: class com.almostreliable.unified.compat.viewer.AlmostJEI$Decorator for recipe type: create:deploying
[11Aug2026 20:56:39.707] [Render thread/INFO] [mezz.jei.library.load.registration.AdvancedRegistration/]: Added recipe category decorator: class com.almostreliable.unified.compat.viewer.AlmostJEI$Decorator for recipe type: create:spout_filling
[11Aug2026 20:56:39.707] [Render thread/INFO] [mezz.jei.library.load.registration.AdvancedRegistration/]: Added recipe category decorator: class com.almostreliable.unified.compat.viewer.AlmostJEI$Decorator for recipe type: create:draining
[11Aug2026 20:56:39.707] [Render thread/INFO] [mezz.jei.library.load.registration.AdvancedRegistration/]: Added recipe category decorator: class com.almostreliable.unified.compat.viewer.AlmostJEI$Decorator for recipe type: create:automatic_shaped
[11Aug2026 20:56:39.707] [Render thread/INFO] [mezz.jei.library.load.registration.AdvancedRegistration/]: Added recipe category decorator: class com.almostreliable.unified.compat.viewer.AlmostJEI$Decorator for recipe type: create:mechanical_crafting
[11Aug2026 20:56:39.707] [Render thread/INFO] [mezz.jei.library.load.registration.AdvancedRegistration/]: Added recipe category decorator: class com.almostreliable.unified.compat.viewer.AlmostJEI$Decorator for recipe type: create:sequenced_assembly
[11Aug2026 20:56:39.707] [Render thread/INFO] [mezz.jei.library.load.registration.AdvancedRegistration/]: Added recipe category decorator: class com.almostreliable.unified.compat.viewer.AlmostJEI$Decorator for recipe type: create:mystery_conversion
[11Aug2026 20:56:39.707] [Render thread/INFO] [mezz.jei.library.load.registration.AdvancedRegistration/]: Added recipe category decorator: class com.almostreliable.unified.compat.viewer.AlmostJEI$Decorator for recipe type: create:fan_dragon_breathing
[11Aug2026 20:56:39.707] [Render thread/INFO] [mezz.jei.library.load.registration.AdvancedRegistration/]: Added recipe category decorator: class com.almostreliable.unified.compat.viewer.AlmostJEI$Decorator for recipe type: create:fan_freezing
[11Aug2026 20:56:39.707] [Render thread/INFO] [mezz.jei.library.load.registration.AdvancedRegistration/]: Added recipe category decorator: class com.almostreliable.unified.compat.viewer.AlmostJEI$Decorator for recipe type: create:fan_sanding
[11Aug2026 20:56:39.707] [Render thread/INFO] [mezz.jei.library.load.registration.AdvancedRegistration/]: Added recipe category decorator: class com.almostreliable.unified.compat.viewer.AlmostJEI$Decorator for recipe type: create:fan_seething
[11Aug2026 20:56:39.707] [Render thread/INFO] [mezz.jei.library.load.registration.AdvancedRegistration/]: Added recipe category decorator: class com.almostreliable.unified.compat.viewer.AlmostJEI$Decorator for recipe type: dndesires:hydraulic_compacting
[11Aug2026 20:56:39.707] [Render thread/INFO] [mezz.jei.library.load.registration.AdvancedRegistration/]: Added recipe category decorator: class com.almostreliable.unified.compat.viewer.AlmostJEI$Decorator for recipe type: create_dragons_plus:coloring
[11Aug2026 20:56:39.707] [Render thread/INFO] [mezz.jei.library.load.registration.AdvancedRegistration/]: Added recipe category decorator: class com.almostreliable.unified.compat.viewer.AlmostJEI$Decorator for recipe type: create_dragons_plus:freezing
[11Aug2026 20:56:39.708] [Render thread/INFO] [mezz.jei.library.load.registration.AdvancedRegistration/]: Added recipe category decorator: class com.almostreliable.unified.compat.viewer.AlmostJEI$Decorator for recipe type: create_dragons_plus:sanding
[11Aug2026 20:56:39.708] [Render thread/INFO] [mezz.jei.library.load.registration.AdvancedRegistration/]: Added recipe category decorator: class com.almostreliable.unified.compat.viewer.AlmostJEI$Decorator for recipe type: create_dragons_plus:ending
[11Aug2026 20:56:39.708] [Render thread/INFO] [mezz.jei.library.load.registration.AdvancedRegistration/]: Added recipe category decorator: class com.almostreliable.unified.compat.viewer.AlmostJEI$Decorator for recipe type: create_factory:jar_dipping
[11Aug2026 20:56:39.708] [Render thread/INFO] [mezz.jei.library.load.registration.AdvancedRegistration/]: Added recipe category decorator: class com.almostreliable.unified.compat.viewer.AlmostJEI$Decorator for recipe type: irons_spellbooks:arcane_anvil
[11Aug2026 20:56:39.709] [Render thread/INFO] [mezz.jei.library.load.registration.AdvancedRegistration/]: Added recipe category decorator: class com.almostreliable.unified.compat.viewer.AlmostJEI$Decorator for recipe type: irons_spellbooks:scroll_forge
[11Aug2026 20:56:39.709] [Render thread/INFO] [mezz.jei.library.load.registration.AdvancedRegistration/]: Added recipe category decorator: class com.almostreliable.unified.compat.viewer.AlmostJEI$Decorator for recipe type: irons_spellbooks:alchemist_cauldron
[11Aug2026 20:56:39.709] [Render thread/INFO] [mezz.jei.library.load.registration.AdvancedRegistration/]: Added recipe category decorator: class com.almostreliable.unified.compat.viewer.AlmostJEI$Decorator for recipe type: create_enchantment_industry:printing
[11Aug2026 20:56:39.709] [Render thread/INFO] [mezz.jei.library.load.registration.AdvancedRegistration/]: Added recipe category decorator: class com.almostreliable.unified.compat.viewer.AlmostJEI$Decorator for recipe type: create_enchantment_industry:grinding
[11Aug2026 20:56:39.709] [Render thread/INFO] [mezz.jei.library.load.registration.AdvancedRegistration/]: Added recipe category decorator: class com.almostreliable.unified.compat.viewer.AlmostJEI$Decorator for recipe type: irons_jewelry:jewelcrafting
[11Aug2026 20:56:39.709] [Render thread/INFO] [mezz.jei.library.load.registration.AdvancedRegistration/]: Added recipe category decorator: class com.almostreliable.unified.compat.viewer.AlmostJEI$Decorator for recipe type: jei:information
[11Aug2026 20:56:39.711] [Render thread/INFO] [mezz.jei.library.load.registration.AdvancedRegistration/]: Added typed recipe manager plugin: class io.redspace.ironsspellbooks.jei.AlchemistCauldronAdvancedHandler
[11Aug2026 20:56:39.711] [Render thread/INFO] [mezz.jei.library.load.registration.AdvancedRegistration/]: Added typed recipe manager plugin: class io.redspace.ironsjewelry.compat.jei.AdvancedPatternJeiHandler
[11Aug2026 20:56:39.711] [Render thread/INFO] [mezz.jei.library.load.PluginCaller/]: Registering advanced plugins took 9.782 milliseconds
[11Aug2026 20:56:39.713] [Render thread/INFO] [mezz.jei.library.load.PluginCaller/]: Registering recipes...
[11Aug2026 20:56:40.122] [Render thread/INFO] [mezz.jei.library.load.PluginCallerTimerRunnable/]: Registering recipes: jei:minecraft took 408.2 milliseconds
[11Aug2026 20:56:40.140] [Render thread/INFO] [mezz.jei.library.load.PluginCallerTimerRunnable/]: Registering recipes: createbigcannons:jei_plugin took 18.18 milliseconds
[11Aug2026 20:56:40.159] [Render thread/INFO] [mezz.jei.library.load.PluginCallerTimerRunnable/]: Registering recipes: slag:main took 19.18 milliseconds
[11Aug2026 20:56:40.183] [Server thread/INFO] [voicechat/]: [voicechat] Received secret request of _MrSeven (20)
[11Aug2026 20:56:40.186] [Server thread/INFO] [voicechat/]: [voicechat] Sent secret to _MrSeven
[11Aug2026 20:56:40.336] [Render thread/INFO] [mezz.jei.library.load.PluginCallerTimerRunnable/]: Registering recipes: tacz:jei took 176.0 milliseconds
[11Aug2026 20:56:40.352] [Render thread/INFO] [immersiveengineering/]: Adding recipes to JEI!!
[11Aug2026 20:56:40.430] [Render thread/INFO] [mezz.jei.library.load.PluginCallerTimerRunnable/]: Registering recipes: immersiveengineering:main took 78.61 milliseconds
[11Aug2026 20:56:40.756] [Render thread/INFO] [mezz.jei.library.load.PluginCallerTimerRunnable/]: Registering recipes: create:jei_plugin took 324.9 milliseconds
[11Aug2026 20:56:40.836] [Render thread/INFO] [mezz.jei.library.load.PluginCallerTimerRunnable/]: Registering recipes: create_dragons_plus:jei_plugin took 74.95 milliseconds
[11Aug2026 20:56:41.394] [Render thread/INFO] [mezz.jei.library.load.PluginCallerTimerRunnable/]: Registering recipes: irons_spellbooks:jei_plugin took 556.3 milliseconds
[11Aug2026 20:56:41.427] [Render thread/INFO] [mezz.jei.library.load.PluginCallerTimerRunnable/]: Registering recipes: create_enchantment_industry:jei took 31.65 milliseconds
[11Aug2026 20:56:41.432] [Render thread/INFO] [mezz.jei.library.load.PluginCaller/]: Registering recipes took 1.719 seconds
[11Aug2026 20:56:41.444] [Render thread/INFO] [mezz.jei.library.load.PluginCaller/]: Registering recipes transfer handlers...
[11Aug2026 20:56:41.451] [Render thread/INFO] [mezz.jei.library.load.PluginCaller/]: Registering recipes transfer handlers took 6.852 milliseconds
[11Aug2026 20:56:41.452] [Render thread/INFO] [mezz.jei.core.util.LoggedTimer/]: Building runtime...
[11Aug2026 20:56:41.454] [Render thread/INFO] [mezz.jei.library.load.PluginCaller/]: Registering gui handlers...
[11Aug2026 20:56:41.467] [Render thread/INFO] [mezz.jei.library.load.PluginCaller/]: Registering gui handlers took 12.19 milliseconds
[11Aug2026 20:56:41.470] [Render thread/INFO] [mezz.jei.library.load.PluginCaller/]: Registering Runtime...
[11Aug2026 20:56:41.473] [Render thread/INFO] [mezz.jei.gui.startup.JeiGuiStarter/]: Starting JEI GUI
[11Aug2026 20:56:41.473] [Render thread/INFO] [mezz.jei.core.util.LoggedTimer/]: Building ingredient list...
[11Aug2026 20:56:41.559] [Render thread/INFO] [mezz.jei.core.util.LoggedTimer/]: Building ingredient list took 85.42 milliseconds
[11Aug2026 20:56:41.560] [Render thread/INFO] [mezz.jei.core.util.LoggedTimer/]: Building ingredient filter...
[11Aug2026 20:56:41.646] [Render thread/INFO] [mezz.jei.gui.ingredients.IngredientFilter/]: Adding 7752 ingredients
[11Aug2026 20:56:43.338] [Render thread/INFO] [mezz.jei.gui.ingredients.IngredientFilter/]: Added 7752 ingredients
[11Aug2026 20:56:43.339] [Render thread/INFO] [mezz.jei.core.util.LoggedTimer/]: Building ingredient filter took 1.780 seconds
[11Aug2026 20:56:43.445] [Render thread/INFO] [mezz.jei.library.load.PluginCallerTimerRunnable/]: Registering Runtime: jei:neoforge_gui took 1.974 seconds
[11Aug2026 20:56:43.446] [Render thread/INFO] [mezz.jei.library.load.PluginCaller/]: Registering Runtime took 1.975 seconds
[11Aug2026 20:56:43.446] [Render thread/INFO] [mezz.jei.core.util.LoggedTimer/]: Building runtime took 1.993 seconds
[11Aug2026 20:56:43.447] [Render thread/INFO] [mezz.jei.library.load.PluginCaller/]: Sending Runtime...
[11Aug2026 20:56:43.447] [Render thread/INFO] [rbasamoyai.createbigcannons.CreateBigCannons/]: Attempting to load CBC deployer recipes
[11Aug2026 20:56:43.458] [Render thread/INFO] [mezz.jei.library.ingredients.IngredientManager/]: Ingredients are being added at runtime: 616 net.minecraft.world.item.ItemStack
[11Aug2026 20:56:43.473] [Render thread/INFO] [mezz.jei.library.load.PluginCallerTimerRunnable/]: Sending Runtime: slag:main took 18.97 milliseconds
[11Aug2026 20:56:43.474] [Render thread/INFO] [mezz.jei.library.ingredients.IngredientManager/]: Ingredients are being removed at runtime: 50 net.minecraft.world.item.ItemStack
[11Aug2026 20:56:43.476] [Render thread/INFO] [mezz.jei.library.ingredients.IngredientManager/]: Ingredients are being removed at runtime: 3 net.minecraft.world.item.ItemStack
[11Aug2026 20:56:43.478] [Render thread/INFO] [mezz.jei.library.load.PluginCaller/]: Sending Runtime took 31.70 milliseconds
[11Aug2026 20:56:43.478] [Render thread/INFO] [mezz.jei.core.util.LoggedTimer/]: Starting JEI took 4.439 seconds
[11Aug2026 20:56:43.514] [Render thread/INFO] [dev.lopyluna.slag.SlagEmbers/]: Received 22 materials, 11 parts, and 29 modulars from server
[11Aug2026 20:56:43.574] [Render thread/INFO] [snownee.jade.Jade/]: Received config from the server: 
[11Aug2026 20:56:43.586] [Render thread/INFO] [net.minecraft.advancements.AdvancementTree/]: Loaded 2 advancements
[11Aug2026 20:56:43.590] [Render thread/INFO] [patchouli/]: BookContentResourceListenerLoader: Files found in 233.1 μs
[11Aug2026 20:56:43.597] [Render thread/INFO] [patchouli/]: BookContentResourceListenerLoader: Files found in 185.4 μs
[11Aug2026 20:56:43.616] [Render thread/INFO] [patchouli/]: BookContentResourceListenerLoader: Files found in 142.3 μs
[11Aug2026 20:56:43.617] [Render thread/WARN] [patchouli/]: Recipe irons_spellbooks:cryomancer_helmet (of type minecraft:crafting) not found
[11Aug2026 20:56:43.617] [Render thread/WARN] [patchouli/]: Recipe irons_spellbooks:pyromancer_helmet (of type minecraft:crafting) not found
[11Aug2026 20:56:43.628] [Render thread/INFO] [patchouli/]: BookContentResourceListenerLoader: Files found in 302.8 μs
[11Aug2026 20:56:43.629] [Render thread/INFO] [patchouli/]: BookContentResourceListenerLoader: Files found in 156.3 μs
[11Aug2026 20:56:43.639] [Render thread/INFO] [patchouli/]: BookContentResourceListenerLoader: Files found in 215.0 μs
[11Aug2026 20:56:43.647] [Render thread/WARN] [psi/]: Missing crafting recipe psi:cad_colorizer_psi
[11Aug2026 20:56:43.648] [Render thread/WARN] [psi/]: Missing crafting recipe psi:cad_colorizer_rainbow
[11Aug2026 20:56:43.649] [Render thread/WARN] [psi/]: Missing crafting recipe psi:cad_colorizer_empty
[11Aug2026 20:56:43.651] [Render thread/WARN] [psi/]: Missing crafting recipe psi:cad_colorizer_white
[11Aug2026 20:56:43.653] [Render thread/WARN] [psi/]: Missing crafting recipe psi:cad_colorizer_orange
[11Aug2026 20:56:43.654] [Render thread/WARN] [psi/]: Missing crafting recipe psi:cad_colorizer_magenta
[11Aug2026 20:56:43.655] [Render thread/WARN] [psi/]: Missing crafting recipe psi:cad_colorizer_light_blue
[11Aug2026 20:56:43.656] [Render thread/WARN] [psi/]: Missing crafting recipe psi:cad_colorizer_yellow
[11Aug2026 20:56:43.658] [Render thread/WARN] [psi/]: Missing crafting recipe psi:cad_colorizer_lime
[11Aug2026 20:56:43.659] [Render thread/WARN] [psi/]: Missing crafting recipe psi:cad_colorizer_pink
[11Aug2026 20:56:43.661] [Render thread/WARN] [psi/]: Missing crafting recipe psi:cad_colorizer_gray
[11Aug2026 20:56:43.662] [Render thread/WARN] [psi/]: Missing crafting recipe psi:cad_colorizer_light_gray
[11Aug2026 20:56:43.663] [Render thread/WARN] [psi/]: Missing crafting recipe psi:cad_colorizer_cyan
[11Aug2026 20:56:43.664] [Render thread/WARN] [psi/]: Missing crafting recipe psi:cad_colorizer_purple
[11Aug2026 20:56:43.665] [Render thread/WARN] [psi/]: Missing crafting recipe psi:cad_colorizer_blue
[11Aug2026 20:56:43.666] [Render thread/WARN] [psi/]: Missing crafting recipe psi:cad_colorizer_brown
[11Aug2026 20:56:43.668] [Render thread/WARN] [psi/]: Missing crafting recipe psi:cad_colorizer_green
[11Aug2026 20:56:43.669] [Render thread/WARN] [psi/]: Missing crafting recipe psi:cad_colorizer_red
[11Aug2026 20:56:43.670] [Render thread/WARN] [psi/]: Missing crafting recipe psi:cad_colorizer_black
[11Aug2026 20:56:43.672] [Render thread/WARN] [psi/]: Missing crafting recipe psi:psimetal_sword
[11Aug2026 20:56:43.673] [Render thread/WARN] [psi/]: Missing crafting recipe psi:psimetal_shovel
[11Aug2026 20:56:43.674] [Render thread/WARN] [psi/]: Missing crafting recipe psi:psimetal_pickaxe
[11Aug2026 20:56:43.675] [Render thread/WARN] [psi/]: Missing crafting recipe psi:psimetal_axe
[11Aug2026 20:56:43.733] [Render thread/INFO] [dev.lopyluna.slag.SlagEmbers/]: Received 22 materials, 11 parts, and 29 modulars from server
[11Aug2026 20:56:43.891] [Render thread/INFO] [mezz.jei.library.ingredients.IngredientManager/]: Ingredients are being removed at runtime: 27 net.minecraft.world.item.ItemStack
[11Aug2026 20:56:43.893] [Render thread/INFO] [mezz.jei.library.ingredients.IngredientManager/]: Ingredients are being removed at runtime: 18 net.minecraft.world.item.ItemStack
[11Aug2026 20:56:43.894] [Render thread/INFO] [mezz.jei.library.ingredients.IngredientManager/]: Ingredients are being added at runtime: 27 net.minecraft.world.item.ItemStack
[11Aug2026 20:56:43.894] [Render thread/INFO] [mezz.jei.library.ingredients.IngredientManager/]: Ingredients are being added at runtime: 18 net.minecraft.world.item.ItemStack
[11Aug2026 20:56:43.894] [Render thread/INFO] [mezz.jei.library.ingredients.IngredientManager/]: Ingredients are being removed at runtime: 27 net.minecraft.world.item.ItemStack
[11Aug2026 20:56:43.895] [Render thread/INFO] [mezz.jei.library.ingredients.IngredientManager/]: Ingredients are being removed at runtime: 18 net.minecraft.world.item.ItemStack
[11Aug2026 20:56:43.895] [Render thread/INFO] [mezz.jei.library.ingredients.IngredientManager/]: Ingredients are being added at runtime: 27 net.minecraft.world.item.ItemStack
[11Aug2026 20:56:43.895] [Render thread/INFO] [mezz.jei.library.ingredients.IngredientManager/]: Ingredients are being added at runtime: 18 net.minecraft.world.item.ItemStack
[11Aug2026 20:56:43.907] [Render thread/INFO] [voicechat/]: [voicechat] Received secret
[11Aug2026 20:56:43.909] [Render thread/INFO] [voicechat/]: [voicechat] Connecting to voice chat server: '127.0.0.1:59511'
[11Aug2026 20:56:43.911] [VoiceChatAuthenticationThread/INFO] [voicechat/]: [voicechat] Trying to authenticate voice chat connection
[11Aug2026 20:56:43.916] [VoiceChatPacketProcessingThread/INFO] [voicechat/]: [voicechat] Successfully authenticated player 6543db84-c1f6-43fa-b810-050e48061014
[11Aug2026 20:56:43.918] [VoiceChatConnectionThread/INFO] [voicechat/]: [voicechat] Server acknowledged authentication
[11Aug2026 20:56:44.625] [Render thread/INFO] [net.minecraft.client.gui.components.ChatComponent/]: [CHAT] JourneyMap: Press [J]
[11Aug2026 20:56:44.789] [Server thread/INFO] [net.minecraft.client.server.IntegratedServer/]: Saving and pausing game...
[11Aug2026 20:56:44.811] [Server thread/INFO] [net.minecraft.server.MinecraftServer/]: Saving chunks for level 'ServerLevel[New World]'/minecraft:overworld
[11Aug2026 20:56:44.811] [Server thread/INFO] [dev.ryanhcode.sable.Sable/]: Saving sub-levels for level 'ServerLevel[New World]'/minecraft:overworld
[11Aug2026 20:56:44.917] [VoiceChatAuthenticationThread/INFO] [voicechat/]: [voicechat] Trying to validate voice chat connection
[11Aug2026 20:56:44.917] [VoiceChatPacketProcessingThread/INFO] [voicechat/]: [voicechat] Successfully validated connection of player 6543db84-c1f6-43fa-b810-050e48061014
[11Aug2026 20:56:44.920] [VoiceChatPacketProcessingThread/INFO] [voicechat/]: [voicechat] Player _MrSeven (6543db84-c1f6-43fa-b810-050e48061014) successfully connected to voice chat
[11Aug2026 20:56:44.921] [VoiceChatConnectionThread/INFO] [voicechat/]: [voicechat] Server acknowledged connection check
[11Aug2026 20:56:44.935] [Server thread/INFO] [net.minecraft.server.MinecraftServer/]: Saving chunks for level 'ServerLevel[New World]'/minecraft:the_nether
[11Aug2026 20:56:44.935] [Server thread/INFO] [dev.ryanhcode.sable.Sable/]: Saving sub-levels for level 'ServerLevel[New World]'/minecraft:the_nether
[11Aug2026 20:56:44.935] [Server thread/INFO] [net.minecraft.server.MinecraftServer/]: Saving chunks for level 'ServerLevel[New World]'/irons_spellbooks:pocket_dimension
[11Aug2026 20:56:44.935] [Server thread/INFO] [dev.ryanhcode.sable.Sable/]: Saving sub-levels for level 'ServerLevel[New World]'/irons_spellbooks:pocket_dimension
[11Aug2026 20:56:44.935] [Server thread/INFO] [net.minecraft.server.MinecraftServer/]: Saving chunks for level 'ServerLevel[New World]'/minecraft:the_end
[11Aug2026 20:56:44.936] [Server thread/INFO] [dev.ryanhcode.sable.Sable/]: Saving sub-levels for level 'ServerLevel[New World]'/minecraft:the_end
[11Aug2026 20:57:57.420] [Render thread/WARN] [Sodium-VertexConsumerTracker/]: Class com.mojang.blaze3d.vertex.VertexMultiConsumer$Double does not support optimized vertex writing code paths, which may cause reduced rendering performance
[11Aug2026 20:58:58.762] [Render thread/INFO] [net.minecraft.advancements.AdvancementTree/]: Loaded 46 advancements
[11Aug2026 20:59:32.216] [Render thread/WARN] [tacz/]: [TACZ Sound] Missing gun sound resource, skipped. sound=minecraft:p14_sh_charlie725_drop_rattle, path=minecraft:tacz_sounds/p14_sh_charlie725_drop_rattle.ogg
[11Aug2026 20:59:33.316] [Render thread/WARN] [tacz/]: [TACZ Sound] Missing gun sound resource, skipped. sound=minecraft:weap_charlie725_fire_first_plr_02, path=minecraft:tacz_sounds/weap_charlie725_fire_first_plr_02.ogg
[11Aug2026 20:59:33.352] [Render thread/WARN] [tacz/]: [TACZ Sound] Missing gun sound resource, skipped. sound=minecraft:weap_charlie725_fire_first_plr_04, path=minecraft:tacz_sounds/weap_charlie725_fire_first_plr_04.ogg
[11Aug2026 20:59:48.213] [Render thread/WARN] [tacz/]: [TACZ Sound] Missing gun sound resource, skipped. sound=create_armorer:cannon_40mm_salamander/cannon_40mm_salamander_draw, path=create_armorer:tacz_sounds/cannon_40mm_salamander/cannon_40mm_salamander_draw.ogg
[11Aug2026 20:59:51.649] [Render thread/WARN] [tacz/]: [TACZ Sound] Missing gun sound resource, skipped. sound=create_armorer:cannon_40mm_salamander/cannon_40mm_salamander_put_away, path=create_armorer:tacz_sounds/cannon_40mm_salamander/cannon_40mm_salamander_put_away.ogg
[11Aug2026 21:00:42.048] [Server thread/INFO] [net.minecraft.server.MinecraftServer/]: _MrSeven has made the advancement [Monster Hunter]
[11Aug2026 21:00:42.075] [Render thread/INFO] [net.minecraft.client.gui.components.ChatComponent/]: [CHAT] _MrSeven has made the advancement [Monster Hunter]
[11Aug2026 21:00:42.118] [Render thread/INFO] [net.minecraft.advancements.AdvancementTree/]: Loaded 85 advancements
[11Aug2026 21:00:44.152] [Render thread/WARN] [tacz/]: [TACZ Sound] Missing gun sound resource, skipped. sound=create_armorer:pistol_revolver_torque/pistol_revolver_torque_put_away, path=create_armorer:tacz_sounds/pistol_revolver_torque/pistol_revolver_torque_put_away.ogg
[11Aug2026 21:00:51.447] [Render thread/INFO] [net.minecraft.advancements.AdvancementTree/]: Loaded 85 advancements
[11Aug2026 21:01:00.331] [Render thread/WARN] [tacz/]: [TACZ Sound] Missing gun sound resource, skipped. sound=create_armorer:sniper_semi_m1/sniper_semi_m1_reload, path=create_armorer:tacz_sounds/sniper_semi_m1/sniper_semi_m1_reload.ogg
[11Aug2026 21:01:05.265] [Render thread/INFO] [net.minecraft.advancements.AdvancementTree/]: Loaded 85 advancements
[11Aug2026 21:01:18.634] [Server thread/INFO] [net.minecraft.client.server.IntegratedServer/]: Saving and pausing game...
[11Aug2026 21:01:18.646] [Server thread/INFO] [net.minecraft.server.MinecraftServer/]: Saving chunks for level 'ServerLevel[New World]'/minecraft:overworld
[11Aug2026 21:01:18.646] [Server thread/INFO] [dev.ryanhcode.sable.Sable/]: Saving sub-levels for level 'ServerLevel[New World]'/minecraft:overworld
[11Aug2026 21:01:18.665] [Server thread/INFO] [net.minecraft.server.MinecraftServer/]: Saving chunks for level 'ServerLevel[New World]'/minecraft:the_nether
[11Aug2026 21:01:18.665] [Server thread/INFO] [dev.ryanhcode.sable.Sable/]: Saving sub-levels for level 'ServerLevel[New World]'/minecraft:the_nether
[11Aug2026 21:01:18.665] [Server thread/INFO] [net.minecraft.server.MinecraftServer/]: Saving chunks for level 'ServerLevel[New World]'/irons_spellbooks:pocket_dimension
[11Aug2026 21:01:18.665] [Server thread/INFO] [dev.ryanhcode.sable.Sable/]: Saving sub-levels for level 'ServerLevel[New World]'/irons_spellbooks:pocket_dimension
[11Aug2026 21:01:18.665] [Server thread/INFO] [net.minecraft.server.MinecraftServer/]: Saving chunks for level 'ServerLevel[New World]'/minecraft:the_end
[11Aug2026 21:01:18.665] [Server thread/INFO] [dev.ryanhcode.sable.Sable/]: Saving sub-levels for level 'ServerLevel[New World]'/minecraft:the_end
[11Aug2026 21:01:19.284] [Netty Local Client IO #1/INFO] [dev.ryanhcode.sable.Sable/]: Client UDP channel inactive
[11Aug2026 21:01:19.284] [Netty Local Client IO #1/INFO] [dev.ryanhcode.sable.Sable/]: Closed UDP channel!
[11Aug2026 21:01:19.287] [Render thread/INFO] [mezz.jei.library.startup.JeiStarter/]: Stopping JEI
[11Aug2026 21:01:19.287] [Render thread/INFO] [mezz.jei.library.load.PluginCaller/]: Sending Runtime Unavailable...
[11Aug2026 21:01:19.288] [Render thread/INFO] [mezz.jei.neoforge.plugins.neoforge.NeoForgeGuiPlugin/]: Stopping JEI GUI
[11Aug2026 21:01:19.294] [Render thread/INFO] [mezz.jei.library.load.PluginCaller/]: Sending Runtime Unavailable took 6.238 milliseconds
[11Aug2026 21:01:19.684] [Render thread/INFO] [voicechat/]: [voicechat] Clearing audio channels
[11Aug2026 21:01:19.695] [Server thread/INFO] [net.minecraft.server.network.ServerGamePacketListenerImpl/]: _MrSeven lost connection: Disconnected
[11Aug2026 21:01:19.695] [Server thread/INFO] [net.minecraft.server.MinecraftServer/]: _MrSeven left the game
[11Aug2026 21:01:19.697] [Server thread/INFO] [voicechat/]: [voicechat] Disconnecting client _MrSeven
[11Aug2026 21:01:19.710] [Server thread/INFO] [net.minecraft.server.network.ServerCommonPacketListenerImpl/]: Stopping singleplayer server as player logged out
[11Aug2026 21:01:19.712] [Render thread/INFO] [voicechat/]: [voicechat] Stopping microphone thread
[11Aug2026 21:01:19.723] [Render thread/INFO] [voicechat/]: [voicechat] Disconnecting voicechat
[11Aug2026 21:01:19.754] [Server thread/INFO] [net.minecraft.server.MinecraftServer/]: Stopping server
[11Aug2026 21:01:19.755] [Server thread/INFO] [net.minecraft.server.MinecraftServer/]: Saving players
[11Aug2026 21:01:19.755] [Server thread/INFO] [net.minecraft.server.MinecraftServer/]: Saving worlds
[11Aug2026 21:01:20.300] [Server thread/INFO] [net.minecraft.server.MinecraftServer/]: Saving chunks for level 'ServerLevel[New World]'/minecraft:overworld
[11Aug2026 21:01:20.301] [Server thread/INFO] [dev.ryanhcode.sable.Sable/]: Saving sub-levels for level 'ServerLevel[New World]'/minecraft:overworld
[11Aug2026 21:01:20.931] [Server thread/INFO] [net.minecraft.server.MinecraftServer/]: Saving chunks for level 'ServerLevel[New World]'/minecraft:the_nether
[11Aug2026 21:01:20.931] [Server thread/INFO] [dev.ryanhcode.sable.Sable/]: Saving sub-levels for level 'ServerLevel[New World]'/minecraft:the_nether
[11Aug2026 21:01:20.959] [Server thread/INFO] [net.minecraft.server.MinecraftServer/]: Saving chunks for level 'ServerLevel[New World]'/irons_spellbooks:pocket_dimension
[11Aug2026 21:01:20.959] [Server thread/INFO] [dev.ryanhcode.sable.Sable/]: Saving sub-levels for level 'ServerLevel[New World]'/irons_spellbooks:pocket_dimension
[11Aug2026 21:01:20.985] [Server thread/INFO] [net.minecraft.server.MinecraftServer/]: Saving chunks for level 'ServerLevel[New World]'/minecraft:the_end
[11Aug2026 21:01:20.985] [Server thread/INFO] [dev.ryanhcode.sable.Sable/]: Saving sub-levels for level 'ServerLevel[New World]'/minecraft:the_end
[11Aug2026 21:01:21.021] [Server thread/INFO] [net.minecraft.server.MinecraftServer/]: ThreadedAnvilChunkStorage (New World): All chunks are saved
[11Aug2026 21:01:21.021] [Server thread/INFO] [net.minecraft.server.MinecraftServer/]: ThreadedAnvilChunkStorage (DIM-1): All chunks are saved
[11Aug2026 21:01:21.022] [Server thread/INFO] [net.minecraft.server.MinecraftServer/]: ThreadedAnvilChunkStorage (pocket_dimension): All chunks are saved
[11Aug2026 21:01:21.022] [Server thread/INFO] [net.minecraft.server.MinecraftServer/]: ThreadedAnvilChunkStorage (DIM1): All chunks are saved
[11Aug2026 21:01:21.022] [Server thread/INFO] [net.minecraft.server.MinecraftServer/]: ThreadedAnvilChunkStorage: All dimensions are saved
[11Aug2026 21:01:21.084] [Render thread/INFO] [ChunkBuilder/]: Stopping worker threads
[11Aug2026 21:01:22.504] [Render thread/INFO] [net.minecraft.client.Minecraft/]: Stopping!
